index,v_measured,v_pred
0,0.0,0.0
1,0.0,0.0
2,2.27365487,2.1065330140744
3,0.0,0.0
4,2.899e-05,2.453e-05
5,2.899e-05,2.4750000000000002e-05
6,0.0,0.0
7,0.0,0.0
8,5.798e-05,4.928e-05
9,0.0,0.0
10,0.03845296,0.0
11,0.0,0.0
12,0.0,0.0
13,0.0,0.0
14,0.0,0.0
15,0.0,0.0
16,0.0,0.0
17,0.0,0.0
18,0.13,0.11
19,0.0,0.0
20,0.0,0.0
21,0.0,0.0
22,0.0,0.0
23,0.0,0.0
24,0.0,0.0
25,0.0,0.0
26,0.0,0.0
27,0.0,0.0
28,0.0,0.0
29,0.0,0.0
30,0.0,0.0
31,0.0,0.0
32,0.0,0.0
33,0.0,0.0
34,0.0,0.0
35,0.0,0.0
36,0.0,0.0
37,0.0,0.0
38,0.0,0.0
39,0.0,0.0
40,0.0,0.0
41,0.0,0.0
42,0.0,0.0
43,0.0,0.0
44,0.0,0.0
45,0.0,0.0
46,0.0,0.0
47,0.0,0.0
48,0.0,0.0
49,0.0,0.0
50,0.0,0.0
51,0.0,0.0
52,0.0,0.0
53,0.0,0.0
54,0.0,0.0
55,0.0,0.0
56,0.0,0.0
57,0.0,0.0
58,0.0,0.0
59,0.0,0.0
60,0.0,0.0
61,0.0,0.0
62,0.0,0.0
63,0.0,0.0
64,0.0,0.0
65,0.0,0.0
66,0.0,0.0
67,0.0,0.0
68,0.0,0.0
69,0.0,0.0
70,0.0,0.0
71,0.0,0.0
72,0.0,0.0
73,0.0,0.0
74,0.0,0.0004542956279754678
75,0.0,0.0
76,0.0,0.0
77,0.0,0.0
78,0.0,0.0
79,0.0,0.0
80,0.0,0.0
81,0.0,0.0
82,0.0,0.0
83,0.0,0.0
84,0.0,0.0
85,0.0,0.0
86,0.0,0.0
87,0.34751951,0.39784234836211546
88,0.0,0.0
89,0.0,0.0
90,0.0,0.0
91,0.0,0.0
92,0.0,0.0
93,0.0,0.0
94,0.0,0.0
95,0.0,0.0
96,0.0,0.0
97,0.0,0.0
98,0.0,0.05157327615361113
99,0.0,0.0
100,0.0,0.0
101,0.0,0.0
102,0.0,0.0
103,0.0,0.0
104,0.0,0.0
105,0.0,0.0
106,0.0,0.0
107,0.0,0.0
108,0.0,0.0
109,0.0,0.0
110,0.0,0.0
111,0.0,0.0
112,0.0,0.0
113,0.0,0.0
114,0.0,0.0
115,0.0,0.0
116,0.0,0.0
117,0.0,0.0
118,0.0,0.0
119,0.0,0.0
120,0.0,0.0
121,0.0,0.0
122,0.0,0.0
123,0.0,0.0
124,0.0,0.0
125,0.0,0.0
126,1.13728697,1.0544464079468499
127,0.0,0.0
128,0.0,0.0
129,0.0,0.0
130,0.0,0.0
131,0.0,0.0
132,0.0,0.0
133,0.0,0.0
134,0.0,0.0
135,0.0,0.0
136,0.0,0.0
137,0.0,0.0
138,0.0,0.0
139,0.0,0.0
140,0.0,0.0
141,0.0,0.0
142,0.0,0.0
143,0.0,0.0
144,0.0,0.0
145,0.0,0.0
146,0.0,0.0
147,0.0,0.0
148,0.0,0.0
149,0.0,0.0
150,0.0,0.0
151,0.0,0.0
152,0.0,0.0
153,0.0,0.0
154,0.0,0.0
155,0.0,0.0
156,0.0,0.0
157,0.0,0.0
158,0.0,0.0
159,0.0,0.0
160,0.0,0.0
161,0.0,0.0
162,0.0,0.0
163,0.0,0.0
164,0.0,0.0
165,0.0,0.0
166,0.0,0.0
167,0.0,0.0
168,0.0,0.0
169,0.17604015,0.21793517022274905
170,0.0,0.0
171,0.0,0.0
172,0.0,0.0
173,0.0,0.0
174,0.0,0.0
175,0.0,0.0
176,0.0,0.0
177,0.0,0.0
178,0.0,0.0
179,0.0,0.0
180,0.0,0.0
181,0.0,0.0
182,0.0,0.0
183,0.0,0.0
184,0.0,0.0
185,0.0,0.0
186,0.0,0.0
187,0.0,0.0
188,0.0,0.0
189,0.0,0.0
190,0.0,0.0
191,0.0,0.0
192,0.0,0.0
193,0.0,0.0
194,0.0,0.0
195,0.0,0.0
196,0.0,0.0
197,0.0,0.0
198,0.0,0.0
199,0.0,0.0
200,0.0,0.0
201,0.0,0.0
202,0.0,0.0
203,0.0,0.0
204,0.0,0.0
205,0.0,0.0
206,0.0,0.0
207,0.0,0.0
208,0.0,0.0
209,0.0,0.0
210,0.0,0.0
211,0.0,0.0
212,0.0,0.0
213,0.0,0.0
214,0.0,0.0
215,0.0,0.0
216,0.0,0.0
217,0.0,0.0
218,0.0,0.0
219,0.0,0.0
220,0.0,0.0
221,0.0,0.0
222,0.0,0.0
223,0.0,0.0
224,0.0,0.0
225,0.0,0.0
226,0.0,0.0
227,0.0,0.0
228,0.0,0.0
229,0.0,0.0
230,0.0,0.0
231,0.0,0.0
232,0.0,0.0
233,0.0,0.0
234,0.0,0.0
235,0.0,0.0
236,0.0,0.0
237,0.0,0.0
238,0.0,0.0
239,0.0,0.0
240,0.0,0.0
241,0.0,0.0
242,0.0,0.0
243,0.0,0.0
244,0.0,0.0
245,0.0,0.0
246,0.0,0.0
247,0.0,0.0
248,0.0,0.0
249,0.0,0.0
250,0.0,0.0
251,0.0,0.0
252,0.0,0.0
253,0.0,0.0
254,0.0,0.0
255,0.0,0.0
256,0.0,0.0
257,0.0,0.0
258,0.0,0.0
259,0.0,0.0
260,0.0,0.0004542956279754678
261,0.0,0.0
262,0.0,0.0
263,0.0,0.0
264,0.0,0.0
265,0.0,0.0
266,0.0,0.0
267,0.0,0.0
268,0.0,0.0
269,0.0,0.0
270,0.0,0.0
271,0.0,0.0
272,0.0,0.0
273,0.0,0.0
274,0.0,0.0
275,0.0,0.0
276,0.0,0.0
277,0.0,0.0
278,0.0,0.0
279,0.0,0.0
280,0.0,0.0
281,0.0,0.0
282,0.0,0.0
283,0.0,0.0
284,0.0,0.0
285,0.0,0.0
286,0.0,0.0
287,0.0,0.0
288,0.0,0.0
289,0.0,0.0
290,0.0,0.0
291,0.0,0.0
292,0.0,0.0
293,0.0,0.0
294,0.0,0.0
295,0.0,0.0
296,0.0,0.0
297,0.0,0.0
298,0.0,0.0
299,0.0,0.0
300,0.0,0.0
301,0.0,0.0
302,0.0,0.0
303,0.0,0.0
304,0.0,0.0
305,0.0,0.0
306,0.0,0.0
307,0.0,0.0
308,0.0,0.0
309,0.0,0.0
310,0.0,0.0
311,0.0,0.0
312,0.0,0.0
313,0.0,0.0
314,0.0,0.0
315,0.0,0.0
316,0.0,0.0
317,0.0,0.0
318,0.0,0.0
319,0.0,0.0
320,0.0,0.0
321,0.0,0.0
322,0.0,0.0
323,0.0,0.0
324,0.0,0.0
325,0.0,0.0
326,0.0,0.0
327,0.0,0.0
328,0.0,0.0
329,0.0,0.0
330,0.0,0.0
331,0.0,0.0
332,0.0,0.0
333,0.0,0.0
334,0.0,0.0
335,0.0,0.0
336,0.0,0.0
337,0.0,0.0
338,0.0,0.0
339,0.0,0.0
340,0.0,0.0
341,0.0,0.0
342,0.0,0.0
343,0.0,0.0
344,0.0,0.0
345,0.0,0.0
346,0.0,0.0
347,0.0,0.0
348,0.0,0.0
349,0.0,0.0
350,0.0,0.0
351,0.0,0.0
352,0.0,0.0
353,0.0,0.0
354,0.0,0.0
355,0.0,0.0
356,0.0,0.0
357,0.0,0.0
358,0.0,0.0
359,0.0,0.0
360,0.0,0.0
361,0.0,0.0
362,0.0,0.0
363,0.0,0.0
364,0.0,0.0
365,0.0,0.0
366,0.0,0.02629514607757893
367,0.0,0.0
368,0.0,0.016817870196653324
369,2.899e-05,2.4750000000000002e-05
370,0.0,0.0
371,0.0,0.0
372,0.0,0.0004542956279754678
373,0.0,0.009477275880925607
374,0.0,0.008257230197748662
375,0.00505856,0.004280319999452331
376,0.0,0.0
377,0.0,0.0
378,0.0,0.00025503232800924355
379,0.0,0.009477275880925607
380,0.0,0.0
381,0.01659164,0.005781849802251338
382,0.01955564,0.0068147717905542304
383,0.0,0.0
384,0.0,0.008257230197748662
385,0.0,0.0
386,0.0,0.0
387,0.01011712,0.0
388,0.0,0.00973230820893485
389,0.0,0.0
390,0.0,0.0
391,0.0,0.0002200833921467242
392,0.0,0.0
393,0.0,0.0
394,0.0,0.0
395,0.0,0.0
396,0.0,0.0
397,0.0,0.0
398,0.0,0.0
399,0.0,0.0
400,0.0,0.0
401,0.0,0.026075062685432207
402,0.0,0.026075062685432207
403,0.0,0.026075062685432207
404,0.0,0.0
405,0.0,0.0
406,0.0,0.0
407,0.0,0.0
408,0.0,0.0
409,0.0,0.0
410,0.0,0.0
411,0.0,0.0
412,0.0462644,0.013071737312961535
413,0.0,0.0
414,0.0462644,0.013071737312961535
415,0.0,0.0
416,0.0462644,0.013071737312961535
417,0.0462644,0.012851653920814811
418,0.0,0.0
419,0.0,0.0
420,0.0,0.0
421,0.0462644,0.012851653920814811
422,0.0,0.0
423,0.03614728,0.012851653920814811
424,0.0,0.0
425,0.0,0.0
426,0.0,0.0
427,0.0,0.02629514607757893
428,0.03614728,0.012596621592805569
429,0.0,0.0
430,0.0,0.002300102736245523
431,0.0,0.0
432,0.0,0.0
433,0.0,0.016817870196653324
434,0.0,0.009477275880925607
435,0.01011712,0.016817870196653324
436,0.71181698,0.6574755949209048
437,0.0,0.009477275880925607
438,0.0,0.0
439,0.0,0.008257230197748662
440,0.0,0.0
441,0.0,0.0
442,0.0,0.00973230820893485
443,0.0,0.0
444,0.0,0.0
445,0.0,0.0
446,0.0,0.0
447,0.0,0.0
448,0.0,0.0
449,0.0,0.0
450,0.0,0.0
451,0.01011712,0.17510082469571692
452,0.0,0.026075062685432207
453,0.0,0.0
454,0.0,0.026075062685432207
455,0.0,0.0
456,0.0,0.0
457,0.0,0.026075062685432207
458,0.0,0.0
459,0.0,0.0
460,0.0,0.0
461,0.0,0.0
462,0.0,0.02629514607757893
463,0.0,0.0
464,0.0,0.0
465,0.0,0.0
466,0.0,0.016817870196653324
467,0.0,0.009477275880925607
468,0.01011712,0.016817870196653324
469,0.0,0.0
470,0.0,0.0
471,0.0,0.0
472,0.03845296,0.032991415627208726
473,0.03845296,0.032991415627208726
474,0.0,0.009477275880925607
475,0.0,0.008257230197748662
476,0.0,0.00973230820893485
477,0.03776877,0.03195818999938638
478,0.0,0.0
479,0.0,0.0
480,0.0,0.0
481,0.0,0.0
482,0.11365497,0.14774286615361112
483,0.0,0.0
484,0.0,0.0
485,0.0,0.0
486,0.0,0.0
487,0.0,0.026075062685432207
488,0.0,0.0
489,0.0,0.0
490,0.0,0.0
491,0.0,0.0
492,0.0,0.026075062685432207
493,0.0,0.0
494,0.0,0.0
495,0.0,0.0
496,0.0,0.0
497,0.0,0.0
498,0.0,0.0
499,0.0,0.0
500,0.0,0.0
501,0.0,0.0
502,0.0,0.0
503,0.0,0.0
504,0.0,0.0
505,0.0,0.0
506,0.0,0.0
507,0.0,0.0
508,0.0,0.0
509,0.0,0.0
510,0.0,0.0
511,0.0,0.0
512,0.0,0.0
513,0.0,0.0
514,0.0,0.0
515,0.0,0.0
516,0.0,0.0
517,0.0,0.0
518,0.0,0.0
519,0.0,0.0
520,0.0,0.0
521,0.0,0.0
522,0.0,0.0
523,0.0,0.0
524,0.03845296,0.032991415627208726
525,0.0,0.0
526,0.0,0.0
527,0.0,0.0
528,0.0,0.0
529,0.0,0.0
530,0.2080065,0.3969717583682969
531,0.2080065,0.3969717583682969
532,0.0,0.0
533,0.0,0.0
534,0.0,0.0
535,0.0,0.0
536,0.0,0.0
537,0.0,0.0
538,0.0,0.0
539,0.0,0.0
540,0.0,0.0
541,0.0,0.0
542,0.0,0.0
543,0.0,0.0
544,0.0,0.0
545,0.0,0.0
546,0.0,0.0
547,0.0,0.0
548,0.0,0.0
549,0.0,0.0
550,0.0,0.0
551,0.0,0.0
552,0.0,0.0
553,0.0,0.0
554,0.0,0.0
555,0.0,0.0
556,0.0,0.0
557,0.0,0.0
558,0.0,0.0
559,0.00829582,0.0070195399999999995
560,0.0,0.0
561,0.00977782,0.00827353999974454
562,0.0,0.0
563,0.0,0.0
564,0.0,0.0
565,0.0,0.0
566,0.0,0.0
567,0.0,0.0
568,0.0,0.0
569,8.697e-05,7.359000000001226e-05
570,0.0,0.0
571,5.798e-05,4.928e-05
572,8.697e-05,7.359000000001226e-05
573,0.01231594,0.010421179999411834
574,0.0,0.0
575,0.0,0.0
576,0.0,0.0
577,0.06823154,0.22156549236761305
578,0.0,0.0
579,0.0,0.0
580,0.0,0.0
581,0.0,0.0
582,1.05951443,0.0005283256279754678
583,0.0,0.0
584,0.0,0.0
585,0.21996793,0.16096133856811654
586,0.0,0.0
587,0.0,0.0
588,0.0,0.0004542956279754678
589,0.0,0.0
590,0.03896152,0.03342239562795037
591,0.00361244,0.0030566799996449845
592,0.0,0.0
593,0.0,0.0
594,0.00541866,0.004585019999467477
595,0.0,0.0
596,0.0,0.03342239562795037
597,0.28278436,0.0
598,0.28278436,0.03342239562795037
599,0.0,0.0
600,0.0,0.0
601,0.0,0.0
602,0.0,0.0
603,0.0,0.0
604,0.0,0.0
605,0.0,0.0
606,0.0,0.0
607,0.0,0.0
608,0.0,0.0
609,0.0,0.0
610,0.0,0.0
611,0.0,0.0
612,0.0,0.0
613,0.0,0.0
614,0.0,0.0
615,0.0,0.0
616,0.0,0.0
617,0.03222284,0.027720215627975463
618,0.0,0.0
619,0.0,0.0
620,0.0,0.0
621,0.0,0.0
622,0.0,0.0
623,0.0,0.0
624,0.0,0.0
625,0.10378764,0.33044413401733497
626,0.0,0.0
627,0.0,0.0
628,0.0,0.0
629,0.0,0.0
630,0.0,0.0
631,0.0,0.0
632,0.0,0.0
633,0.0,0.0
634,0.0,0.012142862448881813
635,0.03845296,0.0
636,0.03845296,0.0
637,0.0,0.0
638,0.0,0.0
639,0.0,0.0
640,0.0,0.0
641,0.0,0.0
642,0.0,0.0
643,0.0,0.0
644,0.0,0.0
645,0.0,0.0
646,0.0,0.0
647,0.0,0.0
648,0.0,0.0
649,0.0,0.0
650,0.0,0.0
651,2.899e-05,2.453e-05
652,0.0,0.0
653,0.0,0.0
654,0.0,0.0
655,0.0,0.0
656,0.0,0.0
657,0.0,0.0
658,0.0,0.0
659,0.0,0.0
660,0.03133715,0.02651605
661,0.0,0.0
662,0.0,0.0
663,0.0,0.0
664,0.0,0.0
665,0.0,0.0
666,0.0,0.0
667,0.0,0.0
668,0.0,0.0
669,0.0,0.0
670,0.0,0.0
671,0.0,0.0
672,0.0,0.0
673,7.488e-05,6.335999999999495e-05
674,0.0,0.0
675,0.0,0.0
676,0.0,0.0
677,0.13897962,0.11805265562702603
678,0.0,0.0
679,0.0,0.0
680,0.0,0.0
681,0.0,0.0
682,0.00738959,0.00625273
683,0.0,0.0
684,0.00738959,0.00625273
685,0.0,0.0
686,0.0,0.0
687,0.0,0.0
688,0.0,0.0
689,0.0,0.0
690,0.0,0.0
691,0.0,0.0
692,0.0,0.0
693,0.0,0.0
694,0.0,0.0
695,0.0,0.0
696,0.0,0.0
697,0.0,0.0
698,0.0,0.0
699,0.0,0.0
700,0.0,0.0
701,0.0,0.0
702,0.0,0.0
703,0.0,0.0
704,0.0,0.0
705,0.0,0.0
706,0.0,0.0
707,0.0,0.032537119999233255
708,0.0,0.0
709,0.0,0.0
710,0.0,0.0
711,0.0,0.0
712,0.0,0.0
713,0.0,0.0
714,0.0,0.0
715,3.15,3.15
716,0.0,0.0
717,0.0,0.0
718,0.0,0.0
719,0.0,0.0
720,0.01231594,0.010421179999980268
721,0.0,0.0
722,9.4046298,8.331592880383742
723,0.0,0.0
724,0.0,0.0
725,0.0,0.0
726,0.0,0.0
727,0.0,0.0
728,0.0,0.0
729,0.0,0.0
730,0.0,0.0
731,0.0,0.0
732,0.0,0.0
733,0.0,0.0
734,0.0,0.0
735,0.0,0.0
736,1.586e-05,1.342e-05
737,1.586e-05,1.342e-05
738,1.586e-05,1.342e-05
739,0.03222284,0.027720215627975463
740,0.0,0.0
741,0.0,0.0
742,0.0,0.0
743,0.00031057,0.00026279
744,0.0,0.0
745,0.0,0.0
746,0.0,0.0
747,0.0,0.0
748,0.0,0.0
749,0.0,0.0
750,0.0,0.0
751,0.0,0.0
752,0.0,0.0
753,0.0,0.0
754,0.0,0.0
755,0.0,0.0
756,0.0,0.0
757,0.0,0.0
758,0.0,0.0
759,0.0,0.0
760,0.0,0.0
761,0.0,0.0
762,0.0,0.0
763,0.0,0.0
764,0.0,0.0
765,0.0,0.0
766,0.0,0.0
767,0.00067665,0.0005725499997879524
768,0.0,0.0
769,0.0,0.0
770,0.04203992,0.03557223999982604
771,0.04954547,0.04192308999982605
772,2.899e-05,2.453e-05
773,0.0,0.0
774,0.0,0.0
775,0.0,0.0
776,0.0,0.0
777,0.00033833,0.000286275
778,0.0,0.0
779,0.0,0.0
780,0.0,0.0
781,0.0,0.0
782,0.00067665,0.00057255
783,0.0,0.0
784,0.0,0.0
785,0.0,0.0
786,0.0,0.0
787,0.0,0.0
788,0.0,0.0
789,0.0,0.0
790,0.0,0.0
791,0.0,0.0
792,0.0,0.0
793,0.0,0.0
794,0.0,0.0
795,0.0,0.0
796,0.0,0.0
797,3.25e-06,0.0
798,0.0,0.0
799,0.0,0.0
800,0.0,0.0
801,0.0,0.0
802,0.0,0.0
803,3.25e-06,0.0
804,0.0,0.0
805,0.0,0.0
806,0.0,0.0
807,0.0,0.0
808,0.0,0.0
809,0.0,0.0
810,0.0,0.0
811,0.0,0.0
812,0.0,0.0
813,0.0,0.0
814,0.0,0.0
815,0.0,0.0
816,0.0,0.0
817,0.0,0.0
818,0.0,0.0
819,0.0,0.0
820,0.0,0.0
821,0.0,0.0
822,0.0,0.0
823,0.0,0.0
824,0.0,0.0
825,0.0,0.0
826,0.0,0.0
827,0.0,0.0
828,0.0,0.0
829,0.0,0.0
830,0.0,0.0
831,0.0,0.0
832,0.0,0.0
833,3.172e-05,2.684e-05
834,0.0,0.0
835,0.0,0.0
836,0.0,0.0
837,0.0,0.0
838,0.0,0.0
839,0.0,0.0
840,0.0,0.0
841,0.0,0.0
842,0.03222284,0.027720215627975463
843,0.0,0.0
844,2.899e-05,2.453e-05
845,0.0,0.0
846,0.0,0.0
847,0.0,0.0
848,0.0,0.0
849,0.0,0.0
850,0.02000817,0.017384505627975468
851,5.798e-05,4.906e-05
852,0.0,0.0
853,0.0,0.0
854,0.0,0.0
855,0.0,0.0
856,0.0,0.0
857,0.0,0.0
858,0.0,0.0
859,0.0,0.0
860,0.0,0.0
861,0.0,0.0
862,0.0,0.0
863,0.0,0.0
864,5.40653993,5.10751231986409
865,0.0,0.0
866,0.0,0.0
867,0.0,0.0
868,0.0,0.0
869,0.0,0.0
870,0.0,0.0
871,0.0,0.0
872,0.0,0.0
873,0.0,0.0
874,0.0,0.0
875,0.0,0.0
876,0.0,0.0
877,0.2080065,0.3969717583682969
878,0.0,0.0
879,0.0,0.0
880,0.0,0.0
881,0.0,0.0
882,0.0,0.0
883,0.0,0.0
884,0.0,0.0
885,0.0,0.0
886,0.02351765,0.019899549999196867
887,0.0,0.0
888,0.0,0.0
889,0.0,0.0
890,0.0,0.0
891,0.0,0.0
892,0.0,0.0
893,0.0,0.0
894,0.0,0.0
895,0.0,0.0
896,0.0,0.9879197289382398
897,0.0,0.0
898,0.81560462,0.9879197289382398
899,0.81560462,0.9879197289382398
900,0.0,0.0
901,0.02086825,0.017657749999999996
902,0.0,0.0
903,0.0,0.0
904,0.0,0.0
905,9.217e-05,7.799e-05
906,0.0,0.0
907,0.0,0.0
908,0.0,0.0
909,0.0,0.0
910,9.217e-05,7.799e-05
911,0.0,0.0
912,0.0,0.0
913,0.0,0.0
914,0.0,0.0
915,0.0,0.0
916,0.0,0.0
917,0.0,0.0
918,0.00180622,0.0015283399998224922
919,0.0,0.0
920,0.0,0.0
921,0.0,0.0
922,0.0,0.0
923,0.0,0.0
924,0.0,0.0
925,0.0,0.0
926,0.0,0.0
927,0.04461093,0.0377477100000192
928,0.04822337,0.04080438999966418
929,0.0,0.0
930,0.0,0.0
931,0.0,0.0
932,0.0,0.0
933,0.0,0.0
934,0.04954547,0.04192308999982605
935,0.0,0.0
936,0.0,0.0
937,0.0,0.0
938,0.0,0.0
939,0.00829582,0.0070195399999999995
940,0.0,0.0
941,0.0,0.0
942,0.0,0.0
943,0.00977782,0.00827353999974454
944,0.0,0.0
945,0.0,0.0
946,0.0,0.0
947,0.0,0.0
948,0.0,0.0
949,0.0,0.0
950,0.0,0.0
951,0.00011596,9.812e-05
952,0.11365497,0.14774286615361112
953,0.0,0.0
954,0.03776877,0.03195818999938638
955,0.0,0.0
956,0.0,0.0
957,0.0,0.0
958,0.0,0.0
959,0.0,0.0
960,0.0,0.0
961,0.0,0.0
962,0.0,0.0
963,0.0,0.0
964,0.0,0.0
965,0.0,0.0
966,0.0,0.0
967,0.0,0.0
968,0.0,0.0
969,0.0,0.0
970,0.0,0.0
971,0.04822337,0.04080438999966418
972,0.04822337,0.04080438999966418
973,0.0,0.0
974,8.697e-05,7.359000000001226e-05
975,8.697e-05,7.359000000001226e-05
976,0.0,0.0
977,0.0,0.0
978,8.697e-05,7.359000000001226e-05
979,0.0,0.0
980,0.0,0.0
981,0.0,0.0
982,8.697e-05,7.359000000001226e-05
983,0.0,0.0
984,0.0,0.0
985,0.0,0.0
986,8.697e-05,7.359000000001226e-05
987,0.0,0.0
988,0.0,0.0
989,0.0,0.0
990,0.0,0.0
991,0.0,0.0
992,0.0,0.0
993,0.0,0.0
994,0.0,0.0
995,0.0,0.0
996,0.0,0.0
997,0.0,0.0
998,0.0,0.0
999,7.488e-05,6.335999999999495e-05
1000,7.488e-05,6.335999999999495e-05
1001,0.81560462,0.9879197289382398
1002,0.0,0.0
1003,5.798e-05,4.905999999999834e-05
1004,0.03845296,0.032537119999233255
1005,8.697e-05,7.359000000001226e-05
1006,5.798e-05,4.928e-05
1007,0.0,0.0
1008,0.0,0.0
1009,0.0,0.0
1010,0.0,0.0
1011,0.0,0.0
1012,0.03845296,0.032537119999233255
1013,0.0,0.0
1014,0.04954547,0.04192308999982605
1015,0.0,0.0
1016,0.0,0.0
1017,0.0,0.0
1018,0.0,0.0
1019,0.04954547,0.04192308999982605
1020,0.0,0.0
1021,0.0,0.0
1022,0.0,0.0
1023,0.0,0.0
1024,0.0,0.0
1025,0.00340158,0.0028782599997612124
1026,0.0,0.0
1027,0.0,0.0
1028,0.0,0.0
1029,0.0,0.0
1030,0.0,0.0
1031,0.0,0.0
1032,0.0,0.0
1033,0.0,0.0
1034,0.0,0.0
1035,0.0,0.0
1036,0.0,0.0
1037,0.0,0.0
1038,0.0,0.0
1039,0.00031057,0.00026279
1040,0.00036855,0.00031185
1041,0.0,0.0
1042,3.614e-05,3.058e-05
1043,3.614e-05,3.058e-05
1044,0.0,0.0
1045,0.0,0.0
1046,2.899e-05,2.453e-05
1047,0.0,0.0
1048,0.0,0.0
1049,0.0,0.0
1050,0.0,0.0
1051,0.0,0.016817870196653324
1052,0.0,0.0
1053,0.0,0.016817870196653324
1054,0.0,0.0
1055,0.0,0.0
1056,0.0,0.0
1057,0.0,0.0
1058,0.0,0.0
1059,0.0,0.0
1060,0.0,0.009477275880925607
1061,0.0,0.0
1062,0.0,0.008257230197748662
1063,0.0,0.0
1064,0.0,0.0
1065,0.0,0.009477275880925607
1066,0.0,0.0
1067,0.0,0.008257230197748662
1068,0.0,0.0
1069,0.0,0.00973230820893485
1070,0.0,0.0
1071,0.0,0.0
1072,0.0,0.0
1073,0.0,0.0
1074,0.0,0.0
1075,0.0462644,0.012851653920814811
1076,0.03614728,0.012851653920814811
1077,0.03614728,0.012596621592805569
1078,0.0,0.0
1079,0.0,0.03342732601146148
1080,0.0,0.03342732601146148
1081,0.0,0.0
1082,0.0,0.0
1083,0.0,0.0
1084,0.0,0.0
1085,0.0,0.026075062685432207
1086,0.0,0.0
1087,0.0,0.026075062685432207
1088,0.0,0.0
1089,0.0,0.0
1090,0.0,0.0
1091,0.0,0.0
1092,0.98410186,0.9814099258519352
1093,0.0,0.026075062685432207
1094,0.0,0.0
1095,0.0,0.0
1096,0.0,0.0
1097,0.0,0.0
1098,0.0,0.0
1099,0.0,0.0
1100,0.0,0.0
1101,0.0,0.0
1102,0.0,0.0
1103,0.0,0.0
1104,0.0,0.0
1105,0.0,0.0
1106,0.0,0.0
1107,0.0462644,0.013071737312961535
1108,2.899e-05,2.453e-05
1109,0.0462644,0.013071737312961535
1110,0.0462644,0.013071737312961535
1111,0.0,0.0
1112,0.0,0.0
1113,0.0,0.0
1114,0.0462644,0.012851653920814811
1115,0.0,0.0
1116,0.00031889,0.0
1117,0.0,0.0
1118,0.0,0.0
1119,0.0,0.0
1120,0.0,0.0
1121,0.0,0.0
1122,0.0,0.0
1123,0.0,0.0
1124,0.0,0.0
1125,0.0,0.0
1126,0.0,0.0
1127,2.899e-05,2.453e-05
1128,0.0,0.0
1129,0.0,0.0
1130,0.0,0.0
1131,0.0,0.0
1132,0.0,0.0
1133,0.0,0.0
1134,0.0,0.0
1135,0.0,0.0
1136,0.0,0.0
1137,0.0,0.0
1138,0.0,0.0
1139,0.0,0.0
1140,0.0,0.0
1141,0.0,0.0
1142,0.00031889,0.0
1143,0.0,0.0
1144,0.0,0.0
1145,0.0,0.0
1146,0.0,0.0
1147,0.0,0.0
1148,0.0,0.0
1149,0.0,0.0
1150,0.0,0.0
1151,0.0,0.0
1152,0.0,0.0
1153,0.0,0.0
1154,0.0,0.0
1155,0.0,0.0
1156,0.01011712,0.0
1157,0.0,0.0
1158,0.0,0.0
1159,0.0,0.0
1160,0.0,0.0
1161,0.0,0.0
1162,0.0,0.0
1163,0.0,0.0
1164,0.0,0.0
1165,0.1066845,0.3107834627406379
1166,0.0,0.0
1167,0.0,0.0
1168,0.0,0.00025503232800924355
1169,0.01659164,0.005781849802251338
1170,0.01955564,0.0068147717905542304
1171,0.0,0.0
1172,0.0,0.0
1173,0.0,0.0
1174,0.0,0.0
1175,0.0,0.0
1176,0.0,0.0
1177,0.01228344,0.0103936799987423
1178,0.0,0.0
1179,0.0,0.0
1180,0.0,0.0002200833921467242
1181,0.0,0.0
1182,0.0,0.0
1183,0.0,0.0
1184,0.0,0.0
1185,0.0,0.0
1186,0.00046384,0.0003924800000000009
1187,0.0,0.0
1188,0.0,0.0
1189,0.0,0.0
1190,0.0,0.0
1191,0.0,0.0
1192,0.0,0.0
1193,0.0,0.0
1194,0.0,0.0
1195,0.0,0.0
1196,0.0,0.0
1197,0.0,0.0
1198,0.0,0.0
1199,0.0,0.0
1200,0.00829582,0.0070195399999999995
1201,0.00977782,0.00827353999974454
1202,0.0,0.0
1203,0.2841657,0.035524845922223824
1204,0.0,0.0
1205,0.0,0.04786080525334732
1206,0.0,0.0
1207,0.0,0.0
1208,0.0,0.0
1209,0.0,0.0
1210,0.0,0.0
1211,0.0,0.0
1212,0.0,0.0
1213,0.0,0.0
1214,0.0,0.0
1215,0.0,0.0
1216,0.0,0.0
1217,0.0,0.0
1218,0.0,0.0
1219,0.0,0.0
1220,0.0,0.0
1221,0.0,0.0
1222,0.0,0.0
1223,0.0,0.0
1224,0.0,0.0
1225,0.0,0.0
1226,0.0,0.0
1227,0.0,0.0
1228,0.0,0.0
1229,0.0,0.0
1230,0.0,0.0
1231,0.0,0.0
1232,0.0,0.0
1233,0.0,0.0
1234,0.0,0.0
1235,0.03254394,0.0
1236,0.02873715,0.024316050000038558
1237,0.00208793,0.00176671
1238,0.02873715,0.024316050000038558
1239,0.0,0.0
1240,0.03168308,0.026808760000000015
1241,0.0,0.0
1242,0.0,0.0
1243,0.63563543,0.07265167262990734
1244,0.00208793,0.00176671
1245,0.0,0.0
1246,0.0,0.0
1247,0.0,0.0
1248,0.0,0.0
1249,0.0,0.0
1250,0.0,0.0
1251,0.0,0.0
1252,0.0,0.0
1253,0.0,0.0
1254,0.0,0.0
1255,0.0,0.0
1256,0.0,0.0
1257,0.0,0.0
1258,0.0,0.0
1259,0.0,0.0
1260,0.0,0.0
1261,0.0,0.0
1262,0.0,0.0
1263,0.0,0.0
1264,0.0,0.0
1265,0.0,0.0
1266,0.0,0.0
1267,0.0,0.0
1268,0.0,0.0
1269,0.0,0.0
1270,0.0,0.0
1271,0.0,0.0
1272,0.0,0.0
1273,0.0,0.0
1274,0.0,0.0
1275,0.0,0.0
1276,0.0,0.0
1277,0.0,0.0
1278,0.0,0.0
1279,0.0,0.0
1280,0.0,0.0
1281,0.0,0.0
1282,0.0,0.0
1283,0.0,0.0
1284,0.0,0.0
1285,0.0,0.0
1286,0.0,0.0
1287,0.0,0.0
1288,0.0,0.0
1289,0.0,0.0
1290,0.0,0.0
1291,0.01745796,0.04109773262882358
1292,0.0,0.0
1293,0.0,0.0
1294,0.0,0.0
1295,0.0,0.0
1296,0.0,0.0
1297,0.0,0.0
1298,0.01745796,0.04109773262882358
1299,0.0,0.0
1300,0.0,0.0
1301,0.0,0.0
1302,0.0,0.0
1303,0.11889605,0.10060434999872259
1304,0.0,0.0
1305,0.0,0.0
1306,0.0,0.0
1307,0.0,0.0
1308,0.0,0.0
1309,0.0,0.0
1310,0.02873715,0.024316050000038558
1311,0.0,0.0
1312,0.0,0.0
1313,0.0,0.0
1314,0.0,0.0
1315,0.0,0.0
1316,0.0,0.0
1317,0.0,0.0
1318,1.09499524,1.0119948549499567
1319,0.0,0.0
1320,0.0,0.0
1321,0.0,0.0
1322,0.0,0.0
1323,0.0,0.0
1324,2.899e-05,2.4530000000000038e-05
1325,0.0,0.0
1326,2.899e-05,0.008699482898054318
1327,0.0,0.0
1328,0.0,0.00026983000000001223
1329,0.0,0.0
1330,0.00046384,0.00039248
1331,0.00046384,0.00039248
1332,0.0,0.0
1333,0.0,0.0
1334,8.697e-05,7.359000000001226e-05
1335,0.0,0.0
1336,0.0,0.0
1337,0.0,0.0
1338,0.0,0.0
1339,0.0,0.0
1340,0.0,0.0
1341,0.0,0.0
1342,0.0,0.0
1343,0.0,0.0
1344,0.0,0.0
1345,0.0,0.0
1346,0.0,0.0
1347,0.0,0.0
1348,0.0,0.0
1349,0.0,0.0
1350,0.01228344,0.0103936799987423
1351,0.0,0.0
1352,0.0,0.0
1353,0.0,0.0
1354,0.0,0.0
1355,0.0,0.0
1356,0.0,0.0
1357,0.0,0.0
1358,0.0,0.0
1359,0.0,0.0
1360,0.0,0.0
1361,0.0,0.0
1362,0.0,0.0
1363,0.0,0.0
1364,0.0,0.0
1365,0.0,0.0
1366,0.0,0.0
1367,0.0,0.0
1368,0.0,0.0
1369,0.0,0.0
1370,0.0,0.0
1371,0.0,0.0
1372,0.0,0.0
1373,0.0,0.0
1374,0.0,0.0
1375,0.0,0.0
1376,0.0,0.06388757215708579
1377,0.0,0.0
1378,0.0,0.0
1379,0.0,0.0
1380,0.0,0.0
1381,0.0,0.0
1382,0.0,0.0
1383,0.0,0.0
1384,0.0,0.0
1385,0.0,0.0
1386,0.0,0.0
1387,0.0,0.0
1388,0.0,0.0
1389,0.0,0.0
1390,0.0,0.0
1391,0.0,0.0
1392,0.0,0.0
1393,0.0,0.0
1394,8.697e-05,7.359000000001226e-05
1395,0.0,0.0
1396,0.0,0.0
1397,0.0,0.0
1398,0.0,0.0
1399,0.0,0.0
1400,0.0,0.0
1401,0.0,0.0
1402,0.0,0.0
1403,0.0,0.0
1404,0.0,0.0
1405,0.0,0.0
1406,0.0462644,0.013071737312961535
1407,0.0462644,0.013071737312961535
1408,0.0462644,0.013071737312961535
1409,0.0462644,0.012851653920814811
1410,0.0462644,0.012851653920814811
1411,0.03614728,0.012851653920814811
1412,0.0,0.0
1413,0.0,0.0
1414,0.0,0.0
1415,0.04645134,0.1668952186867843
1416,0.0,0.0
1417,0.03614728,0.012596621592805569
1418,0.0,0.0
1419,0.0,0.0
1420,2.899e-05,2.453e-05
1421,0.0,0.0
1422,0.0,0.0
1423,0.0,0.0
1424,0.01011712,0.17510082469571692
1425,0.0,0.0
1426,0.00067665,0.00057255
1427,0.04712799,0.1674677686867843
1428,0.0,0.0
1429,0.0,0.0
1430,0.0,0.0
1431,0.0,0.0
1432,0.0,0.0
1433,0.0,0.0
1434,0.0,0.0
1435,0.0,0.0
1436,0.0,0.0
1437,0.0,0.0
1438,0.0,0.0
1439,0.0,0.0
1440,0.0,0.0
1441,0.0,0.0
1442,0.03168308,0.026808760000000015
1443,0.0,0.0
1444,0.0,0.0
1445,0.63563543,0.03922434661844595
1446,0.0,0.0
1447,0.0,0.0
1448,0.0,0.0
1449,0.0,0.0
1450,0.0,0.0
1451,0.0,0.0
1452,0.0,0.0
1453,0.0,0.0
1454,0.0,0.0
1455,0.0,0.0
1456,0.0,0.0
1457,0.0,0.0
1458,0.0,0.0
1459,0.0,0.0
1460,0.0,0.0
1461,0.0,0.0
1462,0.0,0.0
1463,0.0,0.0
1464,0.0,0.0
1465,0.0,0.0
1466,0.0,0.0
1467,0.0,0.0
1468,0.0,0.0
1469,0.01231594,0.010421179999980268
1470,0.0,0.0
1471,0.01231594,0.010421179999980268
1472,0.0,0.0
1473,0.0,0.0
1474,0.0,0.0
1475,0.0,0.0
1476,0.0,0.0
1477,0.0,0.0
1478,0.0,0.0
1479,0.0,0.0
1480,0.0,0.0
1481,0.0,0.0
1482,0.0,0.0
1483,0.0,0.0
1484,5.798e-05,4.906e-05
1485,0.0,0.0
1486,0.0,0.0
1487,3.614e-05,3.058e-05
1488,0.0,0.0
1489,0.0,0.0
1490,0.0,0.0
1491,0.0,0.0
1492,0.0,0.0
1493,0.0,0.0
1494,0.0,0.0
1495,0.0,0.0
1496,0.0,0.0
1497,0.0,0.0
1498,0.0,0.0
1499,0.0,0.0
1500,0.0,0.0
1501,0.0,0.0
1502,0.0,0.0
1503,0.0,0.0
1504,0.0,0.0
1505,0.0,0.0
1506,8.697e-05,7.359000000001226e-05
1507,0.0,0.0
1508,0.0,0.0
1509,0.0,0.0
1510,0.0,0.0
1511,0.0,0.0
1512,0.0,0.0
1513,0.0,0.0
1514,0.0,0.0
1515,0.0,0.0
1516,0.0,0.0
1517,0.0,0.0
1518,0.0,0.0
1519,0.0,0.0
1520,0.0,0.0
1521,8.697e-05,7.359000000001226e-05
1522,5.798e-05,4.905999999999834e-05
1523,0.0,0.0
1524,0.07074808,0.05986375999938638
1525,0.02000817,0.017384505627975468
1526,0.13559264,0.08238593338122283
1527,0.00050752,0.00042944
1528,0.0,0.0
1529,0.00027443,0.00023221
1530,0.01231594,0.010421179999980268
1531,1.17573993,1.0561807405796915
1532,0.0,0.0
1533,0.05856903,0.10113168615361114
1534,0.0,0.0
1535,0.0,0.0
1536,0.00101504,0.00085888
1537,0.0,0.0
1538,0.0,0.0
1539,0.0,0.0
1540,0.0,0.0
1541,0.0,0.0
1542,0.05856903,0.10113168615361114
1543,0.0,0.0
1544,0.0,0.0
1545,0.00252928,0.0021401599997261656
1546,0.00252928,0.0021401599997261656
1547,0.0,0.0
1548,0.0,0.0
1549,0.0,0.0
1550,0.0,0.0
1551,0.0,0.0
1552,0.03776877,0.03195818999938638
1553,0.0,0.0
1554,0.0,0.026075062685432207
1555,0.0,0.0
1556,0.00505856,0.004280319999452331
1557,0.00505856,0.004280319999452331
1558,0.0,0.0
1559,0.0,0.0
1560,0.0,0.0
1561,0.00505856,0.004280319999452331
1562,0.0,0.0
1563,0.0,0.0
1564,0.0,0.0
1565,0.02537509,0.02147123
1566,0.0,0.0
1567,0.02537509,0.021471229999406205
1568,0.0,0.0
1569,0.0,0.0
1570,3.718e-05,2.8996943335330408e-05
1571,3.38e-05,2.6136943335330404e-05
1572,3.38e-06,3.08e-06
1573,3.38e-05,2.6136943335330404e-05
1574,3.38e-05,2.6136943335330404e-05
1575,0.2080065,0.3402909079945053
1576,0.0,0.0
1577,0.0,0.0
1578,0.0,0.0
1579,0.0,0.056680850373791614
1580,0.00023439,0.00018869777334132163
1581,0.0,0.0
1582,0.0,0.0
1583,0.0,0.0
1584,0.0,0.0
1585,0.0,0.0
1586,0.0,0.0
1587,0.0,0.0
1588,0.0,0.0
1589,0.0,0.0
1590,0.0,0.0
1591,0.0,0.0
1592,0.0,0.0
1593,0.01231594,0.010421179999980268
1594,0.0,0.0
1595,0.0,0.0
1596,0.0,0.0
1597,0.0,0.0
1598,0.01231594,0.010421179999980268
1599,0.00738959,0.00625273
1600,0.00252928,0.0021401599997261656
1601,0.0,0.0
1602,0.0,0.0
1603,0.0,0.0
1604,0.0,0.0
1605,0.0,0.0
1606,0.0,0.0
1607,0.0,0.0
1608,0.0,0.0
1609,0.0,0.0
1610,0.0,0.0
1611,0.0,0.0
1612,0.0,0.0
1613,0.03168308,0.02507442736715837
1614,0.0,0.0
1615,0.0,0.0
1616,0.0,0.0
1617,0.0,0.0
1618,0.0,0.0
1619,0.0,0.0
1620,0.01936714,0.014653247367746536
1621,0.0,0.0
1622,0.0,0.0
1623,0.0,0.0
1624,0.0,0.0
1625,0.0,0.08238593338122283
1626,0.0,0.0
1627,0.0,0.0
1628,0.0,0.0
1629,0.05856903,0.10113168615361114
1630,0.0,0.0
1631,0.13559264,0.0
1632,0.0,0.0
1633,0.0,0.0
1634,0.0,0.0
1635,0.0,0.0
1636,0.0,0.0
1637,0.0,0.0
1638,0.0,0.0
1639,0.0,0.0
1640,0.0,0.0
1641,0.0,0.0
1642,0.0,0.0
1643,0.0,0.0
1644,0.0,0.0
1645,0.0,0.0
1646,0.0,0.0
1647,0.0,0.0
1648,0.0,0.0
1649,0.0,0.0
1650,0.0,0.0
1651,0.0,0.0
1652,0.0,0.0
1653,0.0,0.0
1654,0.0,0.0
1655,8.697e-05,0.056754440373791626
1656,0.0,0.0
1657,0.0,0.0
1658,0.0,0.0
1659,0.0,0.0
1660,0.0,0.0
1661,0.0,0.0
1662,0.0,0.0
1663,0.0,0.0
1664,0.0,0.0
1665,0.0,0.0
1666,0.0,0.0
1667,0.0,0.0
1668,0.00031057,0.00026279
1669,0.0,0.0
1670,0.0,0.0
1671,0.0,0.0
1672,0.0,0.0
1673,0.0,0.0
1674,0.0,0.0
1675,0.00011596,0.0005530756279754678
1676,0.0,0.0
1677,0.0,0.0
1678,0.0,0.0003664208807272429
1679,0.0,0.0
1680,0.0,0.0
1681,0.0,0.0
1682,0.0,0.0
1683,0.0,0.0
1684,0.0,0.0
1685,0.02006615,0.017433785627975467
1686,0.0,0.0
1687,0.0,0.0
1688,0.0,0.0
1689,0.0,0.0
1690,0.0,0.0
1691,0.0,0.0
1692,0.0,0.0
1693,0.0,0.0
1694,0.0,0.0
1695,0.0,0.0
1696,0.0,0.0
1697,0.0,0.0
1698,0.0,0.0
1699,0.0,0.0003664208807272429
1700,0.0,0.0
1701,0.0,0.0
1702,0.0,0.0
1703,0.0,0.0
1704,0.0,0.0
1705,0.0,0.0
1706,0.0,0.0
1707,0.0,0.0
1708,0.0,0.0
1709,0.0,0.0
1710,0.0,0.0
1711,0.0,0.0
1712,0.0,0.0
1713,0.00112775,0.00095425
1714,0.0,0.0
1715,0.00112775,0.0009542499997223786
1716,0.0,0.0
1717,0.0,0.0
1718,0.0,0.0
1719,0.0,0.0
1720,0.0,0.0
1721,0.0,0.0
1722,0.0,0.0
1723,0.0,0.0
1724,0.01011712,0.17510060469571692
1725,0.0,0.0
1726,0.0,0.0
1727,0.0,0.0
1728,0.0,0.0
1729,0.00180622,0.0015283399998224922
1730,0.0,0.0
1731,0.0,0.0
1732,0.0,0.0
1733,0.0,0.0
1734,0.0,0.0
1735,0.0,0.0
1736,0.0,0.0
1737,0.0,0.0
1738,0.0,0.0
1739,0.0,0.0
1740,0.0,0.0
1741,0.0,0.0
1742,0.0,0.0
1743,0.0,0.0
1744,0.0,0.0
1745,0.0,0.0
1746,0.0,0.0
1747,0.0,0.0
1748,0.0,0.0
1749,0.0,0.0
1750,0.0,0.0
1751,0.0,0.0
1752,0.0,0.0
1753,0.0,0.0
1754,1.28200388,1.4211884501805523
1755,0.0,0.0
1756,0.0,0.0
1757,0.0,0.0
1758,0.0,0.0
1759,0.0,0.0
1760,0.0,0.0
1761,0.0,0.0
1762,0.0,0.0
1763,0.0,0.0
1764,0.0,0.0
1765,0.0,0.0
1766,0.0,0.0
1767,0.00031057,0.00026279
1768,0.00031057,0.00026279
1769,0.0,0.0
1770,0.0,0.0
1771,0.0,0.0
1772,0.0,0.0
1773,0.0,0.0
1774,0.0,0.0
1775,0.0,0.0
1776,0.0,0.0
1777,6.344e-05,5.368e-05
1778,0.00252928,0.0021401599997261656
1779,0.0,0.0
1780,0.0,0.0
1781,8.983e-05,7.601e-05
1782,0.00252928,0.0021401599997261656
1783,0.0,0.0
1784,0.0,0.0
1785,0.0,0.0
1786,0.0,0.0
1787,0.0,0.0
1788,1.677e-05,1.419e-05
1789,1.677e-05,1.419e-05
1790,0.0,0.0
1791,0.0,0.0
1792,1.586e-05,1.342e-05
1793,0.0,0.0
1794,7.488e-05,6.335999999999495e-05
1795,0.0,0.0
1796,3.172e-05,2.684e-05
1797,0.00180622,0.0015283399998224922
1798,0.0,0.0
1799,0.0,0.0
1800,0.0,0.0
1801,8.983e-05,7.601e-05
1802,0.0,0.006190426870255237
1803,0.0,0.0
1804,3.172e-05,2.684e-05
1805,6.344e-05,5.368e-05
1806,0.0,0.0
1807,0.0,0.0
1808,0.0,0.0
1809,0.0,0.0
1810,0.0,0.0
1811,0.0,0.0
1812,0.0,0.0
1813,0.0,0.0
1814,0.0,0.0
1815,0.0,0.0004542956279754678
1816,0.01237392,0.010200409999411821
1817,0.01237392,0.010200409999411821
1818,0.02006615,0.017433785627975467
1819,0.0,0.0
1820,0.0,0.0
1821,5.798e-05,4.928e-05
1822,0.0,0.0
1823,0.0,0.0
1824,4.199e-05,3.553e-05
1825,0.0,0.0
1826,4.199e-05,3.553e-05
1827,0.0,0.0
1828,0.0,0.0
1829,0.0,0.0
1830,0.00029614,0.0002505799999958924
1831,0.00029614,0.0002505799999958924
1832,0.0,0.0
1833,0.0,0.0
1834,5.33781556,4.8291187971226845
1835,0.0,0.0
1836,0.0,0.0
1837,0.0,0.0
1838,0.0,0.0
1839,0.0,0.0
1840,0.0,0.0
1841,0.0,0.0
1842,0.0,0.0
1843,0.0,0.0
1844,0.0,0.0
1845,0.0,0.0
1846,0.0,0.0
1847,5.811e-05,4.9170000000000005e-05
1848,0.00029614,0.0002505799999958924
1849,0.0,0.0
1850,0.0,0.0
1851,0.0,0.0
1852,0.0,0.0
1853,0.0,0.0
1854,0.0,0.0
1855,0.0,0.0
1856,0.0,0.0
1857,0.0,0.0
1858,0.0,0.0
1859,0.0,0.0
1860,0.0,0.0
1861,0.00029614,0.0002505799999958924
1862,0.0,0.0
1863,0.00029614,0.0002505799999958924
1864,0.0,0.0
1865,0.0,0.0
1866,0.0,0.0
1867,0.0,0.0
1868,0.0,0.0
1869,0.0,0.0
1870,0.0,0.0
1871,0.0,0.0
1872,0.0,0.0
1873,0.0,0.0
1874,0.0,0.0
1875,0.0,0.0
1876,0.10350769,0.08803816562797548
1877,0.05188521,0.043902869998742294
1878,0.0,0.0
1879,0.0,0.0
1880,0.0,0.0
1881,0.02351765,0.019899549999196867
1882,0.0,0.0
1883,0.00340158,0.0028782599997612124
1884,0.0,0.0
1885,0.0,0.0
1886,0.0,0.0
1887,0.0,0.0
1888,0.0,0.0
1889,0.0,0.0
1890,0.0,0.0
1891,0.0,0.0
1892,0.0,0.0
1893,0.0,0.0
1894,0.0,0.0
1895,0.0,0.0
1896,1.17573993,1.0544464079468499
1897,0.0,0.0
1898,0.0,0.0
1899,0.0,0.0
1900,0.0,0.0
1901,0.0,0.0
1902,0.0,0.0
1903,0.0,0.0
1904,0.0,0.0
1905,0.0,0.0
1906,0.0,0.0
1907,0.0,0.0
1908,0.0,0.0
1909,0.0,0.0
1910,0.0,0.0
1911,0.0,0.0
1912,0.0,0.0
1913,0.0,0.0
1914,0.0,0.0
1915,0.0,0.0
1916,0.0,0.0
1917,0.0,0.0
1918,0.0,0.0
1919,0.0,0.0
1920,0.0,0.0
1921,0.0,0.0
1922,0.0,0.0
1923,0.0,0.0
1924,0.0,0.0
1925,0.0,0.0
1926,0.0,0.0
1927,0.0,0.0
1928,0.0,0.0
1929,0.0,0.0
1930,0.0,0.0
1931,0.0,0.0
1932,0.0,0.0
1933,0.0,0.00045429562797547063
1934,0.0,0.0
1935,0.0,0.0
1936,0.0,0.0
1937,0.0,0.0
1938,0.0,0.0
1939,0.0,0.0
1940,0.0,0.0
1941,0.0,0.32980433681513877
1942,0.0,0.0
1943,0.0,0.0
1944,0.0,0.0
1945,0.0,0.0
1946,0.03845296,0.0
1947,0.0,0.0
1948,0.0,0.0
1949,0.0,0.0
1950,0.0,0.0
1951,0.0,0.0
1952,0.0,0.0
1953,0.0,0.0
1954,0.0,0.0
1955,0.0,0.0
1956,0.0,0.0
1957,0.0,0.0
1958,0.02873715,0.024316050000038558
1959,0.0,0.0
1960,0.0,0.0
1961,0.0,0.0
1962,0.0,0.0
1963,0.0,0.0
1964,0.0,0.0
1965,0.0,0.0
1966,0.0,0.0
1967,0.0,0.0
1968,0.0,0.0
1969,0.0,0.0
1970,0.0,0.0
1971,0.0,0.0
1972,0.0,0.0
1973,0.0,0.0
1974,0.0,0.0
1975,0.0,0.0
1976,0.0,0.0
1977,0.0,0.0
1978,0.0,0.0
1979,0.0,0.0
1980,2.70382097,2.554588815812772
1981,2.70382097,2.554588815812772
1982,0.0,0.0
1983,0.0,0.0
1984,0.0,0.0
1985,0.0,0.0
1986,0.03845296,0.032537119999233255
1987,0.0,0.0
1988,7.488e-05,6.335999999999495e-05
1989,0.0,0.0
1990,0.0,0.0
1991,0.0,0.0
1992,0.0,0.0
1993,0.0,0.0
1994,2.899e-05,2.453e-05
1995,0.0,0.0
1996,0.0,0.0
1997,0.0,0.0
1998,0.0,0.0
1999,0.0,0.0
2000,0.0,0.0
2001,0.0,0.0
2002,0.0,0.0
2003,0.0,0.0
2004,2.899e-05,2.453e-05
2005,0.0,0.0
2006,0.0,0.0
2007,0.0,0.0
2008,0.0,0.0
2009,0.0,0.0
2010,0.0,0.0
2011,0.0,0.0
2012,0.0,0.0
2013,0.0,0.0
2014,0.05856903,0.10113168615361114
2015,0.0,0.0
2016,0.0,0.0
2017,0.0,0.0
2018,0.0,0.0
2019,0.0,0.0
2020,0.00361244,0.0030566799996449845
2021,0.03222284,0.027720215627975463
2022,0.0,0.0
2023,0.0,0.0
2024,0.0,0.0
2025,0.0,0.0
2026,0.0,0.0
2027,0.0,0.0
2028,0.0,0.0
2029,0.0,0.0
2030,2.899e-05,2.453e-05
2031,0.15506378,0.26642349430711076
2032,2.899e-05,2.453e-05
2033,0.0,0.0
2034,2.899e-05,2.453e-05
2035,2.899e-05,2.453e-05
2036,0.0,0.0
2037,0.0,0.0
2038,0.0,0.0
2039,0.0,0.0
2040,0.0,0.0
2041,0.0,0.0
2042,0.0,0.0
2043,0.0,0.0
2044,0.0,0.0
2045,0.0,0.0
2046,0.0,0.0
2047,0.0,0.0
2048,0.0,0.0
2049,0.0,0.0
2050,0.0,0.0
2051,0.00597298,0.00505406
2052,0.0027378,0.0023165999997445397
2053,0.0,0.0
2054,0.0,0.0
2055,0.0,0.0
2056,0.0,0.0
2057,0.0,0.0
2058,0.0,0.0
2059,0.0,0.0
2060,0.0,0.0
2061,0.11089338,0.03058492909802149
2062,0.0,0.0
2063,0.0,0.0
2064,0.0,0.0
2065,0.63563543,0.07265167262990734
2066,0.0,0.0
2067,0.0,0.0
2068,0.0,0.0
2069,0.0,0.0
2070,0.0,0.0
2071,2.899e-05,2.453e-05
2072,0.0,0.0
2073,0.0,0.0
2074,0.0,0.0
2075,0.0,0.0
2076,0.0,0.0
2077,0.0,0.0
2078,0.0,0.0
2079,0.0,0.0
2080,0.0,0.0
2081,0.0,0.0
2082,0.0,0.0
2083,0.0,0.0
2084,0.0,0.0
2085,0.0,0.0
2086,0.0,0.0
2087,0.0,0.0
2088,0.0,0.0
2089,0.0,0.0
2090,0.0,0.0
2091,0.0,0.0
2092,0.0,0.0
2093,0.0,0.0
2094,0.0,0.0
2095,0.0,0.0
2096,0.0,0.0
2097,0.0,0.0
2098,0.0,0.0
2099,0.0,0.0
2100,0.0,0.0
2101,0.0,0.0
2102,0.0,0.0
2103,0.0,0.0
2104,0.0,0.0
2105,0.0,0.0
2106,0.0,0.0
2107,0.0,0.0
2108,0.0,0.0
2109,0.0,0.0
2110,0.0,0.0
2111,0.0,0.0
2112,0.0,0.0
2113,0.0,0.0
2114,0.0,0.0
2115,0.0,0.0
2116,0.0,0.0
2117,0.0,0.0
2118,0.0,0.0
2119,0.0,0.0
2120,0.0,0.0
2121,0.0,0.0
2122,0.0,0.0
2123,0.0,0.0
2124,0.0,0.0
2125,0.0,0.0
2126,0.0,0.0
2127,0.0,0.0
2128,0.0,0.0
2129,0.0,0.0
2130,0.0,0.0
2131,0.0,0.0
2132,0.0,0.0
2133,0.0,0.0
2134,0.0,0.0
2135,0.0,0.0
2136,0.0,0.0
2137,0.0,0.0
2138,0.0,0.0
2139,0.0,0.0
2140,0.0,0.0
2141,0.0,0.0
2142,0.0,0.0
2143,0.0,0.0
2144,5.798e-05,4.906e-05
2145,0.0,0.0
2146,0.0,0.0
2147,0.0,0.0
2148,0.0,0.0
2149,0.12540203,0.10610940999904672
2150,2.899e-05,2.453e-05
2151,7.488e-05,6.335999999999495e-05
2152,0.12540203,0.10610940999904672
2153,0.0,0.0
2154,0.0,0.0
2155,0.0,0.0
2156,0.0,0.0
2157,0.0,0.0
2158,0.0,0.0
2159,0.0,0.0
2160,0.0,0.0
2161,0.0,0.0
2162,0.01073657,0.00908479
2163,0.0,0.0
2164,0.0,0.0
2165,0.0,0.0
2166,0.0,0.0
2167,0.0,0.0
2168,0.0,0.0
2169,0.0,0.0
2170,0.0,0.0
2171,0.0,0.0
2172,0.0,0.0
2173,0.0,0.0
2174,0.0,0.0
2175,0.00023192,0.00019624
2176,0.34141679,0.23311909088012664
2177,0.0,0.0
2178,0.0,0.0
2179,0.0,0.0
2180,0.0,0.0
2181,0.0,0.0
2182,7.488e-05,6.335999999999495e-05
2183,0.0,0.0
2184,0.0,0.0
2185,0.0,0.0
2186,0.0,0.0
2187,0.0,0.0
2188,0.0,0.0
2189,0.34001768,0.049049333380658484
2190,0.81560462,0.9879197289382398
2191,7.488e-05,6.335999999999495e-05
2192,0.01795547,0.01519309
2193,0.02408445,0.02037914999982604
2194,0.0,0.0
2195,2.899e-05,2.453e-05
2196,0.0,0.0
2197,0.0,0.0
2198,0.0,0.0
2199,0.0,0.0
2200,0.0,0.0
2201,0.0,0.0
2202,2.899e-05,0.02996477605357146
2203,2.899e-05,2.453e-05
2204,0.00738959,0.00625273
2205,0.01231594,0.010421179999980268
2206,0.0,0.0
2207,0.01231594,0.010421179999980268
2208,2.899e-05,2.453e-05
2209,0.01231594,0.010421179999980268
2210,0.0,0.0
2211,0.0,0.0
2212,0.0,0.0
2213,0.0,0.0
2214,0.0,0.0
2215,0.0,0.0
2216,0.0,0.0
2217,0.0,0.0
2218,0.0,0.0
2219,0.0,0.0
2220,0.0,0.0
2221,0.04954547,0.04192308999982605
2222,0.0,0.0
2223,0.0,0.0
2224,0.63046091,0.041947619999826054
2225,0.0,0.007101713380832438
2226,0.0,0.0
2227,0.0,0.0
2228,0.0,2.463056664669592e-06
2229,0.0,2.463056664669592e-06
2230,0.0,0.0
2231,0.0,0.0
2232,0.0,0.0
2233,0.0,2.463056664669592e-06
2234,0.0,0.0
2235,0.0,2.463056664669592e-06
2236,0.0,0.0
2237,0.0,0.0
2238,0.00829582,0.0070195399999999995
2239,0.51746517,0.6160099223442356
2240,0.00977782,0.00827353999974454
2241,0.03222284,0.027720215627975463
2242,0.0,0.0
2243,0.0,0.0
2244,0.0,0.0
2245,0.0,0.0
2246,0.0,0.0
2247,0.0,0.0
2248,0.0,0.0
2249,0.0,9.852226658678368e-06
2250,0.0,0.0
2251,0.04822337,0.04080438999966418
2252,0.0,0.0
2253,0.0,0.0
2254,0.0,0.0
2255,0.0,0.0
2256,0.0,0.0
2257,0.11089338,0.03058492909802149
2258,0.0,0.0
2259,0.11089338,0.03058492909802149
2260,0.0,0.0
2261,0.0,0.0
2262,0.0,0.0
2263,0.0,0.0
2264,0.0,0.0
2265,0.0,0.0
2266,0.0,0.0
2267,0.0,0.0
2268,0.0,0.0
2269,0.0,0.0
2270,0.00829582,0.0070195399999999995
2271,0.0,0.0
2272,0.0,0.0
2273,0.03222284,0.027720215627975463
2274,0.00977782,0.00827353999974454
2275,0.0,0.0
2276,0.0,0.0
2277,0.0,0.0
2278,0.16799751,0.002406263090144004
2279,0.0,0.0
2280,0.0,0.0
2281,0.0,0.0
2282,7.488e-05,6.335999999999495e-05
2283,0.0,0.0
2284,0.0,0.0
2285,0.0,0.0
2286,0.0,0.0
2287,0.0,0.0
2288,0.0,0.0
2289,0.0,0.0
2290,0.0,0.0
2291,0.0,0.0
2292,0.0,0.0
2293,0.0,0.0
2294,0.0,0.0
2295,0.0,0.0
2296,0.0,0.0
2297,0.0,0.0
2298,0.0,0.0
2299,2.899e-05,2.453e-05
2300,2.899e-05,2.453e-05
2301,0.24382284,0.0
2302,0.81560462,0.0
2303,0.04954547,0.04192308999982605
2304,0.0,0.0
2305,0.04954547,0.04192308999982605
2306,0.02000817,0.017384505627975468
2307,0.0,0.0
2308,0.0,0.0
2309,0.0,0.0
2310,0.0,0.0
2311,0.0,0.0
2312,0.1162255,0.06773268601347629
2313,0.0,0.9879197289382398
2314,0.0,0.0
2315,0.0,0.0
2316,0.0,0.0
2317,0.0,0.0
2318,0.0,0.0
2319,0.0,0.0
2320,0.0,0.0
2321,0.03278678,0.028197395627975463
2322,0.03278678,0.028197395627975463
2323,0.0,0.0
2324,0.0,0.0
2325,0.0,0.0
2326,0.0,0.0
2327,0.0,0.0
2328,0.0,0.0
2329,0.0,0.0
2330,0.0,0.0
2331,0.0,0.0
2332,0.0,0.0
2333,0.0,0.0
2334,0.0,0.0
2335,0.0,0.0
2336,0.0,0.0
2337,0.02003066,0.018683352632817805
2338,0.0,0.0004542956279754678
2339,0.0,0.0
2340,0.02003066,0.018683352632817805
2341,0.0,0.0004542956279754678
2342,0.0,0.0
2343,0.0,0.0
2344,0.0,0.0
2345,0.0,0.0
2346,0.0,0.0
2347,0.0,0.0
2348,0.0,0.0
2349,0.0,0.0
2350,0.03776877,0.03195818999938638
2351,0.0,0.0
2352,0.07074808,0.05986375999938638
2353,0.0,0.0
2354,0.0,0.0
2355,0.0,0.0
2356,0.0,0.0
2357,0.0,0.0
2358,0.0,0.0
2359,0.0,0.0
2360,0.0,0.0
2361,0.0,0.0
2362,0.0,0.0
2363,0.0,0.0
2364,0.06831851,0.27831993274140465
2365,0.0,0.0
2366,0.0,0.0
2367,0.0,0.0
2368,0.0,0.0
2369,0.0,0.0
2370,0.0,0.0
2371,0.0,0.0
2372,0.0,0.0
2373,0.0,0.0
2374,0.0,0.0
2375,0.0,0.0
2376,2.899e-05,2.453e-05
2377,0.0,0.0
2378,0.34001768,0.041947619999826054
2379,0.0,0.0
2380,2.899e-05,2.453e-05
2381,0.0,0.0
2382,0.29044322,0.0
2383,0.00011596,9.812e-05
2384,0.0,0.0
2385,0.0,0.0
2386,0.0,0.0
2387,0.0,0.0
2388,0.0,0.0
2389,0.0,0.0
2390,0.03222284,0.027720215627975463
2391,0.0,0.0
2392,0.0,0.009477275880925607
2393,0.0,0.0
2394,0.34001768,0.041947619999826054
2395,0.0,0.0
2396,0.0,0.0
2397,0.0,0.0
2398,0.00340158,0.0028782599997612124
2399,0.0,0.0
2400,0.0,0.0
2401,0.0,0.0
2402,0.0,0.0
2403,0.0,0.0
2404,5.798e-05,4.906e-05
2405,2.899e-05,2.453e-05
2406,2.899e-05,2.453e-05
2407,0.0,0.0
2408,0.0,0.0
2409,0.0,0.0
2410,0.0,0.0
2411,0.0,0.0
2412,0.0,0.0
2413,0.0,0.0
2414,0.0,0.0
2415,0.0,0.0
2416,0.0,0.0
2417,0.0,0.0
2418,0.0,0.0
2419,0.0,0.0
2420,0.0,0.0
2421,0.03222284,0.028086636508702707
2422,0.0,0.0
2423,0.0,0.0
2424,0.0,0.0
2425,0.00252928,0.0021401599997261656
2426,0.0,0.0
2427,0.0,0.0
2428,0.0,0.0
2429,0.0,0.0
2430,0.0,0.0
2431,0.0,0.0
2432,0.0,0.0
2433,0.0,0.0
2434,0.0,0.8163869272456076
2435,0.04822337,0.04080438999966418
2436,0.0,0.0
2437,0.0,0.0
2438,0.00340158,0.0028782599997612124
2439,0.0,0.0
2440,0.0,0.0
2441,0.0,0.0
2442,0.0,0.0
2443,0.00738959,0.00625273
2444,0.0,0.0
2445,0.0,0.0
2446,0.00340158,0.0028782599997612124
2447,0.0,0.0
2448,0.0,0.0
2449,0.0,0.0
2450,0.0,0.0
2451,0.0,0.0
2452,0.0,0.0
2453,0.0,0.0
2454,0.0,0.0
2455,0.0,0.0
2456,0.0,0.0
2457,0.0,0.0
2458,2.899e-05,2.453e-05
2459,0.0,0.0
2460,0.0,0.0
2461,0.0,0.0
2462,0.0,0.0
2463,0.0,0.0
2464,0.0,0.0
2465,0.0,0.0
2466,0.0,0.0
2467,0.00505856,0.004280319999452331
2468,0.00361244,0.0030566799996449845
2469,0.0,0.0
2470,0.0,0.0
2471,0.0,0.0
2472,0.0,0.0
2473,0.0,0.0
2474,0.03960177,0.033509189999999994
2475,0.0,0.0
2476,0.0,0.0
2477,0.03960177,0.033509189999999994
2478,0.0,0.0
2479,0.0,0.0
2480,0.00505856,0.004280319999452331
2481,0.0,0.0
2482,0.03960177,0.033509189999999994
2483,0.00252928,0.0021401599997261656
2484,0.00361244,0.0030566799996449845
2485,0.0,0.30875093419047495
2486,0.01228344,0.0103936799987423
2487,0.0,0.0
2488,0.00361244,0.0030566799996449845
2489,0.00361244,0.0030566799996449845
2490,0.00361244,0.0030566799996449845
2491,0.0,0.0
2492,0.0,0.0
2493,0.0,0.0
2494,0.0,0.0
2495,0.0,0.0
2496,0.0,0.30340170397702343
2497,0.0,0.0
2498,0.00361244,0.0030566799996449845
2499,0.00361244,0.0030566799996449845
2500,7.15e-06,6.0500000000000005e-06
2501,0.0,0.0
2502,0.0,0.0
2503,1.17573993,1.0544464079468499
2504,0.0,0.0
2505,0.0,0.0
2506,0.0,0.0
2507,5.798e-05,4.928e-05
2508,0.0,0.0
2509,0.0,0.0
2510,0.0,0.0
2511,0.0,0.0
2512,0.0,0.0
2513,0.0,0.0
2514,0.0,0.0
2515,0.0,0.0
2516,0.0,0.0017343326328416453
2517,0.0,0.0
2518,0.0,0.0
2519,0.0,0.0
2520,0.0,0.0
2521,0.0,0.0
2522,0.0,0.0
2523,0.0,0.0
2524,0.0,0.0
2525,0.0,0.0
2526,0.0,0.0
2527,0.0,0.0
2528,0.0,0.0
2529,0.0,0.0
2530,0.0,0.0
2531,0.0,0.0
2532,0.0,0.0
2533,0.0,0.0
2534,0.0,0.0
2535,0.0,0.0
2536,0.0,0.0
2537,0.0,0.0
2538,0.0,0.0
2539,0.0,0.0
2540,0.0,0.0
2541,0.0,0.0
2542,0.0,0.0
2543,4.433e-05,3.751e-05
2544,0.0,0.0
2545,4.433e-05,3.751e-05
2546,0.0,0.0
2547,0.00361244,0.0030566799996449845
2548,0.00505856,0.004280319999452331
2549,0.0,0.0
2550,0.0,0.0
2551,0.0,0.0
2552,0.0,0.0
2553,0.0,0.0
2554,0.0,0.0
2555,0.04574349,0.038706029999371144
2556,0.0,0.0
2557,0.0,0.0
2558,0.0,0.0
2559,0.0,0.0
2560,2.899e-05,2.453e-05
2561,5.798e-05,4.906e-05
2562,0.0,0.0
2563,2.899e-05,2.453e-05
2564,0.0,0.0
2565,0.0,0.0
2566,0.0,0.0
2567,0.0,0.0
2568,0.0,0.0
2569,0.0,0.0
2570,0.0,0.0
2571,0.0,0.0
2572,0.03845296,0.0
2573,0.0,0.0
2574,0.0,0.0
2575,0.0,0.0
2576,0.0,0.0
2577,0.0,0.0
2578,0.0,0.0
2579,0.0,0.0
2580,0.00340158,0.0028782599999999997
2581,0.00351221,0.00297187
2582,0.00351221,0.00297187
2583,0.0,0.0
2584,3.25e-06,0.0
2585,0.01745796,0.04109773262882358
2586,0.04712799,0.1674677686867843
2587,0.0,0.0
2588,0.0,0.0
2589,0.0,0.0
2590,0.0,0.0
2591,0.13559264,0.08238593338122283
2592,0.02537509,0.021471229999406205
2593,9.217e-05,7.799e-05
2594,0.28278436,0.03342239562795037
2595,0.00112775,0.0009542499997223786
2596,0.0,0.0
2597,8.983e-05,7.601e-05
2598,1.677e-05,1.419e-05
2599,0.0,0.0
2600,0.00029614,0.0002505799999958924
2601,0.0,0.0
2602,0.00067665,0.0005725499997879524
2603,0.0,0.0
2604,0.0,0.0
2605,4.199e-05,3.553e-05
2606,2.70382097,2.554588815812772
2607,0.00067665,0.00057255
2608,0.12540203,0.10610940999904672
2609,0.81560462,0.9879197289382398
2610,0.0,0.0
2611,4.433e-05,3.751e-05
2612,0.0,0.0
2613,0.0,0.0
2614,0.0,0.0
2615,0.0,0.0
2616,0.0,0.0
2617,0.0,0.0
2618,0.03278678,0.028197395627975463
2619,0.0,0.0
2620,0.0,0.0
2621,0.0,0.0
2622,0.0,0.0
2623,0.0,0.0
2624,0.0,0.0
2625,0.00340158,0.0028782599997612124
2626,0.0,0.0
2627,0.0,0.0
2628,0.03960177,0.033509189999999994
2629,0.0,0.0
2630,0.00208793,0.00176671
2631,0.0,0.0
2632,0.0,0.0
2633,0.0,0.0
2634,0.0,0.0
2635,0.0,0.0004542956279754678
2636,0.0,0.0
2637,0.0,0.0
2638,0.0,0.0
2639,0.0,0.0
2640,0.0,0.0
2641,0.0,0.0
2642,0.0,0.0
2643,0.0,0.0
2644,0.0,0.0
2645,0.0,0.0
2646,0.0,0.0
2647,0.0,0.002300102736245523
2648,0.0,0.0
2649,0.0,0.0
2650,0.0,0.0
2651,0.0,0.0
2652,0.0,0.0
2653,0.0,0.0
2654,0.0,0.0
2655,0.0,0.0
2656,0.0,0.0
2657,0.0,0.0
2658,0.0,0.0
2659,0.0,0.0
2660,0.0,0.0
2661,0.0,0.0
2662,0.0,0.0
2663,0.0,0.0
2664,0.16799751,0.002406263090144004
2665,0.0,0.0
2666,0.0,0.0
2667,0.0,0.0
2668,0.0,0.0
2669,0.0462644,0.013071737312961535
2670,0.0,0.0
2671,0.0462644,0.013071737312961535
2672,0.0462644,0.013071737312961535
2673,0.0462644,0.012851653920814811
2674,0.0462644,0.012851653920814811
2675,0.0,0.0
2676,0.0,0.0
2677,0.03614728,0.012596621592805569
2678,0.01659164,0.005781849802251338
2679,0.0,0.0
2680,0.0,0.0
2681,0.0,0.0
2682,0.0,0.0
2683,0.0,0.0
2684,0.0,0.0
2685,0.0,0.0
2686,0.03845296,0.032991415627208726
2687,0.0,0.0
2688,0.0,0.0
2689,0.03845296,0.032991415627208726
2690,0.34751951,0.39784234836211546
2691,0.34751951,0.39784234836211546
2692,0.0,0.0
2693,0.0,0.0
2694,0.0,0.0
2695,0.0,0.0
2696,0.0,0.0
2697,0.0,0.0
2698,0.0,0.0
2699,0.0,0.0
2700,0.0,0.0
2701,0.0,0.0
2702,0.0,0.0
2703,0.0,0.0
2704,0.0,0.0
2705,0.0,0.0
2706,0.0,0.0
2707,0.07557628,0.0
2708,0.0,0.0
2709,0.0,0.0
2710,0.0,0.0
2711,0.0,0.0
2712,0.0,0.0
2713,0.0,0.0
2714,0.0,0.0
2715,0.0,0.0
2716,0.0,0.012142862448881813
2717,1.13728697,1.0544464079468499
2718,1.13728697,1.0544464079468499
2719,0.0,0.0
2720,0.0,0.0
2721,0.0,0.0
2722,0.0,0.0
2723,0.0,0.0
2724,0.0,0.0
2725,0.0,0.0
2726,0.0,0.0
2727,0.0,0.0
2728,0.0,0.0
2729,0.24018176,0.2036852356262593
2730,0.00067665,0.00057255
2731,0.0,0.0
2732,0.0,0.0
2733,0.0,0.0
2734,0.0,0.0
2735,0.0,0.0
2736,0.0,0.0
2737,0.0,0.0
2738,0.0,0.0
2739,0.0,0.0
2740,0.0,0.0
2741,0.0,0.0
2742,0.0,0.0
2743,0.0,0.0
2744,0.0,0.0
2745,0.0,0.0
2746,0.0,0.0
2747,0.0,0.0
2748,0.0,0.0
2749,0.0,0.0
2750,0.0,0.0
2751,0.0,0.0
2752,2.27365487,2.1065330140744
2753,2.27333598,2.1065330140744
2754,0.0,0.0
2755,0.0,0.0
2756,0.0,0.0
2757,0.0,0.0
2758,0.0,0.0
2759,0.0,0.0
2760,0.0,0.0
2761,0.0,0.0
2762,0.0,0.0
2763,0.0,0.0
2764,0.0,0.0
2765,0.0,0.0
2766,0.0,0.0
2767,0.0,0.0
2768,0.0,0.0
2769,0.0,0.0
2770,0.0,0.0
2771,0.0,0.0
2772,0.0,0.0
2773,0.0,0.0
2774,0.0,0.0
2775,0.0,0.0
2776,0.0,0.0
2777,0.0,0.0
2778,0.0,0.0
2779,0.0,0.0
2780,0.0,0.0
2781,0.0,0.0
2782,0.0,0.0
2783,0.0,0.0
2784,0.0,0.00025503232800924355
2785,0.01955564,0.0068147717905542304
2786,0.0,0.0
2787,0.0,0.0
2788,0.0,0.0
2789,0.0,0.0
2790,0.0,0.0
2791,0.0,0.0
2792,0.0,0.0
2793,0.0,0.0
2794,0.0,0.0
2795,0.0,0.0
2796,0.0,0.0
2797,0.0,0.0
2798,0.0,0.0
2799,0.0,0.0
2800,0.0,0.0
2801,0.0,0.0
2802,0.0,0.0
2803,0.0,0.0
2804,0.0,0.0
2805,0.0,0.0
2806,0.0,0.0
2807,0.0,0.0
2808,0.0,0.0
2809,0.0,0.0
2810,0.0,0.0
2811,0.0,0.0
2812,0.0,0.0
2813,0.0,0.0
2814,0.0,0.0
2815,0.0,0.0
2816,0.0,0.0
2817,0.0,0.0
2818,0.0,0.0
2819,0.0,0.0
2820,0.0,0.0
2821,0.0,0.0
2822,0.0,0.0
2823,0.0,0.0
2824,0.0,0.0
2825,0.0,0.0
2826,0.0,0.0
2827,0.0,0.0
2828,0.0,0.0
2829,0.0,0.0
2830,0.0,0.0
2831,0.0,0.0
2832,0.13897962,0.11805265562702603
2833,0.0,0.0
2834,0.0,0.0
2835,0.0,0.0
2836,0.0,0.0
2837,0.0,0.0
2838,0.0,0.0
2839,0.0,0.0
2840,0.0,0.0
2841,0.0,0.0
2842,0.0,0.0
2843,0.0,0.0
2844,0.0,0.0
2845,0.0,0.0
2846,0.0,0.0
2847,0.0,0.0
2848,0.0,0.0
2849,0.0,0.0
2850,0.0,0.0
2851,0.0,0.0
2852,0.0,0.0
2853,0.0,0.0
2854,0.0,0.0
2855,0.0,0.0
2856,0.0,0.0
2857,0.0,0.0
2858,0.0,0.0
2859,0.0,0.0
2860,0.0,0.0
2861,0.0,0.0
2862,0.0,0.0
2863,0.0,0.0
2864,0.0,0.0
2865,0.0,0.0
2866,0.0,0.0
2867,0.0,0.0
2868,0.0,0.0
2869,0.0,0.0
2870,0.0,0.0
2871,0.0,0.0
2872,0.01807364,0.01529307999974454
2873,0.0,0.0
2874,0.0,0.0
2875,0.0,0.0
2876,0.0,0.0
2877,0.0,0.0
2878,0.0,0.0
2879,0.0,0.0
2880,0.0,0.0
2881,0.0,0.03616548652969851
2882,0.0,0.0
2883,0.0,0.0
2884,0.0,0.0
2885,0.0,0.0
2886,0.0,0.0
2887,0.0,0.0
2888,0.0,0.0
2889,0.0,0.0
2890,0.0,0.0
2891,0.0,0.0
2892,0.0,0.0
2893,0.0,0.0
2894,0.0,0.0
2895,0.0,0.0
2896,0.0,0.0
2897,0.0,0.0
2898,0.0,0.0
2899,0.0,0.0
2900,0.0,0.0
2901,0.0,0.0
2902,0.0,0.0
2903,0.0,0.0
2904,0.0,0.0
2905,0.0,0.0
2906,0.0,0.0
2907,0.0,0.0
2908,0.0,0.0
2909,0.0,0.0
2910,0.0,0.0
2911,0.0,0.0
2912,0.85883642,0.7163961921299621
2913,0.00361244,0.0030566799996449845
2914,0.0,0.00894478289805433
2915,0.0,0.0
2916,0.0,0.0
2917,0.0,0.0
2918,0.0,0.0
2919,0.0,0.0
2920,0.0,0.0
2921,0.0,0.0
2922,0.0,0.0
2923,0.0,0.0
2924,0.0,0.0
2925,0.0,0.0
2926,0.0,0.0
2927,0.0,0.0
2928,0.0,0.0
2929,0.0,0.0
2930,0.0,0.0
2931,0.0,0.0
2932,0.0,0.0
2933,0.0,0.0
2934,0.0,0.0
2935,0.0,0.0
2936,0.0,0.0
2937,0.0,0.0
2938,0.0,0.0
2939,0.0,0.0
2940,0.0,0.0
2941,0.0,0.0
2942,0.0,0.0
2943,0.0,0.0
2944,0.0,0.0
2945,0.0,0.0
2946,0.0,0.0
2947,0.0,0.0
2948,0.0,0.0
2949,0.0,0.0
2950,0.0,0.0
2951,0.0,0.0
2952,0.0,0.0
2953,0.0,0.0
2954,0.0,0.0
2955,0.0,0.0
2956,0.0,0.0
2957,0.0,0.0
2958,0.0,0.0
2959,0.0,0.0
2960,0.0,0.0
2961,0.0,0.0
2962,0.0,0.0
2963,0.0,0.0
2964,0.0,0.0
2965,0.0,0.0
2966,0.0,0.0
2967,0.0,0.0
2968,0.0,0.0
2969,0.0,0.0
2970,0.09075625,0.07724826562736185
2971,0.0,0.0
2972,0.0,0.0
2973,0.0,0.0
2974,0.0,0.0
2975,0.05856903,0.10113168615361114
2976,0.05856903,0.10113168615361114
2977,0.0,0.0
2978,0.11365497,0.14774286615361112
2979,0.0,0.0
2980,0.0,0.0
2981,0.0,0.0
2982,0.0,0.0
2983,0.0,0.0
2984,0.0,0.0
2985,0.0,0.0
2986,0.0,0.0
2987,0.0,0.0
2988,0.0,0.0
2989,0.0,0.0
2990,0.0,0.0
2991,0.0,0.0
2992,0.0,0.0
2993,0.0,0.0
2994,0.03776877,0.03195818999938638
2995,0.0,0.0
2996,0.0,0.0
2997,0.01231594,0.010421179999411834
2998,0.0,0.0
2999,0.0,0.0
3000,0.0,0.0
3001,0.0,0.0
3002,0.0,0.0
3003,0.0,0.0
3004,0.0,0.0
3005,0.0,0.0
3006,0.0,0.0
3007,0.0,0.0
3008,0.0,0.05157327615361113
3009,0.0,0.05157327615361113
3010,0.0,0.0
3011,0.0,0.0
3012,0.0,0.0
3013,0.0,0.0
3014,0.0,0.0
3015,0.0,0.0
3016,0.0,0.0
3017,0.0,0.0
3018,0.0,0.0
3019,0.0,0.0
3020,0.0,0.0
3021,0.0,0.0
3022,0.0,0.0
3023,0.0,0.0
3024,0.0,0.0
3025,0.0,0.0
3026,0.0,0.0
3027,0.0,0.0
3028,0.0,0.0
3029,0.0,0.0
3030,0.0,0.0
3031,0.0,0.0
3032,0.0,0.0
3033,0.0,0.0
3034,0.0,0.0
3035,0.0,0.0
3036,0.0,0.0
3037,0.0,0.0
3038,0.0,0.0
3039,0.0,0.0
3040,1.17523241,1.0536505470661226
3041,0.0,0.0
3042,0.0,0.0
3043,0.0,0.006190426870255237
3044,0.0,0.0
3045,0.0,0.0
3046,0.17604015,0.21793517022274905
3047,0.17604015,0.21793517022274905
3048,0.0,0.0
3049,0.0,0.0
3050,0.0,0.0
3051,0.0,0.0
3052,0.0,0.0
3053,0.0,0.0
3054,0.0,0.0
3055,0.0,0.0
3056,0.0,0.0
3057,0.0,0.0
3058,0.0,0.0
3059,0.0,0.0
3060,0.0,0.0
3061,0.0,0.0
3062,0.0,0.0
3063,0.0,0.0
3064,0.0,0.0
3065,0.0,0.0
3066,0.0,0.0
3067,0.0,0.0
3068,0.0,0.0
3069,0.0,0.0
3070,0.0,0.32980433681513877
3071,0.0,0.0
3072,0.0,0.0
3073,0.0,0.0
3074,0.0,0.0
3075,0.0,0.0
3076,0.0,0.0
3077,0.0,0.0
3078,0.0,0.0
3079,0.0,0.0
3080,0.0,0.0
3081,0.01228344,0.0103936799987423
3082,0.61817747,0.031553940001083754
3083,1.09499524,1.0119948549499567
3084,0.98410186,0.9814099258519352
3085,0.0,0.0
3086,0.0,0.0
3087,0.0,0.0
3088,0.02408445,0.02037914999982604
3089,0.0,0.0
3090,0.0,0.0
3091,0.0,0.0
3092,0.0,0.0
3093,0.0,0.0
3094,0.0,0.0
3095,0.0,0.0
3096,0.0,0.0
3097,0.0,0.0
3098,0.0,0.0
3099,0.0,0.0
3100,0.0,0.0
3101,0.0,0.0
3102,0.35081826,0.2734151811988748
3103,0.0,0.0
3104,0.0,0.0
3105,0.0,0.0
3106,0.0,0.0
3107,0.0,0.0
3108,0.0,0.02994024605357146
3109,0.0,0.0
3110,0.0,0.0
3111,0.0,0.0
3112,0.0,0.0
3113,0.0,0.0
3114,0.0,0.0
3115,0.0,0.0
3116,0.0,0.0
3117,0.0,0.0
3118,0.0,0.0
3119,0.0,0.0
3120,0.0,0.0
3121,0.04822337,0.04080438999966418
3122,0.0,0.0
3123,0.0,0.0
3124,0.0,0.0
3125,0.0,0.0
3126,0.0,0.0
3127,0.0,0.0
3128,0.0,0.0
3129,0.0,0.0
3130,0.0,0.0
3131,0.0,0.0
3132,0.0,0.0
3133,0.0,0.0
3134,0.0,0.0
3135,0.0,0.0
3136,0.0,0.0
3137,0.0,0.0
3138,0.0,0.0
3139,0.0,0.0
3140,0.0,0.0
3141,0.0,0.0
3142,0.0,0.0
3143,0.0,0.0
3144,0.0,0.0
3145,0.0,0.0
3146,0.0,0.0
3147,0.0,0.0
3148,0.0,0.0
3149,0.0,0.0
3150,0.0,0.0
3151,0.0,0.0
3152,0.0,0.0004542956279754678
3153,0.0,0.0
3154,0.0,0.0
3155,0.0,0.0
3156,0.0,0.0
3157,0.0,0.0
3158,0.0,0.1633765967399734
3159,0.0,0.0
3160,0.0,0.0
3161,0.0,0.0
3162,0.0,0.0
3163,0.0,0.0
3164,0.0,0.0
3165,0.0,0.0
3166,0.0,0.0
3167,0.0,0.0
3168,0.0,0.0
3169,0.0,0.0
3170,0.0,0.0
3171,0.0,0.0
3172,0.0,0.0
3173,0.0,0.0
3174,0.0,0.0
3175,0.01807364,0.01529307999974454
3176,0.0,0.0
3177,0.0,0.0
3178,0.0,0.0
3179,0.0,0.0
3180,0.00738959,0.00625273
3181,0.0,0.0
3182,0.0,0.0
3183,0.0,0.0
3184,0.0,0.0
3185,0.0,0.0
3186,0.0,0.0
3187,0.0,0.0
3188,0.0,0.0
3189,0.0,0.0
3190,0.0,0.0
3191,0.01795547,0.01519309
3192,0.0,0.0
3193,0.0,0.0
3194,0.0,0.0
3195,0.0,0.0
3196,0.0,0.0
3197,0.0,0.0
3198,0.0,0.0
3199,0.0,0.0
3200,0.05501106,0.4192479141895874
3201,0.0,0.0
3202,0.0,0.0
3203,0.0,0.0
3204,0.0,0.36735086397613587
3205,0.0,0.0
3206,0.0,0.0
3207,0.0,0.0
3208,0.0,0.0
3209,0.0,0.0
3210,0.0,0.0
3211,0.0,0.0
3212,0.0,0.0
3213,0.0,0.0
3214,0.0,0.0
3215,0.0,0.0
3216,0.0,0.0
3217,0.0,0.0
3218,0.0,0.0
3219,0.0,0.0
3220,0.0,0.0
3221,0.0,0.0
3222,0.0,0.0
3223,0.0,0.0
3224,0.0,0.0
3225,0.0,0.0
3226,0.0,0.0
3227,0.0,0.0
3228,0.0,0.0
3229,0.0,0.0
3230,0.0,0.0
3231,0.0,0.0
