index,v_measured,v_pred
0,0.0,-0.0
1,0.0,0.0
2,4.73872209,5.364912565320244
3,0.0,0.0
4,7.136e-05,6.695222890633884e-05
5,7.136e-05,6.865457961323554e-05
6,0.0,0.0
7,0.0,6.00468420684654e-07
8,0.00014272,0.00013616631341244867
9,0.0,1.4476116054821032e-08
10,0.09465344,5.312986502597926e-06
11,0.0,0.0
12,0.0,6.1349483338219305e-06
13,0.0,0.00023415625063353737
14,0.0,-0.0
15,0.0,1.236911774790103e-08
16,0.0,0.0
17,0.0,0.0
18,0.32,0.3000000412531482
19,0.0,3.207271924575249e-06
20,0.0,-0.0
21,0.0,0.0
22,0.0,5.767576982326411e-07
23,0.0,4.125972068831971e-06
24,0.0,3.3225434961381767e-06
25,0.0,0.0
26,0.0,2.6924644851047863e-06
27,0.0,1.0601810127487964e-06
28,0.0,-0.0
29,0.0,0.0
30,0.0,1.9472464959626851e-07
31,0.0,1.3679264151298432e-06
32,0.0,0.0
33,0.0,-0.0
34,0.0,0.0
35,0.0,-0.0
36,0.0,-0.0
37,0.0,-0.0
38,0.0,-0.0
39,0.0,1.0199286494124439e-06
40,0.0,3.141608737689565e-06
41,0.0,0.0
42,0.0,0.0
43,0.0,0.0
44,0.0,1.2750144356282744e-07
45,0.0,0.0
46,0.0,1.1319905535878521e-06
47,0.0,9.136261772457393e-06
48,0.0,0.0
49,0.0,9.43892507941373e-06
50,0.0,0.0
51,0.0,2.8595246170937116e-07
52,0.0,0.0
53,0.0,0.0
54,0.0,-0.0
55,0.0,-0.0
56,0.0,0.0
57,0.0,5.844790833898856e-07
58,0.0,0.0
59,0.0,0.0
60,0.0,0.0
61,0.0,0.0
62,0.0,0.0
63,0.0,-0.0
64,0.0,5.201962011200896e-07
65,0.0,-0.0
66,0.0,4.118729634600488e-07
67,0.0,4.6539606925769056e-07
68,0.0,2.750632238669187e-06
69,0.0,8.383137917440319e-06
70,0.0,0.0
71,0.0,5.674364957194399e-07
72,0.0,0.0
73,0.0,0.36472019725534005
74,0.0,1.6554733302106314e-06
75,0.0,0.0
76,0.0,2.5405207122334493e-07
77,0.0,0.0
78,0.0,1.7497561282673895e-07
79,0.0,0.0
80,0.0,4.125994908175894e-06
81,0.0,0.0
82,0.0,0.0
83,0.0,1.238000531704934e-07
84,0.0,9.407387999634864e-08
85,0.0,0.0
86,0.0,4.447987354307126e-08
87,0.64094092,0.20919434903963535
88,0.0,0.0
89,0.0,-0.0
90,0.0,1.8759089793438689e-06
91,0.0,3.470084881690722e-06
92,0.0,2.7392299560711853e-06
93,0.0,0.0
94,0.0,0.0
95,0.0,0.0
96,0.0,0.0
97,0.0,0.0
98,0.0,3.225140853388107e-07
99,0.0,-0.0
100,0.0,0.0
101,0.0,0.0
102,0.0,-0.0
103,0.0,2.0338471408010908e-08
104,0.0,0.0
105,0.0,1.5326388330858384e-08
106,0.0,0.0
107,0.0,1.414663654226866e-08
108,0.0,0.0
109,0.0,4.726193966865778e-07
110,0.0,1.5545526263047647e-05
111,0.0,5.081606510068469e-06
112,0.0,-0.0
113,0.0,-0.0
114,0.0,-0.0
115,0.0,2.112286115791642e-07
116,0.0,0.0
117,0.0,0.0
118,0.0,2.6076355271095243e-07
119,0.0,7.155255453567542e-07
120,0.0,-0.0
121,0.0,0.0
122,0.0,1.783735709933241e-06
123,0.0,1.708514581156099e-06
124,0.0,4.897190608735356e-07
125,0.0,0.0
126,2.58498391,3.426390460928344
127,0.0,0.0
128,0.0,9.592992638372667e-07
129,0.0,-0.0
130,0.0,1.6604631747216188e-06
131,0.0,-0.0
132,0.0,-0.0
133,0.0,-0.0
134,0.0,-0.0
135,0.0,-0.0
136,0.0,0.0
137,0.0,-0.0
138,0.0,-0.0
139,0.0,0.0
140,0.0,-0.0
141,0.0,0.0
142,0.0,6.004684206846533e-07
143,0.0,0.0
144,0.0,-0.0
145,0.0,0.0
146,0.0,0.0
147,0.0,0.0
148,0.0,1.8781454487943487e-07
149,0.0,0.0
150,0.0,0.0
151,0.0,0.0
152,0.0,-0.0
153,0.0,-0.0
154,0.0,-0.0
155,0.0,2.327742614518001e-07
156,0.0,-0.0
157,0.0,8.961202119485155e-07
158,0.0,0.0
159,0.0,1.2474345331834147e-06
160,0.0,-0.0
161,0.0,0.0
162,0.0,0.0
163,0.0,0.0
164,0.0,0.0
165,0.0,-0.0
166,0.0,0.0
167,0.0,0.0
168,0.0,0.0
169,0.21883788,0.09348222632600829
170,0.0,-0.0
171,0.0,0.0
172,0.0,-0.0
173,0.0,5.858323079328221e-07
174,0.0,0.0
175,0.0,0.0
176,0.0,1.688799388440849e-07
177,0.0,0.0
178,0.0,0.0
179,0.0,-0.0
180,0.0,0.0
181,0.0,0.0
182,0.0,-0.0
183,0.0,-0.0
184,0.0,4.125943855571654e-06
185,0.0,0.0
186,0.0,-0.0
187,0.0,-0.0
188,0.0,0.0
189,0.0,2.925384985921377e-07
190,0.0,0.0
191,0.0,0.0
192,0.0,0.0
193,0.0,2.1229896907820362e-07
194,0.0,0.0003757301969026998
195,0.0,0.0
196,0.0,-0.0
197,0.0,1.5986577702633133e-06
198,0.0,0.0
199,0.0,4.126000272791123e-06
200,0.0,0.0
201,0.0,0.0
202,0.0,0.0
203,0.0,-0.0
204,0.0,-0.0
205,0.0,0.0
206,0.0,-0.0
207,0.0,-0.0
208,0.0,0.0
209,0.0,2.838517763438415e-07
210,0.0,0.0
211,0.0,-0.0
212,0.0,0.0
213,0.0,-0.0
214,0.0,-0.0
215,0.0,2.822005324627225e-07
216,0.0,0.0
217,0.0,0.0
218,0.0,5.554033018284387e-07
219,0.0,7.82630016060449e-06
220,0.0,4.061283809172105e-06
221,0.0,-0.0
222,0.0,0.0
223,0.0,0.0
224,0.0,4.838638742226945e-06
225,0.0,0.0
226,0.0,-0.0
227,0.0,0.0
228,0.0,0.0
229,0.0,2.395228364507511e-06
230,0.0,2.554175892337181e-06
231,0.0,2.368488705454025e-06
232,0.0,2.5351022029007745e-06
233,0.0,2.342541829223674e-06
234,0.0,2.21428360317822e-06
235,0.0,0.0
236,0.0,0.0
237,0.0,5.037138209992478e-06
238,0.0,3.891905001643247e-07
239,0.0,-0.0
240,0.0,-0.0
241,0.0,0.0
242,0.0,0.0
243,0.0,0.0
244,0.0,0.0
245,0.0,0.0
246,0.0,1.2315454644657527e-06
247,0.0,0.0
248,0.0,2.275277698973802e-06
249,0.0,0.0
250,0.0,0.0
251,0.0,0.0
252,0.0,0.0
253,0.0,0.0
254,0.0,0.0
255,0.0,0.0
256,0.0,0.0
257,0.0,0.0
258,0.0,0.0
259,0.0,0.0
260,0.0,7.632333792253648e-08
261,0.0,2.0685846201421034e-06
262,0.0,0.0
263,0.0,0.0
264,0.0,0.0
265,0.0,-0.0
266,0.0,0.0
267,0.0,0.0
268,0.0,-0.0
269,0.0,0.0
270,0.0,0.0
271,0.0,0.0
272,0.0,0.0
273,0.0,0.0
274,0.0,0.0
275,0.0,-0.0
276,0.0,-0.0
277,0.0,0.0
278,0.0,0.0
279,0.0,0.0
280,0.0,-0.0
281,0.0,0.0
282,0.0,9.70374316466559e-07
283,0.0,-0.0
284,0.0,4.6695547211831714e-07
285,0.0,0.0
286,0.0,-0.0
287,0.0,8.267324080132777e-07
288,0.0,9.686305486668127e-07
289,0.0,4.353501878368724e-06
290,0.0,0.0
291,0.0,4.128104227301189e-06
292,0.0,3.5253673166878323e-07
293,0.0,6.388510737636533e-07
294,0.0,0.0
295,0.0,0.0
296,0.0,0.0
297,0.0,0.0
298,0.0,1.7018068307104742e-07
299,0.0,1.127959118633958e-06
300,0.0,8.628360758152593e-07
301,0.0,2.403860118787853e-06
302,0.0,2.2007551601156646e-06
303,0.0,2.508116054180404e-06
304,0.0,1.2488645576475223e-06
305,0.0,0.0
306,0.0,2.580340972259423e-08
307,0.0,-0.0
308,0.0,1.8861765801706157e-06
309,0.0,2.557753152744445e-06
310,0.0,2.0892310988708246e-06
311,0.0,1.562525527043619e-06
312,0.0,-0.0
313,0.0,5.8208064307745104e-08
314,0.0,1.4166982457992645e-06
315,0.0,1.6897720683934083e-06
316,0.0,9.596660609307895e-07
317,0.0,-0.0
318,0.0,8.187898627592587e-08
319,0.0,1.465121443548701e-06
320,0.0,1.1629063276147643e-06
321,0.0,1.6670960447108628e-06
322,0.0,1.5483234524171788e-06
323,0.0,0.0
324,0.0,-0.0
325,0.0,2.5168393496003656e-06
326,0.0,0.0
327,0.0,2.257931780723345e-06
328,0.0,2.612081071548783e-06
329,0.0,1.3909406423130229e-06
330,0.0,2.1635895706434333e-06
331,0.0,2.1190543325382967e-07
332,0.0,0.0
333,0.0,-0.0
334,0.0,0.0
335,0.0,0.0
336,0.0,2.7406458881976866e-06
337,0.0,2.4132456383278206e-06
338,0.0,1.382087529415842e-06
339,0.0,-0.0
340,0.0,1.4423647927257685e-06
341,0.0,0.0
342,0.0,1.2564643549417308e-06
343,0.0,1.5011451110443316e-06
344,0.0,1.0212703556313828e-06
345,0.0,1.5512968485510208e-06
346,0.0,0.0
347,0.0,1.4704981011284531e-06
348,0.0,0.0
349,0.0,1.5381991442264263e-06
350,0.0,6.998767880860754e-06
351,0.0,0.0
352,0.0,2.4479004025012032e-06
353,0.0,0.0
354,0.0,0.0
355,0.0,0.0
356,0.0,0.0
357,0.0,4.126124243424882e-06
358,0.0,0.0
359,0.0,0.0
360,0.0,4.131676466109479e-06
361,0.0,5.201962011200896e-07
362,0.0,0.0
363,0.0,0.0
364,0.0,0.0
365,0.0,8.28242300401136e-06
366,0.0,0.04234754779664797
367,0.0,-0.0
368,0.0,0.023271718117948884
369,7.136e-05,6.865457961323554e-05
370,0.0,-0.0
371,0.0,0.0
372,0.0,1.6554733302106314e-06
373,0.0,0.019080608753255002
374,0.0,0.008305937499922918
375,0.01245184,0.01168995535541298
376,0.0,0.0
377,0.0,0.005938410614090227
378,0.0,1.6100386628058065e-05
379,0.0,0.019080608753255002
380,0.0,0.0
381,0.04084096,0.024093964645797977
382,0.04813696,0.026081403793502652
383,0.0,1.8794865063760933e-05
384,0.0,0.014230058933491179
385,0.0,1.2130035731066098e-05
386,0.0,0.0
387,0.02490368,0.008406077406634436
388,0.0,0.019081892554409327
389,0.0,7.559470962021171e-06
390,0.0,0.0
391,0.0,9.319414895595805e-06
392,0.0,1.791314920672117e-06
393,0.0,2.82328606256133e-06
394,0.0,1.6351637906574938e-06
395,0.0,1.0321363889037692e-07
396,0.0,0.0
397,0.0,0.0
398,0.0,0.0
399,0.0,4.493531068746134e-06
400,0.0,7.674497464883521e-07
401,0.0,0.042340828216278124
402,0.0,0.042340828216278124
403,0.0,0.042340828216278124
404,0.0,0.0
405,0.0,0.0
406,0.0,9.230160553855489e-06
407,0.0,8.16726777054195e-08
408,0.0,0.0
409,0.0,0.0
410,0.0,5.201962011200896e-07
411,0.0,0.0
412,0.1138816,0.06450773476524858
413,0.0,-0.0
414,0.1138816,0.064507140493455
415,0.0,0.0
416,0.1138816,0.06450667509729684
417,0.1138816,0.06449995548137015
418,0.0,0.0
419,0.0,0.0
420,0.0,0.0
421,0.1138816,0.06449517640682922
422,0.0,0.0005484521628502737
423,0.08897792,0.05610324502299257
424,0.0,0.0
425,0.0,0.0
426,0.0,-0.0
427,0.0,0.04234754779664797
428,0.08897792,0.05017577068221544
429,0.0,0.0
430,0.0,1.5252916374944597e-05
431,0.0,0.0
432,0.0,0.0
433,0.0,0.02327951104270137
434,0.0,0.019080608753255002
435,0.02490368,0.03166159573939876
436,1.55312425,2.104642365176626
437,0.0,0.019080608753255002
438,0.0,0.0
439,0.0,0.014230058933491179
440,0.0,0.0
441,0.0,-0.0
442,0.0,0.019081892554409327
443,0.0,-0.0
444,0.0,0.0
445,0.0,1.6567985901204526e-05
446,0.0,-0.0
447,0.0,0.0
448,0.0,2.82328606256133e-06
449,0.0,0.0
450,0.0,0.0
451,0.02490368,0.29578487409286497
452,0.0,0.042340828216278124
453,0.0,0.0
454,0.0,0.04234864394051745
455,0.0,5.7816811370766215e-06
456,0.0,0.0
457,0.0,0.04235263768304875
458,0.0,4.696036711974996e-07
459,0.0,0.0
460,0.0,0.0
461,0.0,0.0
462,0.0,0.04234754779664797
463,0.0,0.0
464,0.0,3.979070606390673e-06
465,0.0,1.0321363889037692e-07
466,0.0,0.023271718117948884
467,0.0,0.019080608753255002
468,0.02490368,0.03166159573939876
469,0.0,0.0
470,0.0,5.800955843927077e-07
471,0.0,0.0
472,0.09465344,0.12297827144406688
473,0.09465344,0.12297827144406688
474,0.0,0.019080608753255002
475,0.0,0.014230058933491179
476,0.0,0.019081892554409327
477,0.09296928,0.0872250697515554
478,0.0,-0.0
479,0.0,1.791314920672117e-06
480,0.0,1.4550388320371912e-05
481,0.0,0.0
482,0.27976608,0.2624805386173495
483,0.0,3.979070606390673e-06
484,0.0,1.0321363889037692e-07
485,0.0,2.82328606256133e-06
486,0.0,-0.0
487,0.0,0.042340828216278124
488,0.0,0.0
489,0.0,0.0
490,0.0,0.0
491,0.0,0.0
492,0.0,0.042340828216278124
493,0.0,0.0
494,0.0,0.0
495,0.0,0.0
496,0.0,0.0
497,0.0,1.9553905444123195e-06
498,0.0,0.0
499,0.0,0.0
500,0.0,0.0
501,0.0,0.0
502,0.0,0.0
503,0.0,0.0
504,0.0,0.0003548847346441658
505,0.0,0.0
506,0.0,0.0
507,0.0,0.00035498631291281584
508,0.0,-0.0
509,0.0,7.079032192642391e-07
510,0.0,1.5193793549164366e-06
511,0.0,8.533088207889347e-07
512,0.0,4.633219602392603e-07
513,0.0,4.761417135760497e-06
514,0.0,7.613323359270628e-07
515,0.0,0.0
516,0.0,0.0
517,0.0,7.793085554588789e-06
518,0.0,2.454524233588833e-06
519,0.0,0.0042507286252312535
520,0.0,0.007746489066544904
521,0.0,3.8619411925911246e-05
522,0.0,8.259619032906524e-06
523,0.0,0.0
524,0.09465344,0.08881707881175742
525,0.0,0.0
526,0.0,1.414663654226866e-08
527,0.0,3.1754956670334175e-06
528,0.0,0.0
529,0.0,0.0
530,0.512016,1.0163672867305982
531,0.512016,1.0163689866486123
532,0.0,0.0
533,0.0,4.199805078254755e-06
534,0.0,4.3520448601743437e-07
535,0.0,7.704829605823167e-07
536,0.0,1.1753750386327362e-06
537,0.0,3.2085876533449365e-06
538,0.0,3.589014557511185e-06
539,0.0,0.0
540,0.0,4.4618892322560414e-06
541,0.0,1.7958068635070378e-05
542,0.0,7.901615526825449e-06
543,0.0,2.4479004025012032e-06
544,0.0,1.8974736606740256e-05
545,0.0,1.9752975496689577e-06
546,0.0,0.0
547,0.0,0.0
548,0.0,4.83289494952852e-06
549,0.0,6.227752307511866e-06
550,0.0,-0.0
551,0.0,5.147318321619232e-06
552,0.0,4.602735353296253e-06
553,0.0,0.0
554,0.0,5.909699861165554e-06
555,0.0,0.0
556,0.0,5.220624665073141e-06
557,0.0,0.0
558,0.0,4.726193966865778e-07
559,0.02042048,0.019160293061433038
560,0.0,0.0
561,0.02406848,0.022578303568841624
562,0.0,5.891719394363488e-06
563,0.0,9.803001054406773e-06
564,0.0,7.93325030843323e-06
565,0.0,8.443742951168343e-06
566,0.0,8.398066392064479e-06
567,0.0,0.0
568,0.0,8.40836007004885e-06
569,0.00021408,0.00020090889533872901
570,0.0,-0.0
571,0.00014272,0.00013616631341244867
572,0.00021408,0.00020090889533872901
573,0.03031616,0.028460468338876284
574,0.0,0.0
575,0.0,9.398489077953752e-07
576,0.0,0.0
577,0.16795456,1.8586754791999681e-06
578,0.0,1.6133625759058153e-05
579,0.0,0.0
580,0.0,2.3296217017075837e-06
581,0.0,1.2786264577959669e-06
582,2.3935438,2.014053427223935
583,0.0,1.2143534641814192e-05
584,0.0,0.0
585,0.54145952,0.41137059826033207
586,0.0,1.0640176254605551
587,0.0,8.476923662576883e-06
588,0.0,1.6554733302106314e-06
589,0.0,2.0327463514852602e-06
590,0.09590528,0.08985888750304047
591,0.00889216,0.008357506276376093
592,0.0,1.5293200349803653e-05
593,0.0,7.298406868145192e-07
594,0.01333824,0.012529037057347897
595,0.0,2.707875721273952e-06
596,0.0,0.0
597,0.48159287,2.848901794168689e-05
598,0.48159287,2.1938995745099014e-05
599,0.0,0.0
600,0.0,-0.0
601,0.0,2.3657608594633447e-06
602,0.0,7.652327607054138e-06
603,0.0,2.7610234618185974e-06
604,0.0,0.0
605,0.0,3.0282051104013803e-06
606,0.0,1.170488427442787e-05
607,0.0,0.0
608,0.0,0.0
609,0.0,0.0
610,0.0,0.0
611,0.0,1.1617294942688754e-05
612,0.0,0.0
613,0.0,1.5134784234281333e-05
614,0.0,1.5941772979697826e-05
615,0.0,6.831006228351062e-07
616,0.0,0.00013460251841182548
617,0.07931776,0.07442067064312209
618,0.0,1.516269423851563e-05
619,0.0,0.04864555331196309
620,0.0,1.4366616058718642e-06
621,0.0,7.958141212781346e-06
622,0.0,8.35997897048068e-06
623,0.0,3.8535320609073615e-06
624,0.0,0.0
625,0.45451788,1.3709575755784558e-05
626,0.0,0.0
627,0.0,0.0
628,0.0,1.2332901036759788e-06
629,0.0,1.6158686373435527e-06
630,0.0,0.0
631,0.0,8.283980256255592e-07
632,0.0,0.0
633,0.0,0.0
634,0.0,0.051933923314926626
635,0.09465344,7.1451013723383624e-06
636,0.09465344,7.1451013723383624e-06
637,0.0,0.0
638,0.0,1.3187281761626717e-06
639,0.0,4.0489207805041957e-07
640,0.0,0.0
641,0.0,0.0
642,0.0,0.0
643,0.0,8.782611455008833e-06
644,0.0,0.0
645,0.0,0.0
646,0.0,5.2216843891278835e-08
647,0.0,0.0
648,0.0,0.0
649,0.0,0.0
650,0.0,0.0
651,7.136e-05,6.695222890633884e-05
652,0.0,1.2926519571069913e-06
653,0.0,1.2926519571069913e-06
654,0.0,2.036481511345911e-06
655,0.0,2.0798554503816906e-06
656,0.0,2.358002298406474e-06
657,0.0,2.6940984864388503e-06
658,0.0,0.0
659,0.0,0.0
660,0.0771376,0.07237367518986129
661,0.0,1.934095198129834e-06
662,0.0,7.704829605823167e-07
663,0.0,0.0
664,0.0,0.0
665,0.0,0.0
666,0.0,3.162403527700185e-06
667,0.0,1.4001488457000108e-05
668,0.0,0.0
669,0.0,0.0
670,0.0,-0.0
671,0.0,0.0
672,0.0,0.0
673,0.00018432,0.0001729348985256623
674,0.0,0.0
675,0.0,3.921827170946869e-06
676,0.0,0.0
677,0.34210368,0.32097613827249977
678,0.0,1.4432258236642701e-06
679,0.0,3.979070606390673e-06
680,0.0,1.2751691083277165e-06
681,0.0,1.2981081293687288e-06
682,0.01818976,0.0170661808875974
683,0.0,1.4812093348860442e-06
684,0.01818976,0.0170661808875974
685,0.0,1.6351637906574938e-06
686,0.0,6.004684206846533e-07
687,0.0,2.0459139758075686e-06
688,0.0,0.0
689,0.0,8.4681558328163e-06
690,0.0,2.035515752924724e-06
691,0.0,0.0
692,0.0,1.2173645484617207e-05
693,0.0,8.445100418938328e-06
694,0.0,2.035515752924724e-06
695,0.0,0.0
696,0.0,-0.0
697,0.0,0.0
698,0.0,3.054814318815376e-06
699,0.0,6.8515192310679926e-06
700,0.0,4.776731336049616e-06
701,0.0,1.2112713430541525e-05
702,0.0,5.2216843891278835e-08
703,0.0,5.2216843891278835e-08
704,0.0,0.0
705,0.0,5.2216843891278835e-08
706,0.0,5.201962011200896e-07
707,0.0,0.08881394749457881
708,0.0,1.3514297104986585e-06
709,0.0,0.0
710,0.0,0.0
711,0.0,-0.0
712,0.0,3.434249015036523e-07
713,0.0,1.4121968278858256e-05
714,0.0,1.8172118987060667e-06
715,3.15,3.150002711631807
716,0.0,0.0
717,0.0,0.0
718,0.0,0.0
719,0.0,0.0
720,0.03031616,0.02844354387516379
721,0.0,2.381845232817665e-06
722,19.38852754,22.620764589862294
723,0.0,0.0
724,0.0,0.0
725,0.0,0.0
726,0.0,0.0
727,0.0,2.0893004315222365e-06
728,0.0,2.1087691829212037e-06
729,0.0,2.0877175698561903e-06
730,0.0,1.7920112235643216e-06
731,0.0,1.8179602460778567e-06
732,0.0,2.0637102781974697e-06
733,0.0,1.8984464210815827e-06
734,0.0,0.0
735,0.0,0.0
736,3.904e-05,3.660797827283829e-05
737,3.904e-05,3.660797827283829e-05
738,3.904e-05,3.660797827283829e-05
739,0.07931776,0.07442067064312209
740,0.0,0.0
741,0.0,0.0
742,0.0,0.0
743,0.00076448,0.0007182517174959294
744,0.0,0.0
745,0.0,2.1478240928325514e-06
746,0.0,0.0
747,0.0,6.004684206846533e-07
748,0.0,0.0
749,0.0,0.0
750,0.0,0.0
751,0.0,0.0
752,0.0,0.0
753,0.0,0.0
754,0.0,0.0
755,0.0,2.4130271747391444e-06
756,0.0,1.934095198129834e-06
757,0.0,0.0
758,0.0,0.0
759,0.0,0.0
760,0.0,0.0
761,0.0,0.0
762,0.0,0.0
763,0.0,0.0
764,0.0,0.0
765,0.0,0.0
766,0.0,1.2269859715575584e-05
767,0.0016656,0.001562659756731365
768,0.0,1.9472464959626851e-07
769,0.0,0.0
770,0.10348288,0.09708921811430893
771,0.12195808,0.11442406409301659
772,7.136e-05,6.695222890633884e-05
773,0.0,0.0
774,0.0,0.0
775,0.0,-0.0
776,0.0,3.555133734591181e-06
777,0.0008328,0.0007813298782378869
778,0.0,1.2023213813253564e-05
779,0.0,1.7154714034308296e-05
780,0.0,1.042455604299025e-05
781,0.0,0.0
782,0.0016656,0.0015626597564757738
783,0.0,8.938484632650572e-07
784,0.0,0.0
785,0.0,1.5326388330858384e-08
786,0.0,1.7157043327149704e-05
787,0.0,1.9364023785623487e-06
788,0.0,1.9991429874601035e-06
789,0.0,1.9268910477470453e-06
790,0.0,0.0
791,0.0,0.0
792,0.0,4.125944665264085e-06
793,0.0,1.1684243052663725e-06
794,0.0,8.189976873251723e-06
795,0.0,2.3289734299045665e-06
796,0.0,5.4177181050284685e-06
797,8e-06,7.50562078134391e-06
798,0.0,1.2523924791224128e-06
799,0.0,1.8726306258175595e-06
800,0.0,1.5001876156755716e-06
801,0.0,1.9364023785623487e-06
802,0.0,1.9991429874601035e-06
803,8e-06,1.5252312316276945e-05
804,0.0,2.694983193878904e-06
805,0.0,1.236911774790103e-08
806,0.0,1.9268910477470453e-06
807,0.0,1.8577803071315066e-06
808,0.0,4.21560353907675e-06
809,0.0,1.7886102930732134e-06
810,0.0,1.236911774790103e-08
811,0.0,1.975403881706362e-06
812,0.0,1.8179598454370899e-06
813,0.0,1.923083714968784e-06
814,0.0,1.8726306258175595e-06
815,0.0,1.4411904646786335e-06
816,0.0,1.7764919914231456e-06
817,0.0,1.5742219170212308e-06
818,0.0,2.0488620575168975e-06
819,0.0,8.033546007620819e-07
820,0.0,9.69939824985357e-07
821,0.0,9.69939824985357e-07
822,0.0,1.8176932795905518e-06
823,0.0,0.0
824,0.0,7.0282031359033055e-06
825,0.0,2.1379117556496157e-06
826,0.0,2.0121487684351162e-06
827,0.0,7.0282031359033055e-06
828,0.0,0.0
829,0.0,7.0282031359033055e-06
830,0.0,7.0282031359033055e-06
831,0.0,7.0282031359033055e-06
832,0.0,0.0
833,7.808e-05,7.320000690739048e-05
834,0.0,0.0
835,0.0,0.0
836,0.0,0.0
837,0.0,0.0
838,0.0,0.0
839,0.0,4.7178563518157026e-07
840,0.0,0.0
841,0.0,0.0
842,0.07931776,0.07442056460120909
843,0.0,-0.0
844,7.136e-05,0.0004421844054359196
845,0.0,5.502343506507181e-07
846,0.0,0.0
847,0.0,0.0
848,0.0,0.0
849,0.0,0.0
850,0.04925088,0.04620998246843461
851,0.00014272,0.00013390445852353564
852,0.0,0.0
853,0.0,1.780944479118159e-06
854,0.0,0.0
855,0.0,0.0
856,0.0,0.0
857,0.0,3.432734221590224e-06
858,0.0,5.540853635555548e-06
859,0.0,0.0
860,0.0,1.5742219170212312e-06
861,0.0,3.947723701316824e-06
862,0.0,2.8015556440566484e-05
863,0.0,7.873277168844583e-06
864,11.37798063,14.253449655637358
865,0.0,6.239777293901356e-07
866,0.0,2.1496724139339365e-05
867,0.0,0.0
868,0.0,3.0593071522497724e-06
869,0.0,1.2183652317400027e-05
870,0.0,-0.0
871,0.0,7.476786282975073e-07
872,0.0,1.040033928096615e-05
873,0.0,4.570218635089059e-06
874,0.0,9.699398249853573e-07
875,0.0,1.6231135307100825e-05
876,0.0,0.0
877,0.512016,1.0163680913453759
878,0.0,1.641527091451856e-06
879,0.0,0.0
880,0.0,0.0
881,0.0,0.0
882,0.0,9.699398249853573e-07
883,0.0,0.0
884,0.0,0.0
885,0.0,3.2137282772428526e-06
886,0.0578896,0.05436291864860807
887,0.0,1.7846194354049163e-05
888,0.0,1.496408777637009e-05
889,0.0,0.0
890,0.0,1.5066850158895898e-05
891,0.0,1.18016521702129e-06
892,0.0,7.028203135903308e-06
893,0.0,1.1820420905451437e-06
894,0.0,1.342159194038458e-06
895,0.0,5.269225716656588e-06
896,0.0,0.0007614046137600685
897,0.0,1.6934170573063416e-05
898,2.00764213,2.104602736828026
899,2.00764213,2.104602736828026
900,0.0,6.1454386346859466e-06
901,0.051368,0.048197280028010284
902,0.0,0.0
903,0.0,0.0
904,0.0,0.0
905,0.00022688,0.00021253267992848721
906,0.0,6.262196623055151e-06
907,0.0,7.028203135903308e-06
908,0.0,6.125981771417704e-06
909,0.0,6.248087380084825e-06
910,0.00022688,0.00021253267992848721
911,0.0,0.0
912,0.0,0.0
913,0.0,6.107154113673033e-06
914,0.0,7.028203135903308e-06
915,0.0,6.014848191144161e-06
916,0.0,6.058585110541127e-06
917,0.0,0.0
918,0.00444608,0.004177954981740463
919,0.0,7.028203135903308e-06
920,0.0,0.0
921,0.0,0.0
922,0.0,2.9054637350597656e-05
923,0.0,7.028203135903308e-06
924,0.0,2.9054637350597656e-05
925,0.0,0.0
926,0.0,0.0
927,0.10981152,0.10302679904317862
928,0.11870368,0.11136987539438511
929,0.0,0.0
930,0.0,0.0
931,0.0,3.9834769735481014e-05
932,0.0,0.0
933,0.0,0.0
934,0.12195808,0.11442445328352188
935,0.0,0.0
936,0.0,7.472497456811852e-06
937,0.0,7.2336448440961926e-06
938,0.0,7.4928151886535775e-06
939,0.02042048,0.01916257439770424
940,0.0,5.605015640260913e-06
941,0.0,1.6599383578965867e-05
942,0.0,0.0
943,0.02406848,0.022580228610710837
944,0.0,0.0
945,0.0,7.819276487503883e-06
946,0.0,1.1667531270437667e-05
947,0.0,0.0
948,0.0,0.0
949,0.0,0.0
950,0.0,7.409606518577307e-07
951,0.00028544,0.0002678089170470713
952,0.27976608,0.2624805386173495
953,0.0,0.0
954,0.09296928,0.0872250697515554
955,0.0,1.4538577539901973e-06
956,0.0,6.004684206846533e-07
957,0.0,0.0
958,0.0,0.0
959,0.0,0.0
960,0.0,3.3132543465820623e-06
961,0.0,0.0
962,0.0,1.6961691912179528e-05
963,0.0,4.581960701649739e-06
964,0.0,3.934652971593878e-06
965,0.0,-0.0
966,0.0,0.0
967,0.0,2.4699781776028735e-08
968,0.0,2.9559909767748565e-05
969,0.0,0.0
970,0.0,1.7536524701518504e-05
971,0.11870368,0.11136987539438511
972,0.11870368,0.11136987539438511
973,0.0,5.236947033940147e-06
974,0.00021408,0.00021000953887664902
975,0.00021408,0.00020090889533872901
976,0.0,0.0
977,0.0,0.0
978,0.00021408,0.00020090889533872901
979,0.0,0.0
980,0.0,1.0443368778255767e-07
981,0.0,1.0443368778255767e-07
982,0.00021408,0.00020090889533872901
983,0.0,1.597678888841361e-05
984,0.0,-0.0
985,0.0,1.0443368778255767e-07
986,0.00021408,0.00021096258933488187
987,0.0,0.0
988,0.0,1.3579970115404206e-06
989,0.0,0.0
990,0.0,0.0
991,0.0,1.350667079648757e-06
992,0.0,0.0
993,0.0,1.4067284406766866e-06
994,0.0,1.3102085622993748e-05
995,0.0,1.2465925740970871e-06
996,0.0,1.2685061573747725e-06
997,0.0,8.295309323718254e-06
998,0.0,0.0
999,0.00018432,0.00017293489848239145
1000,0.00018432,0.0001729348985256623
1001,2.00764213,2.1046431475714074
1002,0.0,0.0
1003,0.00014272,0.00013390445852353564
1004,0.09465344,0.08880819825527256
1005,0.00021408,0.00020090889533872901
1006,0.00014272,0.00013616631341244867
1007,0.0,0.0
1008,0.0,0.0
1009,0.0,0.0
1010,0.0,0.0
1011,0.0,0.0
1012,0.09465344,0.08880819825527256
1013,0.0,0.0
1014,0.12195808,0.11442445328352188
1015,0.0,0.0
1016,0.0,1.5021303041562006e-05
1017,0.0,0.0
1018,0.0,0.0
1019,0.12195808,0.11442406409301659
1020,0.0,0.0
1021,0.0,0.0
1022,0.0,0.0
1023,0.0,0.0
1024,0.0,2.3257942353448595e-06
1025,0.00837312,0.007871627286061934
1026,0.0,0.0
1027,0.0,0.0
1028,0.0,0.0
1029,0.0,1.592141779546055e-05
1030,0.0,0.0
1031,0.0,2.4921541622496182e-05
1032,0.0,5.183509036083631e-06
1033,0.0,3.930083428310839e-05
1034,0.0,0.0
1035,0.0,0.0
1036,0.0,0.0
1037,0.0,1.192228263811295e-07
1038,0.0,0.0
1039,0.00076448,0.0007182517174959294
1040,0.0009072,0.0008521561924985597
1041,0.0,0.0
1042,8.896e-05,8.362176962637735e-05
1043,8.896e-05,8.947906692371397e-05
1044,0.0,5.2216843891278835e-08
1045,0.0,-0.0
1046,7.136e-05,8.517063145497028e-05
1047,0.0,0.0
1048,0.0,4.964193961451478e-06
1049,0.0,0.0
1050,0.0,0.0
1051,0.0,0.02326180222474714
1052,0.0,5.136818649979059e-06
1053,0.0,0.023266581300219323
1054,0.0,0.0
1055,0.0,5.136817733643569e-06
1056,0.0,0.0
1057,0.0,0.0
1058,0.0,0.0
1059,0.0,0.0
1060,0.0,0.019075472183542854
1061,0.0,5.136569715149687e-06
1062,0.0,0.008300802726737711
1063,0.0,0.0
1064,0.0,5.134773185208033e-06
1065,0.0,0.01907547218354495
1066,0.0,5.136569715149676e-06
1067,0.0,0.01422492283690655
1068,0.0,5.136096588969161e-06
1069,0.0,0.019076755986184114
1070,0.0,5.136568230433655e-06
1071,0.0,9.731394877778897e-07
1072,0.0,8.181754204133949e-07
1073,0.0,1.6020370017760441e-06
1074,0.0,1.2212490325337058e-06
1075,0.1138816,0.06448711091463137
1076,0.08897792,0.056095030016434407
1077,0.08897792,0.050167939943520624
1078,0.0,8.1548352857737e-06
1079,0.0,3.935078355375891e-06
1080,0.0,3.935070031503673e-06
1081,0.0,2.0539507652309276e-06
1082,0.0,2.0539507652309276e-06
1083,0.0,1.5326388330858384e-08
1084,0.0,1.5326388330858384e-08
1085,0.0,0.04233569088650485
1086,0.0,5.137329776272951e-06
1087,0.0,0.04233569088650485
1088,0.0,5.137329776272951e-06
1089,0.0,6.004684206846533e-07
1090,0.0,0.0
1091,0.0,5.8208064307745104e-08
1092,2.20791287,0.07631563432222295
1093,0.0,0.04233569088650519
1094,0.0,5.137329776673208e-06
1095,0.0,2.580340972259423e-08
1096,0.0,1.5273202338832464e-06
1097,0.0,6.779418760677401e-07
1098,0.0,6.336092070644809e-07
1099,0.0,6.004684206846533e-07
1100,0.0,2.580340972259423e-08
1101,0.0,2.580340972259423e-08
1102,0.0,2.580340972259423e-08
1103,0.0,2.580340972259423e-08
1104,0.0,1.0321363889037692e-07
1105,0.0,7.187261189080283e-06
1106,0.0,1.6293418171254043e-06
1107,0.1138816,0.06449930653519031
1108,7.136e-05,0.0004427346397919092
1109,0.1138816,0.06449930653622339
1110,0.1138816,0.06449810486822952
1111,0.0,0.0
1112,0.0,0.0
1113,0.0,0.0
1114,0.1138816,0.06449160751335006
1115,0.0,0.0
1116,0.00078496,0.00017702221613886618
1117,0.0,0.0
1118,0.0,9.495095440537009e-06
1119,0.0,0.0004403009253678994
1120,0.0,0.0
1121,0.0,3.930206799197017e-06
1122,0.0,0.0
1123,0.0,2.2221922236964385e-06
1124,0.0,1.0312956581486804e-05
1125,0.0,3.915794846778388e-06
1126,0.0,0.0
1127,7.136e-05,6.695222890633884e-05
1128,0.0,3.915794846778386e-06
1129,0.0,0.0
1130,0.0,2.7803964112315795e-06
1131,0.0,2.0332379404881157e-06
1132,0.0,1.5732422032351881e-06
1133,0.0,2.3264740932581054e-06
1134,0.0,8.42786911158516e-07
1135,0.0,2.032904510389646e-06
1136,0.0,2.222192223696438e-06
1137,0.0,2.936965054781476e-05
1138,0.0,7.70775282801318e-06
1139,0.0,0.0
1140,0.0,5.177734898640102e-06
1141,0.0,0.0
1142,0.00078496,0.0007409650704692667
1143,0.0,2.139751793997633e-05
1144,0.0,2.6742985749002863e-05
1145,0.0,0.0
1146,0.0,8.591993022640751e-06
1147,0.0,0.0
1148,0.0,2.5998167284374796e-06
1149,0.0,0.0
1150,0.0,-0.0
1151,0.0,0.0
1152,0.0,0.0
1153,0.0,1.6518858891876383e-05
1154,0.0,0.0
1155,0.0,4.779074548856469e-06
1156,0.02490368,0.008402224361174248
1157,0.0,0.005935457087272829
1158,0.0,0.0
1159,0.0,0.0
1160,0.0,0.0
1161,0.0,4.103075438102243e-06
1162,0.0,6.204181799720245e-06
1163,0.0,0.0
1164,0.0,0.0
1165,0.262608,0.7793605228065472
1166,0.0,0.0
1167,0.0,0.0
1168,0.0,1.2018057158559054e-05
1169,0.04084096,0.02409328803528752
1170,0.04813696,0.02607889741506872
1171,0.0,9.840954155846851e-06
1172,0.0,1.759044876453465e-05
1173,0.0,0.0
1174,0.0,0.0
1175,0.0,0.0
1176,0.0,0.0
1177,0.03023616,0.028373629241101924
1178,0.0,0.0
1179,0.0,7.46695752180673e-06
1180,0.0,6.719615967376246e-06
1181,0.0,0.0
1182,0.0,1.0292789011527189e-05
1183,0.0,9.266376608908207e-06
1184,0.0,2.0786176560619177e-06
1185,0.0,0.0
1186,0.00114176,0.004083568682571104
1187,0.0,1.0734256082252355e-05
1188,0.0,0.0
1189,0.0,4.74676637830016e-06
1190,0.0,7.45297668093611e-06
1191,0.0,1.163226698854194e-05
1192,0.0,9.02764731488806e-06
1193,0.0,2.7740053831689087e-06
1194,0.0,0.0
1195,0.0,0.0
1196,0.0,0.0
1197,0.0,2.7654730888015666e-06
1198,0.0,2.4549112604637016e-06
1199,0.0,2.8075974903339965e-06
1200,0.02042048,0.01914313834739873
1201,0.02406848,0.022561146525514473
1202,0.0,3.1967362004845836e-06
1203,0.6994848,0.01606927004380593
1204,0.0,0.0
1205,0.0,0.3868197216248956
1206,0.0,0.0
1207,0.0,0.0
1208,0.0,0.0
1209,0.0,8.737075775164256e-06
1210,0.0,5.587397515330023e-06
1211,0.0,0.0
1212,0.0,0.0
1213,0.0,7.012214276971358e-06
1214,0.0,2.173785904945296e-06
1215,0.0,1.813748476963463e-06
1216,0.0,9.114861264447553e-06
1217,0.0,0.08181791222566846
1218,0.0,1.785150544347838e-06
1219,0.0,3.241191389870819e-06
1220,0.0,7.460374903428341e-06
1221,0.0,9.723654954791425e-07
1222,0.0,1.5690132847343447e-05
1223,0.0,0.0
1224,0.0,1.5283599104745696e-06
1225,0.0,0.0
1226,0.0,0.0
1227,0.0,0.0
1228,0.0,0.0
1229,0.0,0.0
1230,0.0,5.427688770974475e-06
1231,0.0,0.0
1232,0.0,2.948718568640166e-06
1233,0.0,5.40416149086069e-07
1234,0.0,0.0
1235,0.08010816,0.020437483140866845
1236,0.0707376,0.06636798575033598
1237,0.00513952,0.0029723340660308844
1238,0.0707376,0.032206793118135575
1239,0.0,1.985269999017863e-06
1240,0.07798912,4.3490109136032205
1241,0.0,1.907350641538066e-05
1242,0.0,8.629855246692322e-06
1243,1.13565763,0.0479175419822452
1244,0.00513952,0.0029480811655619903
1245,0.0,0.004201586016875834
1246,0.0,0.0
1247,0.0,0.0
1248,0.0,0.0
1249,0.0,0.3827430510072389
1250,0.0,0.0
1251,0.0,0.382745175667053
1252,0.0,0.0
1253,0.0,0.0
1254,0.0,0.0
1255,0.0,0.0
1256,0.0,0.0
1257,0.0,0.0
1258,0.0,3.334160605506639e-05
1259,0.0,1.1039491103341367e-05
1260,0.0,0.0
1261,0.0,0.0
1262,0.0,0.0
1263,0.0,0.0
1264,0.0,0.0
1265,0.0,0.0
1266,0.0,0.0
1267,0.0,0.0
1268,0.0,0.0
1269,0.0,0.0
1270,0.0,0.0
1271,0.0,8.485031910732753e-06
1272,0.0,-0.0
1273,0.0,0.0
1274,0.0,0.0
1275,0.0,8.048494696969211e-05
1276,0.0,1.975403881706362e-06
1277,0.0,1.975403881706362e-06
1278,0.0,1.975403881706362e-06
1279,0.0,0.0
1280,0.0,0.0
1281,0.0,1.975403881706362e-06
1282,0.0,0.0
1283,0.0,0.0
1284,0.0,0.0
1285,0.0,1.6518858746116273e-05
1286,0.0,0.0
1287,0.0,3.9789595495309525e-06
1288,0.0,0.0
1289,0.0,0.0
1290,0.0,2.0073137466306403e-05
1291,0.04297344,1.4604056754910248e-06
1292,0.0,1.5742219170212314e-06
1293,0.0,0.00015318552923108394
1294,0.0,0.0
1295,0.0,9.699398249853573e-07
1296,0.0,0.382901675901695
1297,0.0,9.699398249853573e-07
1298,0.04297344,0.0
1299,0.0,8.034015312039293e-06
1300,0.0,7.028203135903308e-06
1301,0.0,8.048494696969211e-05
1302,0.0,7.028203135903308e-06
1303,0.2926672,0.2746022412559769
1304,0.0,7.028203135903308e-06
1305,0.0,0.0
1306,0.0,7.028203135903308e-06
1307,0.0,0.0
1308,0.0,0.0
1309,0.0,0.0
1310,0.0707376,0.032206793118135575
1311,0.0,2.257547840768377e-05
1312,0.0,0.0
1313,0.0,0.0
1314,0.0,0.0
1315,0.0,0.0
1316,0.0,0.0
1317,0.0,0.0
1318,2.48088119,0.13897409796633037
1319,0.0,2.2826935648085985e-06
1320,0.0,3.7531016943891736e-06
1321,0.0,7.779722422804581e-06
1322,0.0,2.3208769177333168e-06
1323,0.0,0.0
1324,7.136e-05,6.789208646565443e-05
1325,0.0,8.374665387673518e-06
1326,7.136e-05,7.449242095556372e-05
1327,0.0,7.028203135903308e-06
1328,0.0,6.800762241519936e-06
1329,0.0,2.69039902024594e-06
1330,0.00114176,0.0040774949496803275
1331,0.00114176,0.0040774949496803275
1332,0.0,2.9687834894659422e-06
1333,0.0,0.0
1334,0.00021408,0.00020090889533872901
1335,0.0,0.0
1336,0.0,1.0864357845764852e-05
1337,0.0,5.745388411625317e-06
1338,0.0,1.078885583378219e-05
1339,0.0,0.0
1340,0.0,4.694316103222244e-06
1341,0.0,6.232278179500826e-06
1342,0.0,3.3938458860146586e-06
1343,0.0,0.0021898973278137446
1344,0.0,0.0
1345,0.0,3.6887539794698472e-06
1346,0.0,3.15047387537153e-06
1347,0.0,0.0
1348,0.0,0.0
1349,0.0,0.0021915628074211453
1350,0.03023616,0.028367656369887646
1351,0.0,1.5938143521344707e-05
1352,0.0,5.40416149086069e-07
1353,0.0,5.40416149086069e-07
1354,0.0,2.4827337000646293e-05
1355,0.0,0.0
1356,0.0,0.0
1357,0.0,0.0
1358,0.0,0.0
1359,0.0,0.0
1360,0.0,2.7960656393505215e-06
1361,0.0,1.5742219170212314e-06
1362,0.0,5.84114473400104e-06
1363,0.0,0.0
1364,0.0,2.1373712078810065e-06
1365,0.0,1.5863167658295288e-05
1366,0.0,5.287845078050479e-06
1367,0.0,9.699398249853573e-07
1368,0.0,7.629546095878287e-07
1369,0.0,0.0
1370,0.0,9.180564380180533e-06
1371,0.0,1.0332256740282457e-06
1372,0.0,0.0
1373,0.0,0.0
1374,0.0,9.926937999444603e-07
1375,0.0,9.699398249853573e-07
1376,0.0,0.19345073961137838
1377,0.0,4.074454084638678e-06
1378,0.0,2.2724082852341944e-06
1379,0.0,1.020129896176717e-06
1380,0.0,4.089148099951421e-06
1381,0.0,1.029891813276258e-05
1382,0.0,0.0
1383,0.0,0.0
1384,0.0,1.650376773843477e-05
1385,0.0,0.0
1386,0.0,0.0
1387,0.0,0.0
1388,0.0,7.330052391527515e-06
1389,0.0,8.287872683843536e-06
1390,0.0,2.9187508647614253e-07
1391,0.0,1.1946537286903757e-05
1392,0.0,1.1855308067257592e-05
1393,0.0,0.0
1394,0.00021408,0.00018430563279507532
1395,0.0,1.0336640622866167e-05
1396,0.0,9.471875553184109e-06
1397,0.0,0.0
1398,0.0,1.2307784191891281e-05
1399,0.0,1.1081129960272864e-05
1400,0.0,2.8595246170937116e-07
1401,0.0,0.0
1402,0.0,0.0
1403,0.0,7.028203135903308e-06
1404,0.0,0.0
1405,0.0,7.028203135903308e-06
1406,0.1138816,0.06450644431063958
1407,0.1138816,0.06450644431055047
1408,0.1138816,0.06450597891438896
1409,0.1138816,0.0644992592984478
1410,0.1138816,0.06449448022389301
1411,0.08897792,0.05610254881207444
1412,0.0,1.8565604494254013e-05
1413,0.0,1.9209485235570016
1414,0.0,0.0
1415,0.11434176,0.4942073871725204
1416,0.0,0.0
1417,0.08897792,0.05017507444589488
1418,0.0,2.068021058402609e-05
1419,0.0,0.0
1420,7.136e-05,6.695222890633884e-05
1421,0.0,0.0
1422,0.0,7.028203135903308e-06
1423,0.0,0.0
1424,0.02490368,0.29579539835984847
1425,0.0,1.4525197455913419e-06
1426,0.0016656,0.00154759018384064
1427,0.11600736,0.4957490195227825
1428,0.0,0.0
1429,0.0,0.0
1430,0.0,7.901615526825449e-06
1431,0.0,7.028203135903308e-06
1432,0.0,7.901615601382947e-06
1433,0.0,0.0
1434,0.0,0.0
1435,0.0,5.2216843891278835e-08
1436,0.0,1.975403881706362e-06
1437,0.0,7.901615601382947e-06
1438,0.0,8.842072896868298e-07
1439,0.0,1.975403881706362e-06
1440,0.0,1.975403881706362e-06
1441,0.0,7.028203135903308e-06
1442,0.07798912,0.07317394280353211
1443,0.0,2.628349297431635e-06
1444,0.0,0.0
1445,1.13565763,0.0659192616106758
1446,0.0,0.01800833566564502
1447,0.0,1.975403881706362e-06
1448,0.0,1.975403881706362e-06
1449,0.0,1.975403881706362e-06
1450,0.0,-0.0
1451,0.0,0.004855696756813699
1452,0.0,9.335411526773143e-06
1453,0.0,2.283817044984845e-06
1454,0.0,0.0
1455,0.0,-0.0
1456,0.0,0.0
1457,0.0,0.0
1458,0.0,1.2882879453164534e-06
1459,0.0,0.0
1460,0.0,5.557919373231048e-06
1461,0.0,1.288287945316456e-06
1462,0.0,2.7922481447401686e-06
1463,0.0,0.0
1464,0.0,0.0
1465,0.0,1.104345990526471e-05
1466,0.0,0.0
1467,0.0,0.0
1468,0.0,0.0
1469,0.03031616,0.02844354387516379
1470,0.0,1.112513258297013e-05
1471,0.03031616,0.02844354387516379
1472,0.0,0.0
1473,0.0,7.902672302073928e-06
1474,0.0,3.2032530769652037e-06
1475,0.0,1.1207011569246056e-05
1476,0.0,2.267361824811092e-06
1477,0.0,1.104345990526471e-05
1478,0.0,0.0
1479,0.0,0.0
1480,0.0,1.4839340909592968e-05
1481,0.0,0.0
1482,0.0,-0.0
1483,0.0,0.0
1484,0.00014272,0.0005096868687100409
1485,0.0,-0.0
1486,0.0,4.118729634600488e-07
1487,8.896e-05,8.362176962637735e-05
1488,0.0,4.579183792975264e-05
1489,0.0,1.1207011569246056e-05
1490,0.0,5.6868700529241205e-06
1491,0.0,0.0
1492,0.0,0.0
1493,0.0,1.5742219170212308e-06
1494,0.0,0.0
1495,0.0,9.69939824985357e-07
1496,0.0,9.69939824985357e-07
1497,0.0,2.3660565337812217e-06
1498,0.0,7.0282031359033055e-06
1499,0.0,2.3660565337812217e-06
1500,0.0,7.0282031359033055e-06
1501,0.0,0.0
1502,0.0,0.0
1503,0.0,5.7278711744978624e-05
1504,0.0,7.0282031359033055e-06
1505,0.0,1.220325330796731e-06
1506,0.00021408,0.00020090889533872901
1507,0.0,2.102975136973919e-06
1508,0.0,7.0282031359033055e-06
1509,0.0,4.248758314566097e-06
1510,0.0,0.0
1511,0.0,0.0
1512,0.0,7.0282031359033055e-06
1513,0.0,0.0
1514,0.0,0.0
1515,0.0,0.0
1516,0.0,3.175078279984796e-06
1517,0.0,4.983737903835827e-06
1518,0.0,2.018281664051673e-06
1519,0.0,0.016627762973602533
1520,0.0,2.2826935648085985e-06
1521,0.00021408,0.00020090889533872901
1522,0.00014272,0.00013390445852353564
1523,0.0,1.6543971341362503e-06
1524,0.17414912,0.16339094361586942
1525,0.04925088,0.04620998246843461
1526,0.33376651,0.2985560225126583
1527,0.00124928,8.254973726957956e-05
1528,0.0,1.4079406836658773e-05
1529,0.00067552,0.0006287726505749237
1530,0.03031616,0.02844354387516379
1531,2.67963735,3.4264143926061132
1532,0.0,0.0
1533,0.14416992,0.13526214955499558
1534,0.0,0.0
1535,0.0,4.310247306625261e-06
1536,0.00249856,0.00016509947453915912
1537,0.0,8.28769589543813e-06
1538,0.0,4.22755606938013e-06
1539,0.0,2.0338471408010908e-08
1540,0.0,7.913315708452769e-06
1541,0.0,0.0
1542,0.14416992,0.13526214955499558
1543,0.0,0.0
1544,0.0,0.0
1545,0.00622592,0.005836845282494795
1546,0.00622592,0.005836845282494795
1547,0.0,0.0
1548,0.0,0.0
1549,0.0,0.0
1550,0.0,0.0
1551,0.0,0.0
1552,0.09296928,0.0872250697515554
1553,0.0,2.8800059787450593e-05
1554,0.0,0.04231202815648787
1555,0.0,0.0
1556,0.01245184,0.011679804523665809
1557,0.01245184,0.011679804523665809
1558,0.0,1.1577635551620835
1559,0.0,1.1577635551620835
1560,0.0,8.352476645666259e-05
1561,0.01245184,0.011679804523665809
1562,0.0,0.0
1563,0.0,0.0
1564,0.0,4.084779971439434e-06
1565,0.06246176,0.05860133669094546
1566,0.0,4.0329444024917305e-06
1567,0.06246176,0.0586013885265144
1568,0.0,4.783497253163588e-06
1569,0.0,3.074673952225208e-07
1570,9.152e-05,8.412359286503706e-05
1571,8.32e-05,7.746936182223237e-05
1572,8.32e-06,6.9616983846754425e-06
1573,8.32e-05,7.746936182223237e-05
1574,8.32e-05,7.746936182223237e-05
1575,0.512016,0.32582958825198544
1576,0.0,0.0
1577,0.0,7.517414178384184e-07
1578,0.0,6.473077300558608e-07
1579,0.0,0.6905346696495969
1580,0.00057696,0.0005368456281596267
1581,0.0,1.907729656189699e-05
1582,0.0,4.047789162901942e-06
1583,0.0,1.3330012946313903e-05
1584,0.0,3.3292325078956125e-06
1585,0.0,1.52620359311424e-05
1586,0.0,0.0
1587,0.0,1.414663654226866e-08
1588,0.0,0.0
1589,0.0,0.0
1590,0.0,7.298406868145192e-07
1591,0.0,0.0
1592,0.0,0.0
1593,0.03031616,0.02844354387516379
1594,0.0,0.0
1595,0.0,0.0
1596,0.0,0.0
1597,0.0,0.0
1598,0.03031616,0.02844354387516379
1599,0.01818976,0.0170661808875974
1600,0.00622592,0.005838914559869754
1601,0.0,5.4120359945549986e-05
1602,0.0,0.0
1603,0.0,3.209153455132178e-06
1604,0.0,1.4966821014706036e-05
1605,0.0,0.0
1606,0.0,1.095488693721223e-05
1607,0.0,1.914619967162086e-06
1608,0.0,1.191214073695141e-05
1609,0.0,7.298406868145192e-07
1610,0.0,1.0851959720395335e-05
1611,0.0,1.7643972818058392e-05
1612,0.0,1.7178710720783147e-05
1613,0.07798912,0.07316803808146886
1614,0.0,0.0
1615,0.0,0.0
1616,0.0,7.363897490115026e-06
1617,0.0,0.0
1618,0.0,0.0
1619,0.0,3.952968300915822e-06
1620,0.04767296,0.044716705377959375
1621,0.0,0.0
1622,0.0,5.08778096871486e-06
1623,0.0,0.0
1624,0.0,1.944563882520361e-05
1625,0.0,0.0
1626,0.0,1.9209677614075162
1627,0.0,7.301493766052553e-07
1628,0.0,7.641833258906849e-06
1629,0.14416992,0.13526214955499558
1630,0.0,0.0
1631,0.33376651,0.29856015617646203
1632,0.0,3.2079262590768173e-06
1633,0.0,6.502702909721095e-07
1634,0.0,1.4940165670067433e-05
1635,0.0,0.0
1636,0.0,0.0
1637,0.0,0.0
1638,0.0,1.8565604494254013e-05
1639,0.0,7.737875678952736e-07
1640,0.0,1.5326388330858384e-08
1641,0.0,0.0
1642,0.0,0.0
1643,0.0,0.0
1644,0.0,0.0
1645,0.0,7.854653571575601e-08
1646,0.0,0.0
1647,0.0,0.0
1648,0.0,7.632848507862597e-06
1649,0.0,1.9355304986814755e-06
1650,0.0,6.004684206846533e-07
1651,0.0,0.0
1652,0.0,0.0
1653,0.0,3.2656252556545996e-07
1654,0.0,0.0
1655,0.00021408,0.6907274813593015
1656,0.0,9.011871206274583e-06
1657,0.0,4.032668579077409e-06
1658,0.0,5.354967093978912e-07
1659,0.0,4.032668579077409e-06
1660,0.0,0.0
1661,0.0,0.0
1662,0.0,0.0
1663,0.0,0.0
1664,0.0,8.808244076459928e-07
1665,0.0,0.0
1666,0.0,0.0
1667,0.0,0.0
1668,0.00076448,0.0007182517174959294
1669,0.0,0.0
1670,0.0,0.0
1671,0.0,7.004381800911716e-07
1672,0.0,0.0
1673,0.0,0.0
1674,0.0,0.0
1675,0.00028544,0.00027402906361153224
1676,0.0,0.0
1677,0.0,0.0
1678,0.0,0.0
1679,0.0,0.0
1680,0.0,0.0
1681,0.0,0.0
1682,0.0,7.483582998378552e-07
1683,0.0,4.782203884425131e-06
1684,0.0,3.669674561172713e-06
1685,0.0493936,0.046344696262141466
1686,0.0,0.0
1687,0.0,0.0
1688,0.0,1.0112341620319463e-05
1689,0.0,0.0
1690,0.0,0.0
1691,0.0,6.893374652422602e-07
1692,0.0,9.921032158970674e-06
1693,0.0,2.2736702781162337e-05
1694,0.0,7.853823451972583e-07
1695,0.0,0.0
1696,0.0,0.0
1697,0.0,2.579449603291847e-07
1698,0.0,0.0
1699,0.0,0.0
1700,0.0,1.6631738490098362e-05
1701,0.0,3.8463103921156663e-07
1702,0.0,0.0
1703,0.0,0.0
1704,0.0,0.0
1705,0.0,0.0
1706,0.0,8.657270906647965e-07
1707,0.0,0.0
1708,0.0,0.0
1709,0.0,0.0
1710,0.0,0.0
1711,0.0,0.0
1712,0.0,2.261611085957361e-06
1713,0.002776,0.0026025808871330152
1714,0.0,5.028361296159473e-07
1715,0.002776,0.0026044328495606196
1716,0.0,7.84953834662792e-06
1717,0.0,1.4929292809569342e-05
1718,0.0,2.261611085957361e-06
1719,0.0,2.2957609175775423e-06
1720,0.0,7.22349928187592e-07
1721,0.0,1.9209805734103276
1722,0.0,-0.0
1723,0.0,2.261611085957361e-06
1724,0.02490368,0.2957927536065464
1725,0.0,-0.0
1726,0.0,0.0
1727,0.0,6.508708654004617e-07
1728,0.0,0.0
1729,0.00444608,0.004171737820102064
1730,0.0,0.0
1731,0.0,2.896383050656039e-07
1732,0.0,7.635442823719112e-07
1733,0.0,5.980378053733886e-07
1734,0.0,1.9758348200932137e-06
1735,0.0,5.980378053733886e-07
1736,0.0,6.230975326555244e-07
1737,0.0,8.382580855700488e-07
1738,0.0,4.186261085689659e-07
1739,0.0,3.508107738173596e-07
1740,0.0,5.936368399127559e-07
1741,0.0,2.896383050656039e-07
1742,0.0,2.896383050656039e-07
1743,0.0,1.3462514115359088e-06
1744,0.0,3.508107738173596e-07
1745,0.0,2.927047008324854e-07
1746,0.0,1.140601955056183e-06
1747,0.0,6.965932888522498e-07
1748,0.0,0.0
1749,0.0,0.0
1750,0.0,0.0
1751,0.0,7.231538788803844e-07
1752,0.0,4.4045064869701793e-07
1753,0.0,4.6205190040939685e-07
1754,2.94121015,4.896397818856952
1755,0.0,1.3563745208585317e-05
1756,0.0,1.3563745208585317e-05
1757,0.0,7.641961525121824e-06
1758,0.0,8.56402882771811e-07
1759,0.0,4.500978424205913e-06
1760,0.0,1.3648922706948113e-05
1761,0.0,8.082321250882598e-07
1762,0.0,8.723930525021571e-07
1763,0.0,5.683346180379097e-07
1764,0.0,4.4045064869701793e-07
1765,0.0,2.229233116331389e-06
1766,0.0,3.81643913497973e-06
1767,0.00076448,0.0007182517174959294
1768,0.00076448,0.0007182517174959294
1769,0.0,1.2425567112409251e-05
1770,0.0,1.2425567112409251e-05
1771,0.0,1.2497011695098424e-05
1772,0.0,1.8158882949566733e-06
1773,0.0,0.0
1774,0.0,6.278927716713311e-07
1775,0.0,0.0
1776,0.0,1.8158882949566733e-06
1777,0.00015616,0.00014640001381478095
1778,0.00622592,0.005838914559869754
1779,0.0,5.569800111109954e-06
1780,0.0,9.70374316466559e-07
1781,0.00022112,0.00019841152942404977
1782,0.00622592,0.005838914559869754
1783,0.0,8.267324080132777e-07
1784,0.0,1.975403881706362e-06
1785,0.0,3.103133347272317e-06
1786,0.0,9.686305486668127e-07
1787,0.0,0.0
1788,4.128e-05,3.886586724774767e-05
1789,4.128e-05,3.886586724774767e-05
1790,0.0,3.5253673166878323e-07
1791,0.0,0.0
1792,3.904e-05,3.676422786391062e-05
1793,0.0,0.0
1794,0.00018432,0.0001729348985256623
1795,0.0,8.842654864353079e-06
1796,7.808e-05,7.320000690739048e-05
1797,0.00444608,0.004173599404618253
1798,0.0,0.0
1799,0.0,0.0
1800,0.0,1.4612374005902476e-05
1801,0.00022112,0.0002074541033188423
1802,0.0,9.642961476698442e-08
1803,0.0,5.980378053733886e-07
1804,7.808e-05,7.320000690739048e-05
1805,0.00015616,0.00014640001381478095
1806,0.0,5.201962011200896e-07
1807,0.0,2.362811978194703e-05
1808,0.0,1.139104288382623e-05
1809,0.0,6.388510737636533e-07
1810,0.0,4.12612356932721e-06
1811,0.0,8.313570897517992e-06
1812,0.0,0.0
1813,0.0,0.0
1814,0.0,0.0
1815,0.0,1.6554733302106314e-06
1816,0.03045888,1.6273001560380649
1817,0.03045888,0.02859430889088513
1818,0.0493936,0.046344748479055856
1819,0.0,2.383429436836938e-06
1820,0.0,5.721830422683515e-06
1821,0.00014272,0.00013616631341244867
1822,0.0,-0.0
1823,0.0,0.0
1824,0.00010336,9.697189929371139e-05
1825,0.0,1.127959118633958e-06
1826,0.00010336,0.00010193250269426592
1827,0.0,3.1446564589659157e-06
1828,0.0,0.0
1829,0.0,0.034161192632200396
1830,0.00072896,0.000678436023683945
1831,0.00072896,0.000678436023683945
1832,0.0,5.756070594502426e-06
1833,0.0,3.5481715535114883e-06
1834,11.20881295,13.178407933711338
1835,0.0,3.151756592770161e-06
1836,0.0,1.8292304777467204e-06
1837,0.0,7.750835170929847e-07
1838,0.0,-0.0
1839,0.0,1.0950796306270882e-05
1840,0.0,9.985015871108874e-06
1841,0.0,0.0
1842,0.0,8.628360758152593e-07
1843,0.0,0.0
1844,0.0,1.4581841399288623e-06
1845,0.0,5.248852232389534e-06
1846,0.0,3.440353759381593e-06
1847,0.00014304,0.00013876918677877548
1848,0.00072896,0.0006953477352405034
1849,0.0,-0.0
1850,0.0,6.831006228351062e-07
1851,0.0,0.0
1852,0.0,2.5964048101011287e-06
1853,0.0,2.09878822596133e-06
1854,0.0,5.4977123953513985e-06
1855,0.0,0.0
1856,0.0,0.0
1857,0.0,2.0605900223192923e-06
1858,0.0,0.0
1859,0.0,4.564500494382059e-06
1860,0.0,0.0
1861,0.00072896,0.000687221150698621
1862,0.0,3.930808510277314e-06
1863,0.00072896,0.0006798942078238739
1864,0.0,8.147669153755586e-06
1865,0.0,0.0
1866,0.0,0.0
1867,0.0,0.0
1868,0.0,0.0
1869,0.0,0.0
1870,0.0,0.0
1871,0.0,8.106294109095419e-06
1872,0.0,1.6676175961789685e-05
1873,0.0,0.0
1874,0.0,8.250678378509714e-06
1875,0.0,0.0
1876,0.25478816,4.557294201375179
1877,0.12771744,0.11986506396814978
1878,0.0,0.0
1879,0.0,0.0
1880,0.0,0.0
1881,0.0578896,0.05435653653251949
1882,0.0,0.0
1883,0.00837312,0.007873153618632694
1884,0.0,0.0
1885,0.0,3.000159809483685e-05
1886,0.0,4.229142983750672e-06
1887,0.0,2.770710925384787e-06
1888,0.0,0.0
1889,0.0,0.0
1890,0.0,2.329093892817265e-06
1891,0.0,0.0
1892,0.0,7.409606518577307e-07
1893,0.0,0.0
1894,0.0,0.0
1895,0.0,2.68824411945948e-06
1896,2.67963735,3.4263976060297163
1897,0.0,0.0
1898,0.0,0.0
1899,0.0,5.052724171509108e-07
1900,0.0,0.0
1901,0.0,0.0
1902,0.0,6.527707302654822e-06
1903,0.0,0.0
1904,0.0,0.0
1905,0.0,0.0
1906,0.0,2.328965894161705e-06
1907,0.0,2.32966277097141e-06
1908,0.0,0.0
1909,0.0,0.0
1910,0.0,0.0
1911,0.0,0.0
1912,0.0,1.5036085516079072e-06
1913,0.0,0.0
1914,0.0,0.0
1915,0.0,2.343550968792427e-06
1916,0.0,3.2112143433342594e-06
1917,0.0,0.0
1918,0.0,0.0
1919,0.0,2.328912779104158e-06
1920,0.0,0.0
1921,0.0,2.181480658219336e-06
1922,0.0,7.409606518577307e-07
1923,0.0,2.906456650820207e-06
1924,0.0,0.0
1925,0.0,3.729807601550146e-06
1926,0.0,7.629546095878287e-07
1927,0.0,2.2291886399301626e-06
1928,0.0,2.2044775766168757e-06
1929,0.0,1.8116872552650086e-06
1930,0.0,1.4636587948191457e-06
1931,0.0,6.004684206846533e-07
1932,0.0,0.0
1933,0.0,8.588017893103037e-06
1934,0.0,2.4141219301063522e-06
1935,0.0,2.3182865395760123e-06
1936,0.0,2.1582176057326083e-06
1937,0.0,1.8008352382936702e-06
1938,0.0,0.0
1939,0.0,0.0
1940,0.0,0.0
1941,0.0,0.21444736854797802
1942,0.0,1.3621115162018934e-05
1943,0.0,1.8172118987060667e-06
1944,0.0,2.300672181129871e-06
1945,0.0,2.9912021762831247e-06
1946,0.09465344,5.312986502597926e-06
1947,0.0,0.0
1948,0.0,0.0
1949,0.0,0.0
1950,0.0,0.0
1951,0.0,0.0
1952,0.0,0.0
1953,0.0,0.0
1954,0.0,8.964849071833943e-07
1955,0.0,-0.0
1956,0.0,0.0
1957,0.0,0.0
1958,0.0707376,0.06638854641591957
1959,0.0,2.159349672923733e-06
1960,0.0,2.0320355973425076e-06
1961,0.0,2.18401576672558e-06
1962,0.0,0.0
1963,0.0,0.0
1964,0.0,0.0
1965,0.0,-0.0
1966,0.0,-0.0
1967,0.0,2.0457771636559913e-06
1968,0.0,8.413345917442336e-07
1969,0.0,2.2354602130465885e-06
1970,0.0,2.350436598638948e-06
1971,0.0,0.0
1972,0.0,0.0
1973,0.0,-0.0
1974,0.0,2.3091936685647933e-06
1975,0.0,7.840569143164002e-07
1976,0.0,0.0
1977,0.0,0.0
1978,0.0,0.0
1979,0.0,0.0
1980,5.69034663,7.127312931839784
1981,5.69034663,7.127315403391192
1982,0.0,1.9827725639504726e-06
1983,0.0,0.0
1984,0.0,4.457228129312707e-07
1985,0.0,8.183439857869956e-07
1986,0.09465344,0.0888176025635214
1987,0.0,0.0
1988,0.00018432,0.0001729348985256623
1989,0.0,3.750210264381865e-06
1990,0.0,2.395228364507511e-06
1991,0.0,3.7080207245209233e-06
1992,0.0,0.0
1993,0.0,0.0
1994,7.136e-05,6.70566712136581e-05
1995,0.0,0.0
1996,0.0,2.554175892337181e-06
1997,0.0,2.891984967167328e-07
1998,0.0,3.757493058712785e-06
1999,0.0,2.368488705454025e-06
2000,0.0,6.004684206846533e-07
2001,0.0,6.004684206846533e-07
2002,0.0,4.210551366219147e-07
2003,0.0,6.004684206846533e-07
2004,7.136e-05,6.695222890633884e-05
2005,0.0,3.712985173983718e-06
2006,0.0,2.5351022029007745e-06
2007,0.0,3.7646122844493595e-06
2008,0.0,8.906571080335822e-07
2009,0.0,2.3135049036600966e-06
2010,0.0,3.800564683022929e-06
2011,0.0,2.21428360317822e-06
2012,0.0,5.2216843891278835e-08
2013,0.0,5.2216843891278835e-08
2014,0.14416992,0.13526214955499558
2015,0.0,3.7833074115673255e-06
2016,0.0,2.246106791017574e-06
2017,0.0,2.6213535800394876e-08
2018,0.0,5.409076464536456e-07
2019,0.0,2.6014722861064222e-08
2020,0.00889216,0.008347796847041879
2021,0.07931776,0.0743870019907083
2022,0.0,3.921827170946869e-06
2023,0.0,3.366865241530074e-05
2024,0.0,2.0327463514852602e-06
2025,0.0,0.0
2026,0.0,2.6213535800394876e-08
2027,0.0,2.6014722861064222e-08
2028,0.0,1.1347518201845236e-06
2029,0.0,0.0
2030,7.136e-05,6.695222890633884e-05
2031,0.16720375,0.770166588457388
2032,7.136e-05,5.912197238465096e-05
2033,0.0,7.830259361259182e-06
2034,7.136e-05,6.695222890633884e-05
2035,7.136e-05,6.366858680847437e-05
2036,0.0,3.2836449650148635e-06
2037,0.0,6.004684206846533e-07
2038,0.0,6.004684206846533e-07
2039,0.0,0.0
2040,0.0,1.0014674254124152e-06
2041,0.0,3.1522184401576286e-06
2042,0.0,2.890092646062711e-06
2043,0.0,1.1109359605044516e-06
2044,0.0,3.2934984191596473e-06
2045,0.0,3.962650083832463e-06
2046,0.0,3.7383438522985136e-06
2047,0.0,3.6967018409386574e-07
2048,0.0,4.079380658342076e-06
2049,0.0,3.90145124874591e-06
2050,0.0,4.3578686695295345e-06
2051,0.01470272,0.01379275440554467
2052,0.0067392,0.006326091865876
2053,0.0,4.201767411770593e-06
2054,0.0,6.122927220924127e-07
2055,0.0,4.194808609372964e-06
2056,0.0,3.4234804170127545e-06
2057,0.0,5.606028666286954e-06
2058,0.0,0.0
2059,0.0,0.0
2060,0.0,8.150131434760382e-06
2061,0.27296832,0.06266022843967184
2062,0.0,0.6329333042938675
2063,0.0,1.2701477870692334e-06
2064,0.0,1.7223144162597578e-05
2065,1.13565763,0.047914861015063495
2066,0.0,-0.0
2067,0.0,0.9860480454448899
2068,0.0,9.285753041732385e-06
2069,0.0,1.2129415682820695e-06
2070,0.0,1.1696017758950821e-06
2071,7.136e-05,6.695222890633884e-05
2072,0.0,2.903692024647484e-08
2073,0.0,2.9171144061270264e-08
2074,0.0,3.266979588602887e-06
2075,0.0,0.0
2076,0.0,1.1968052151960603e-05
2077,0.0,7.702606002277434e-06
2078,0.0,1.2231357369389814e-06
2079,0.0,1.4748228944759352e-06
2080,0.0,1.4835656121190563e-06
2081,0.0,8.750464941013944e-07
2082,0.0,1.2679121323573458e-06
2083,0.0,1.3583070464616924e-06
2084,0.0,2.0892310988708246e-06
2085,0.0,2.5805625492020486e-06
2086,0.0,1.6120685581757558e-05
2087,0.0,1.2129415682820695e-06
2088,0.0,2.4818794916427597e-06
2089,0.0,2.5168393496003656e-06
2090,0.0,2.257931780723345e-06
2091,0.0,2.612081071548783e-06
2092,0.0,1.3909406423130229e-06
2093,0.0,2.1635895706434333e-06
2094,0.0,1.1696017758950821e-06
2095,0.0,2.5782355406560307e-06
2096,0.0,1.2231357369389814e-06
2097,0.0,2.7406458881976866e-06
2098,0.0,2.4132456383278206e-06
2099,0.0,7.301493766052553e-07
2100,0.0,6.502702909721095e-07
2101,0.0,4.2165107006861065e-06
2102,0.0,1.4748228944759352e-06
2103,0.0,3.8459914897672315e-06
2104,0.0,7.737875678952736e-07
2105,0.0,1.9472464959626851e-07
2106,0.0,3.2656252556545996e-07
2107,0.0,5.354967093978912e-07
2108,0.0,8.808244076459928e-07
2109,0.0,7.004381800911716e-07
2110,0.0,1.4835656121190563e-06
2111,0.0,2.731269406644931e-06
2112,0.0,1.2679121323573458e-06
2113,0.0,3.1923592454023216e-06
2114,0.0,1.3583070464616924e-06
2115,0.0,7.483582998378552e-07
2116,0.0,0.0
2117,0.0,6.893374652422602e-07
2118,0.0,7.853823451972583e-07
2119,0.0,3.7935041117226775e-06
2120,0.0,3.6514812613386076e-06
2121,0.0,2.558549681202624e-06
2122,0.0,3.801371270391831e-06
2123,0.0,5.691333633230052e-06
2124,0.0,5.3295571330198595e-06
2125,0.0,3.999181634247553e-06
2126,0.0,4.550666550062857e-06
2127,0.0,0.0003757301969026998
2128,0.0,2.579449603291847e-07
2129,0.0,3.8463103921156663e-07
2130,0.0,8.657270906647965e-07
2131,0.0,5.028361296159473e-07
2132,0.0,7.22349928187592e-07
2133,0.0,6.508708654004617e-07
2134,0.0,7.635442823719112e-07
2135,0.0,2.927047008324854e-07
2136,0.0,4.6205190040939685e-07
2137,0.0,8.56402882771811e-07
2138,0.0,0.0003757301969026998
2139,0.0,0.0
2140,0.0,0.0
2141,0.0,6.278927716713311e-07
2142,0.0,6.8468641102932115e-06
2143,0.0,0.0
2144,0.00014272,0.00013390445852353564
2145,0.0,6.004684206846533e-07
2146,0.0,1.6413391636921017e-05
2147,0.0,0.0
2148,0.0,0.0
2149,0.30868192,0.2896451431374202
2150,7.136e-05,6.695222890633884e-05
2151,0.00018432,0.00017293489851893387
2152,0.30868192,0.28961318956413085
2153,0.0,9.811367052671269e-06
2154,0.0,4.085005604403118e-06
2155,0.0,9.70374316466559e-07
2156,0.0,8.267324080132777e-07
2157,0.0,9.686305486668127e-07
2158,0.0,3.5253673166878323e-07
2159,0.0,0.0
2160,0.0,0.0
2161,0.0,5.201962011200896e-07
2162,0.02642848,0.02478292061838368
2163,0.0,2.5617302904231696e-06
2164,0.0,3.2112028911354984e-06
2165,0.0,2.718793665957374e-06
2166,0.0,1.4258745122240105e-05
2167,0.0,6.388510737636533e-07
2168,0.0,1.127959118633958e-06
2169,0.0,8.628360758152593e-07
2170,0.0,0.0
2171,0.0,-0.0
2172,0.0,2.403860118787853e-06
2173,0.0,0.0
2174,0.0,0.0
2175,0.00057088,0.0020387474748401638
2176,0.84041056,0.10101591295958605
2177,0.0,2.2007551601156646e-06
2178,0.0,2.508116054180404e-06
2179,0.0,1.2488645576475223e-06
2180,0.0,1.8861765801706157e-06
2181,0.0,2.557753152744445e-06
2182,0.00018432,0.00017293489848239145
2183,0.0,7.858628565087087e-06
2184,0.0,0.0
2185,0.0,0.0
2186,0.0,6.831687314475135e-06
2187,0.0,1.5104661570302924e-05
2188,0.0,8.308099113939035e-06
2189,0.6224749,0.16514934685109697
2190,2.00764213,2.1046431475714074
2191,0.00018432,0.00017293489851893387
2192,0.04419808,0.04146734513015312
2193,0.0592848,0.055621872984155815
2194,0.0,2.856253133202026e-06
2195,7.136e-05,0.00043987838665340395
2196,0.0,0.0
2197,0.0,0.0
2198,0.0,0.0
2199,0.0,0.2735750616461332
2200,0.0,0.0
2201,0.0,0.0
2202,7.136e-05,9.53925422579783e-05
2203,7.136e-05,6.789208646565443e-05
2204,0.01818976,0.0170661808875974
2205,0.03031616,0.02844354387516379
2206,0.0,9.398489077953752e-07
2207,0.03031616,0.02844354387516379
2208,7.136e-05,6.789208646565443e-05
2209,0.03031616,0.02844354387516379
2210,0.0,2.14571505644346e-05
2211,0.0,0.0
2212,0.0,0.0
2213,0.0,0.0
2214,0.0,3.0407726139289832e-06
2215,0.0,1.1894908073423076e-05
2216,0.0,1.1804462693523678e-05
2217,0.0,0.0
2218,0.0,0.7508415387721687
2219,0.0,0.0
2220,0.0,0.0
2221,0.12195808,0.11443246209530175
2222,0.0,1.589692922036181e-06
2223,0.0,2.5571638513990077e-08
2224,1.12292035,0.07618824503258384
2225,0.0,2.5406131568580594
2226,0.0,0.0
2227,0.0,2.930009948877913e-07
2228,0.0,1.7403438491492e-06
2229,0.0,5.894222191217605e-07
2230,0.0,1.473394408705767e-06
2231,0.0,1.6037263583253918e-06
2232,0.0,1.4439225722230428e-06
2233,0.0,5.894222191217605e-07
2234,0.0,-0.0
2235,0.0,5.894222191217605e-07
2236,0.0,7.901615637989475e-06
2237,0.0,3.434249015036523e-07
2238,0.02042048,0.019155091052842625
2239,1.05926871,2.300961003242954e-06
2240,0.02406848,0.022573081093328715
2241,0.07931776,0.07442067064312209
2242,0.0,1.098061438515943e-05
2243,0.0,-0.0
2244,0.0,0.0
2245,0.0,0.0
2246,0.0,0.0
2247,0.0,1.7563844826533655e-06
2248,0.0,5.218418055735388e-06
2249,0.0,4.952533131429712e-06
2250,0.0,5.201962011200896e-07
2251,0.11870368,0.11136987539438511
2252,0.0,8.113264005427427e-06
2253,0.0,0.0
2254,0.0,0.0
2255,0.0,0.0
2256,0.0,0.0
2257,0.27296832,0.06266022843967184
2258,0.0,0.0
2259,0.27296832,0.06266022843967184
2260,0.0,0.0
2261,0.0,1.589692922036181e-06
2262,0.0,0.0
2263,0.0,1.3390768495468412e-05
2264,0.0,0.0
2265,0.0,0.0
2266,0.0,0.0
2267,0.0,1.473394408705767e-06
2268,0.0,1.6037263583253918e-06
2269,0.0,1.0443368778255767e-07
2270,0.02042048,0.019155091052842625
2271,0.0,1.2668381882051377e-05
2272,0.0,0.0
2273,0.07931776,0.0744220288416603
2274,0.02406848,0.022573081093328715
2275,0.0,1.7563844826533655e-06
2276,0.0,5.218418055735388e-06
2277,0.0,5.7816811370766215e-06
2278,0.0,9.787942116318589e-05
2279,0.0,1.1731585198992394e-06
2280,0.0,1.1794403251218621e-06
2281,0.0,0.0
2282,0.00018432,0.00017293489848239145
2283,0.0,0.0
2284,0.0,0.0
2285,0.0,0.0
2286,0.0,7.674497464883521e-07
2287,0.0,0.0
2288,0.0,1.2143106994976556e-05
2289,0.0,1.204886272573725e-05
2290,0.0,0.0
2291,0.0,0.0
2292,0.0,3.434249015036523e-07
2293,0.0,3.434249015036523e-07
2294,0.0,2.6411323059289573e-06
2295,0.0,7.472092355903577e-06
2296,0.0,0.0
2297,0.0,1.0443368778255767e-07
2298,0.0,0.0
2299,7.136e-05,6.695222890633884e-05
2300,7.136e-05,6.695222890633884e-05
2301,0.38568759,8.596775551903216e-06
2302,2.00764213,2.1038514318108117
2303,0.12195808,0.11442406409301659
2304,0.0,0.0
2305,0.12195808,0.11442406409301659
2306,0.04925088,0.04620998246843461
2307,0.0,0.0
2308,0.0,0.0
2309,0.0,0.0
2310,0.0,1.7347613821635232e-05
2311,0.0,1.9812127971298915e-05
2312,0.28609355,0.2538503832336195
2313,0.0,0.0007706456351599321
2314,0.0,0.0
2315,0.0,1.4614783900281526e-05
2316,0.0,5.126784321546208e-06
2317,0.0,0.0
2318,0.0,0.0
2319,0.0,0.0
2320,0.0,0.0
2321,0.08070592,0.07571866023191713
2322,0.08070592,0.07572274507568029
2323,0.0,0.0
2324,0.0,0.0
2325,0.0,0.0
2326,0.0,0.0
2327,0.0,0.0
2328,0.0,1.6454756624228862e-05
2329,0.0,0.0
2330,0.0,-0.0
2331,0.0,3.434249015036523e-07
2332,0.0,0.0
2333,0.0,0.0
2334,0.0,5.4977123953513985e-06
2335,0.0,4.020892314533171e-06
2336,0.0,0.0
2337,0.04930624,8.34788478152842e-06
2338,0.0,4.097215652455707e-06
2339,0.0,0.0
2340,0.04930624,8.34788478152842e-06
2341,0.0,1.6554733302106314e-06
2342,0.0,0.0
2343,0.0,0.0
2344,0.0,3.2663216097643955e-06
2345,0.0,5.571181687614564e-07
2346,0.0,0.0
2347,0.0,1.7949351261522841e-06
2348,0.0,5.726819424798755e-07
2349,0.0,3.975095603429124e-06
2350,0.09296928,0.08722551547436834
2351,0.0,0.0
2352,0.17414912,0.1633909436159308
2353,0.0,0.0
2354,0.0,1.298788440970077e-06
2355,0.0,2.3087865082842575e-06
2356,0.0,2.6985959269831504e-06
2357,0.0,0.0
2358,0.0,1.0443368778255767e-07
2359,0.0,1.0443368778255767e-07
2360,0.0,7.98258338484177e-06
2361,0.0,5.3003201630182284e-06
2362,0.0,4.92693212390963e-06
2363,0.0,0.0
2364,0.16816864,0.6919097183248817
2365,0.0,0.0
2366,0.0,0.0
2367,0.0,1.9041988095895361e-06
2368,0.0,1.904390329599828e-06
2369,0.0,8.343710934081919e-06
2370,0.0,4.353501878368724e-06
2371,0.0,1.5254412114828826
2372,0.0,0.0
2373,0.0,0.0
2374,0.0,0.0
2375,0.0,0.0
2376,7.136e-05,6.695222890633884e-05
2377,0.0,0.0
2378,0.6224749,0.09536710722110164
2379,0.0,0.0
2380,7.136e-05,6.695222890633884e-05
2381,0.0,0.0
2382,0.50044546,5.798763134877229e-06
2383,0.00028544,0.0002678089170470713
2384,0.0,0.0
2385,0.0,0.0
2386,0.0,0.0
2387,0.0,0.0
2388,0.0,0.0
2389,0.0,0.0
2390,0.07931776,0.07442067064312209
2391,0.0,4.084843763159463e-06
2392,0.0,0.01910674155248439
2393,0.0,0.7546352566930199
2394,0.6224749,0.09532618805994975
2395,0.0,0.0
2396,0.0,0.0
2397,0.0,0.0
2398,0.00837312,0.007856865399255194
2399,0.0,1.2760833035556581e-05
2400,0.0,1.0735888802614355e-06
2401,0.0,7.243579618029437e-06
2402,0.0,0.0
2403,0.0,0.0
2404,0.00014272,0.00013390445781267767
2405,7.136e-05,7.144896376063984e-05
2406,7.136e-05,6.695222890633884e-05
2407,0.0,0.0
2408,0.0,0.0
2409,0.0,1.740169865438951e-05
2410,0.0,0.0
2411,0.0,0.0
2412,0.0,0.2849192949828302
2413,0.0,0.0
2414,0.0,0.0
2415,0.0,4.496731963266614e-06
2416,0.0,1.0321363889037692e-07
2417,0.0,1.0321363889037692e-07
2418,0.0,1.975403881706362e-06
2419,0.0,1.975403881706362e-06
2420,0.0,0.0
2421,0.07931776,0.07440194626034899
2422,0.0,6.162020875033634e-06
2423,0.0,5.995354418877692e-06
2424,0.0,2.0786176560619177e-06
2425,0.00622592,0.005838914559869754
2426,0.0,1.2157375298783376e-05
2427,0.0,8.171256275376204e-06
2428,0.0,5.995354418877692e-06
2429,0.0,0.0
2430,0.0,0.0
2431,0.0,0.0
2432,0.0,0.0
2433,0.0,5.4097260733374834e-06
2434,0.65892621,3.323697238821847
2435,0.11870368,0.11136987539438511
2436,0.0,2.936965054781476e-05
2437,0.0,1.1759752022559607e-06
2438,0.00837312,0.007867157348987719
2439,0.0,0.0
2440,0.0,3.6369792601184624e-06
2441,0.0,1.7469021642542178e-06
2442,0.0,1.2814852481277256e-06
2443,0.01818976,0.017064433985431705
2444,0.0,-0.0
2445,0.0,0.0
2446,0.00837312,0.007863017342589937
2447,0.0,1.6434206993499285e-05
2448,0.0,0.0
2449,0.0,0.0
2450,0.0,1.6741846092077217e-05
2451,0.0,0.0
2452,0.0,0.01699915133439752
2453,0.0,0.0
2454,0.0,0.0
2455,0.0,0.0
2456,0.0,0.0
2457,0.0,0.0
2458,7.136e-05,6.695222890633884e-05
2459,0.0,0.0
2460,0.0,0.0
2461,0.0,0.0
2462,0.0,0.0
2463,0.0,-0.0
2464,0.0,1.6413585878538538e-05
2465,0.0,0.0
2466,0.0,0.0
2467,0.01245184,0.011677829119739507
2468,0.00889216,0.00834380619190922
2469,0.0,0.0
2470,0.0,0.0
2471,0.0,0.0
2472,0.0,0.0
2473,0.0,2.906638005184143e-06
2474,0.09748128,0.09144936089377295
2475,0.0,0.0
2476,0.0,0.0
2477,0.09748128,0.09143232070301896
2478,0.0,1.0321363889037692e-07
2479,0.0,1.0321363889037692e-07
2480,0.01245184,0.011686092287780222
2481,0.0,0.0
2482,0.09748128,0.09142818665084969
2483,0.00622592,0.005838914559869754
2484,0.00889216,0.008347796847041879
2485,0.0,1.842549290408404e-06
2486,0.03023616,0.028373629241101924
2487,0.0,0.0
2488,0.00889216,0.008347796847041879
2489,0.00889216,0.00834380619190922
2490,0.00889216,0.00834380619190922
2491,0.0,0.0
2492,0.0,1.6541667058529336e-06
2493,0.0,2.7797867344402793e-06
2494,0.0,0.0
2495,0.0,0.0
2496,0.0,1.4606141154627216e-05
2497,0.0,0.0
2498,0.00889216,0.008347796847041879
2499,0.00889216,0.008347796847041879
2500,1.76e-05,1.6512881568827965e-05
2501,0.0,0.0
2502,0.0,1.975403881706362e-06
2503,2.67963735,3.4263976060297163
2504,0.0,8.187705015247826e-06
2505,0.0,9.084431114375592e-08
2506,0.0,1.1736006543392562e-07
2507,0.00014272,0.00013616631341244867
2508,0.0,0.0
2509,0.0,0.0
2510,0.0,0.0
2511,0.0,0.0
2512,0.0,0.0
2513,0.0,0.0
2514,0.0,0.0
2515,0.0,0.0
2516,0.0,7.912478378547368e-06
2517,0.0,3.1114423956587444e-06
2518,0.0,1.4446577610091046e-05
2519,0.0,0.0
2520,0.0,0.0
2521,0.0,8.073968706171367e-06
2522,0.0,0.0
2523,0.0,0.0
2524,0.0,0.0
2525,0.0,1.414663654226866e-08
2526,0.0,0.0
2527,0.0,1.414663654226866e-08
2528,0.0,0.0
2529,0.0,0.0
2530,0.0,0.0
2531,0.0,0.0
2532,0.0,0.0
2533,0.0,0.0
2534,0.0,0.0
2535,0.0,0.0
2536,0.0,1.629174303730383e-05
2537,0.0,0.0
2538,0.0,2.380638594137283e-06
2539,0.0,0.0
2540,0.0,0.0
2541,0.0,8.251017228139596e-06
2542,0.0,5.705772512405146e-06
2543,0.00010912,0.00010731276389001315
2544,0.0,3.1495279090580823e-06
2545,0.00010912,0.0001023758806925288
2546,0.0,1.8321148677481112e-06
2547,0.00889216,0.008347796847041879
2548,0.01245184,0.011677829119739507
2549,0.0,1.414663654226866e-08
2550,0.0,0.0
2551,0.0,1.414663654226866e-08
2552,0.0,3.3121487458510366e-06
2553,0.0,6.785064089404675e-07
2554,0.0,6.785064089404675e-07
2555,0.11259936,0.10565848003047533
2556,0.0,0.0
2557,0.0,1.414663654226866e-08
2558,0.0,0.0
2559,0.0,1.414663654226866e-08
2560,7.136e-05,6.695222890633884e-05
2561,0.00014272,0.0005096868687100409
2562,0.0,7.380339726976293e-06
2563,7.136e-05,0.0004427346397919092
2564,0.0,1.079154574410821e-05
2565,0.0,4.341300006733417e-06
2566,0.0,5.201962011200896e-07
2567,0.0,1.8185130718006883e-05
2568,0.0,3.845657995594472e-06
2569,0.0,0.0
2570,0.0,1.0051584336634298e-05
2571,0.0,4.75775021794566e-06
2572,0.09465344,5.312986502597926e-06
2573,0.0,0.0
2574,0.0,4.1689048332676566e-06
2575,0.0,0.0
2576,0.0,4.634749913506264e-06
2577,0.0,4.0741636730386575e-06
2578,0.0,3.4494298824791245e-08
2579,0.0,3.445901103966668e-08
2580,0.00837312,0.007849666936437297
2581,0.00864544,0.008107378798207308
2582,0.00864544,0.008102919383039147
2583,0.0,4.125944665264085e-06
2584,8e-06,7.50562078134391e-06
2585,0.04297344,0.382901675901695
2586,0.11600736,0.4957490195227825
2587,0.0,8.352476549667861e-05
2588,0.0,7.330052391527515e-06
2589,0.0,0.0
2590,0.0,1.1577635551620835
2591,0.33376651,0.2985560225126583
2592,0.06246176,0.0586013885265144
2593,0.00022688,0.00021253267992848721
2594,0.48159287,2.1938995745099014e-05
2595,0.002776,0.0026044328495606196
2596,0.0,0.0
2597,0.00022112,0.0002074541033188423
2598,4.128e-05,3.886586724774767e-05
2599,0.0,0.0
2600,0.00072896,0.000678436023683945
2601,0.0,4.12612356932721e-06
2602,0.0016656,0.001562659756731365
2603,0.0,5.2216843891278835e-08
2604,0.0,0.0
2605,0.00010336,9.697189929371139e-05
2606,5.69034663,7.127312931839784
2607,0.0016656,0.0015626597564757738
2608,0.30868192,0.28961318956413085
2609,2.00764213,2.104602736828026
2610,0.0,2.9054637350597656e-05
2611,0.00010912,0.0001023758806925288
2612,0.0,0.0
2613,0.0,3.207271924575249e-06
2614,0.0,3.207271924575249e-06
2615,0.0,1.0601810127487964e-06
2616,0.0,1.0601810127487964e-06
2617,0.0,0.0
2618,0.08070592,0.07572274507568029
2619,0.0,-0.0
2620,0.0,0.0
2621,0.0,-0.0
2622,0.0,-0.0
2623,0.0,-0.0
2624,0.0,-0.0
2625,0.00837312,0.007863017342589937
2626,0.0,0.0
2627,0.0,1.0051584336634298e-05
2628,0.09748128,0.09142818665084969
2629,0.0,0.0
2630,0.00513952,0.0029723340660308844
2631,0.0,0.0
2632,0.0,0.0
2633,0.0,0.0
2634,0.0,0.0022378283105436666
2635,0.0,1.6554733302106314e-06
2636,0.0,1.0150831747171453e-05
2637,0.0,5.674364957194399e-07
2638,0.0,5.201962011200896e-07
2639,0.0,9.607397910879822e-06
2640,0.0,9.013126207328756e-06
2641,0.0,9.013126204312451e-06
2642,0.0,9.013126330084284e-06
2643,0.0,9.013126423408871e-06
2644,0.0,9.013314834155943e-06
2645,0.0,0.0
2646,0.0,9.013485900397991e-06
2647,0.0,2.202440529279192e-05
2648,0.0,0.0
2649,0.0,-0.0
2650,0.0,7.79292475248674e-06
2651,0.0,0.0
2652,0.0,9.088285838336143e-06
2653,0.0,0.0
2654,0.0,1.8759089793438689e-06
2655,0.0,1.8759089793438689e-06
2656,0.0,1.4776670977295932e-05
2657,0.0,0.0
2658,0.0,7.815724239320944e-06
2659,0.0,1.1809466770620465e-05
2660,0.0,0.0
2661,0.0,0.0
2662,0.0,0.0
2663,0.0,0.0
2664,0.0,0.0001022782937864819
2665,0.0,0.0
2666,0.0,1.238000531704934e-07
2667,0.0,0.0
2668,0.0,0.0
2669,0.1138816,0.06485301210191488
2670,0.0,0.0
2671,0.1138816,0.06485311368009641
2672,0.1138816,0.06449836987424921
2673,0.1138816,0.06449246173433157
2674,0.1138816,0.0644909246974789
2675,0.0,9.407387999634864e-08
2676,0.0,0.3647363734788117
2677,0.08897792,0.056095402431233864
2678,0.04084096,0.028346041383078748
2679,0.0,0.007744697753785354
2680,0.0,1.1754882637495842e-05
2681,0.0,0.36472845687437294
2682,0.0,0.36472019725534005
2683,0.0,3.1754956670334175e-06
2684,0.0,4.349176724824998e-06
2685,0.0,6.049094748233954e-06
2686,0.09465344,0.08881707881175742
2687,0.0,2.6076355271095243e-07
2688,0.0,4.726193966865778e-07
2689,0.09465344,0.12298620469437531
2690,0.64094092,0.20921119084897857
2691,0.64094092,0.20919434903963535
2692,0.0,1.5984614768884394e-05
2693,0.0,9.398489077953752e-07
2694,0.0,1.6849151304414907e-05
2695,0.0,7.155255453567542e-07
2696,0.0,2.7689060904861838e-05
2697,0.0,1.5545526263047647e-05
2698,0.0,1.7429376632656888e-05
2699,0.0,0.6864693254214281
2700,0.0,1.0805889556738587e-05
2701,0.0,8.658434089184393e-06
2702,0.0,1.578291941067719e-05
2703,0.0,0.0
2704,0.0,8.25731864894569e-06
2705,0.0,1.1631628707015225e-05
2706,0.0,5.081606510068469e-06
2707,0.18603392,0.17457090532883285
2708,0.0,2.80588989086741e-05
2709,0.0,1.708514581156099e-06
2710,0.0,1.845732773041951e-05
2711,0.0,1.7384137772423595e-05
2712,0.0,1.3726032630238626e-05
2713,0.0,0.04864461346305529
2714,0.0,8.35997897048068e-06
2715,0.0,0.0
2716,0.0,0.051933923314926626
2717,2.58498391,3.426390460928344
2718,2.58498391,3.426390460928344
2719,0.0,0.0
2720,0.0,8.182143034324179e-06
2721,0.0,0.0
2722,0.0,-0.0
2723,0.0,2.01398676470305e-05
2724,0.0,8.961202119485155e-07
2725,0.0,0.0
2726,0.0,0.0
2727,0.0,9.592992638372667e-07
2728,0.0,4.924920956793266e-06
2729,0.59121664,0.5547195138423088
2730,0.0016656,0.0015871032619315577
2731,0.0,8.445100418938328e-06
2732,0.0,0.0
2733,0.0,8.491828298018556e-06
2734,0.0,2.5963357396772074e-05
2735,0.0,1.2474345331834147e-06
2736,0.0,1.7388289894330712e-05
2737,0.0,0.0
2738,0.0,8.705590283987236e-06
2739,0.0,0.0
2740,0.0,-0.0
2741,0.0,-0.0
2742,0.0,1.688799388440849e-07
2743,0.0,0.0
2744,0.0,0.0
2745,0.0,0.0
2746,0.0,0.0
2747,0.0,-0.0
2748,0.0,1.5986577702633133e-06
2749,0.0,0.0
2750,0.0,0.0
2751,0.0,0.0
2752,4.73872209,5.364912565320244
2753,4.73793713,5.364727943512652
2754,0.0,0.0
2755,0.0,0.0
2756,0.0,0.0
2757,0.0,0.0
2758,0.0,0.0
2759,0.0,0.0
2760,0.0,0.0
2761,0.0,0.0
2762,0.0,0.0
2763,0.0,-0.0
2764,0.0,-0.0
2765,0.0,0.0
2766,0.0,0.0
2767,0.0,0.0
2768,0.0,0.0
2769,0.0,0.0
2770,0.0,0.0
2771,0.0,1.8781454487943487e-07
2772,0.0,1.4529119079906964e-05
2773,0.0,0.0
2774,0.0,2.564329875056238e-05
2775,0.0,0.0
2776,0.0,1.6816967615033647e-05
2777,0.0,5.858323079328221e-07
2778,0.0,-0.0
2779,0.0,8.478385502646702e-06
2780,0.0,1.614698919642145e-05
2781,0.0,1.8434172658060812e-05
2782,0.0,3.470084881690722e-06
2783,0.0,1.828057843613875e-05
2784,0.0,2.463966314384339e-06
2785,0.04813696,0.02607262648049894
2786,0.0,9.9049607480577e-06
2787,0.0,1.6974120331870045e-05
2788,0.0,0.0
2789,0.0,0.0
2790,0.0,-0.0
2791,0.0,1.783735709933241e-06
2792,0.0,-0.0
2793,0.0,0.0
2794,0.0,0.0
2795,0.0,3.9834769735481014e-05
2796,0.0,0.0
2797,0.0,1.9472464959626851e-07
2798,0.0,5.605015640260913e-06
2799,0.0,1.7324359573390108e-05
2800,0.0,0.0
2801,0.0,0.0
2802,0.0,0.0
2803,0.0,0.0
2804,0.0,4.061283809172105e-06
2805,0.0,4.061283809172105e-06
2806,0.0,1.6314384267644014e-05
2807,0.0,0.0
2808,0.0,1.5612832015753056e-05
2809,0.0,8.027054707967328e-06
2810,0.0,-0.0
2811,0.0,1.7066692347417203e-05
2812,0.0,1.0053693996152856e-05
2813,0.0,0.0
2814,0.0,0.0
2815,0.0,0.0
2816,0.0,0.0
2817,0.0,1.2217136494665122e-05
2818,0.0,0.0
2819,0.0,0.0
2820,0.0,1.6194461584054644e-05
2821,0.0,0.0
2822,0.0,0.0
2823,0.0,1.3859743091576792e-05
2824,0.0,0.0
2825,0.0,0.0
2826,0.0,0.0
2827,0.0,2.4921541622496182e-05
2828,0.0,1.0695290567196885e-05
2829,0.0,0.0
2830,0.0,2.327742614518001e-07
2831,0.0,1.8218402548631443e-05
2832,0.34210368,0.32097617754553953
2833,0.0,0.0
2834,0.0,0.0
2835,0.0,0.0
2836,0.0,9.476342662967354e-07
2837,0.0,7.983083152492969e-07
2838,0.0,1.1827472441353264e-06
2839,0.0,1.3833464179684476e-06
2840,0.0,0.0
2841,0.0,1.3076656541593918e-06
2842,0.0,1.1791678963679677e-06
2843,0.0,1.1791690175309982e-06
2844,0.0,4.4289717686761977e-07
2845,0.0,1.1629063276147643e-06
2846,0.0,0.0
2847,0.0,6.651583507191056e-07
2848,0.0,1.4423647927257685e-06
2849,0.0,1.4423647927257685e-06
2850,0.0,1.3160518257731737e-05
2851,0.0,0.0
2852,0.0,7.70775282801318e-06
2853,0.0,0.0005484521628502737
2854,0.0,8.591993022640751e-06
2855,0.0,0.0
2856,0.0,0.0
2857,0.0,1.651885947409183e-05
2858,0.0,0.0
2859,0.0,-0.0
2860,0.0,-0.0
2861,0.0,0.0
2862,0.0,8.526079807226624e-06
2863,0.0,-0.0
2864,0.0,0.0
2865,0.0,0.0
2866,0.0,6.0737328907763816e-06
2867,0.0,0.0
2868,0.0,0.0
2869,0.0,0.0
2870,0.0,8.737075775164256e-06
2871,0.0,0.0
2872,0.04448896,0.041776885890303025
2873,0.0,1.3308256580560758e-05
2874,0.0,0.0818059441735165
2875,0.0,4.696036711974996e-07
2876,0.0,5.800955843927077e-07
2877,0.0,-0.0
2878,0.0,0.0
2879,0.0,0.0
2880,0.0,0.0
2881,0.0,0.1387320732448971
2882,0.0,4.131676466109479e-06
2883,0.0,4.275825890853518
2884,0.0,8.629855246692322e-06
2885,0.0,2.6809671808088235e-06
2886,0.0,-0.0
2887,0.0,8.259608149383852e-06
2888,0.0,0.0
2889,0.0,0.0
2890,0.0,6.1349483338219305e-06
2891,0.0,0.0
2892,0.0,0.0
2893,0.0,0.0
2894,0.0,0.0
2895,0.0,-0.0
2896,0.0,8.485031910732753e-06
2897,0.0,-0.0
2898,0.0,0.0
2899,0.0,0.0
2900,0.0,1.6518859328331722e-05
2901,0.0,0.0
2902,0.0,0.0
2903,0.0,0.0
2904,0.0,0.0
2905,0.0,-0.0
2906,0.0,0.0
2907,0.0,1.277788135810884e-05
2908,0.0,0.0
2909,0.0,0.0
2910,0.0,0.0
2911,0.0,1.5687895342646727e-06
2912,2.11405888,1.7930665355613498
2913,0.00889216,0.008352180857296894
2914,0.0,1.3401096724238432e-05
2915,0.0,0.0
2916,0.0,3.289337681760167e-05
2917,0.0,5.767576982326411e-07
2918,0.0,3.3225434961381767e-06
2919,0.0,3.3225434961381767e-06
2920,0.0,0.0
2921,0.0,8.283068143976449e-06
2922,0.0,1.5397727367308537e-05
2923,0.0,2.0498533532620552e-05
2924,0.0,0.0
2925,0.0,0.0
2926,0.0,1.0199286494124439e-06
2927,0.0,1.723109407342513e-05
2928,0.0,1.3679264151298432e-06
2929,0.0,0.0
2930,0.0,1.1319905535878521e-06
2931,0.0,1.1430908686350432e-05
2932,0.0,1.650376404587084e-05
2933,0.0,0.0
2934,0.0,0.0
2935,0.0,9.43892507941373e-06
2936,0.0,0.38287460713490956
2937,0.0,2.6943454091850916e-05
2938,0.0,3.141608737689565e-06
2939,0.0,2.6924644851047863e-06
2940,0.0,2.5040631160312166e-05
2941,0.0,2.8595246170937116e-07
2942,0.0,0.0
2943,0.0,0.0
2944,0.0,8.316943323071999e-06
2945,0.0,8.316943323031038e-06
2946,0.0,8.316943315702242e-06
2947,0.0,8.31694342741684e-06
2948,0.0,8.316943506886057e-06
2949,0.0,8.3171039349747e-06
2950,0.0,1.0083805647369938e-05
2951,0.0,8.317249598435126e-06
2952,0.0,1.3908721688054157e-05
2953,0.0,0.0
2954,0.0,0.0
2955,0.0,-0.0
2956,0.0,8.232988334580633e-06
2957,0.0,4.125972068831971e-06
2958,0.0,0.0
2959,0.0,3.2394014524265993e-06
2960,0.0,0.0
2961,0.0,1.8627073069948058e-05
2962,0.0,5.844790833898856e-07
2963,0.0,4.118729634600488e-07
2964,0.0,0.0
2965,0.0,0.0
2966,0.0,1.0266548484429256e-05
2967,0.0,0.0
2968,0.0,-0.0
2969,0.0,3.175078279984796e-06
2970,0.2234,0.20960632169511126
2971,0.0,0.016627890475046096
2972,0.0,4.125994908175894e-06
2973,0.0,1.993670413369688e-05
2974,0.0,4.6539606925769056e-07
2975,0.14416992,0.1352664598023022
2976,0.14416992,0.13527043725089102
2977,0.0,0.0
2978,0.27976608,0.2624805386173495
2979,0.0,0.0
2980,0.0,2.750632238669187e-06
2981,0.0,2.750632238669187e-06
2982,0.0,9.136262731640795e-06
2983,0.0,0.0
2984,0.0,1.3203477154760027e-06
2985,0.0,0.0
2986,0.0,1.4741947806070489e-05
2987,0.0,2.1713150863754222e-05
2988,0.0,1.8001265887213586e-05
2989,0.0,2.7392299560711853e-06
2990,0.0,0.0
2991,0.0,8.383137917440319e-06
2992,0.0,-0.0
2993,0.0,0.0
2994,0.09296928,0.08727919011150095
2995,0.0,1.843002654106156e-05
2996,0.0,2.5405207122334493e-07
2997,0.03031616,0.028455438611048683
2998,0.0,1.572935284936147e-05
2999,0.0,1.611852970803435e-05
3000,0.0,0.0
3001,0.0,7.538873102941765e-06
3002,0.0,1.7497561282673895e-07
3003,0.0,0.0
3004,0.0,0.0
3005,0.0,1.4357857856488751e-05
3006,0.0,7.805093558077051e-06
3007,0.0,8.259658711925544e-06
3008,0.0,1.8470606014483063e-05
3009,0.0,3.225140853388107e-07
3010,0.0,2.112286115791642e-07
3011,0.0,0.0
3012,0.0,7.632848507862597e-06
3013,0.0,0.0
3014,0.0,9.011871206274583e-06
3015,0.0,-0.0
3016,0.0,6.004684206846533e-07
3017,0.0,6.004684206846533e-07
3018,0.0,0.0
3019,0.0,0.0
3020,0.0,1.6604631747216188e-06
3021,0.0,2.2736702781162337e-05
3022,0.0,0.0
3023,0.0,-0.0
3024,0.0,1.6631745875226193e-05
3025,0.0,0.0
3026,0.0,0.0
3027,0.0,0.0
3028,0.0,8.293336836600975e-06
3029,0.0,0.0
3030,0.0,1.2667681723591885e-05
3031,0.0,0.0
3032,0.0,8.487240972369922e-06
3033,0.0,0.0
3034,0.0,8.9160212822914e-06
3035,0.0,2.5989312322101617e-05
3036,0.0,2.5989312322101617e-05
3037,0.0,2.6145934403152446e-05
3038,0.0,-0.0
3039,0.0,0.0
3040,2.67838807,3.4263381164799145
3041,0.0,0.0
3042,0.0,0.0
3043,0.0,2.74789898334368e-08
3044,0.0,1.3220001037469929e-05
3045,0.0,3.244034638700852e-06
3046,0.21883788,0.09348222632600829
3047,0.21883788,0.0934843339178861
3048,0.0,-0.0
3049,0.0,1.598729715723347
3050,0.0,2.38685761090103e-05
3051,0.0,0.0
3052,0.0,0.0
3053,0.0,0.0
3054,0.0,0.0
3055,0.0,0.0
3056,0.0,8.126584541882305e-06
3057,0.0,0.0
3058,0.0,0.0
3059,0.0,0.0
3060,0.0,8.250678378509714e-06
3061,0.0,3.9406921069926737
3062,0.0,8.243685085331769e-06
3063,0.0,0.0
3064,0.0,-0.0
3065,0.0,8.476270220691778e-06
3066,0.0,0.0
3067,0.0,1.3307458142566203e-05
3068,0.0,2.1799919037691834e-05
3069,0.0,2.925384985921377e-07
3070,0.0,0.21444736854797802
3071,0.0,1.754294233394638e-05
3072,0.0,0.0
3073,0.0,0.0
3074,0.0,0.0
3075,0.0,4.125943855571654e-06
3076,0.0,8.251892397832496e-06
3077,0.0,9.404308248850412e-06
3078,0.0,0.0
3079,0.0,0.0
3080,0.0,0.0
3081,0.03023616,0.028381779372536685
3082,1.09268419,0.6802976215358048
3083,2.48088119,0.13898975232095045
3084,2.20791287,1.0623613794076694
3085,0.0,0.0001083177711041634
3086,0.0,0.0
3087,0.0,1.4947527016656055e-05
3088,0.0592848,0.055621872984155815
3089,0.0,6.232278179500826e-06
3090,0.0,1.662569060599922e-05
3091,0.0,2.1229896907820362e-07
3092,0.0,8.415412894681876e-06
3093,0.0,4.126000272791123e-06
3094,0.0,0.0
3095,0.0,8.608418363957057e-06
3096,0.0,8.477063985163483e-06
3097,0.0,-0.0
3098,0.0,0.0
3099,0.0,0.0
3100,0.0,0.0
3101,0.0,1.7729959110363662e-05
3102,0.86355264,0.7714494803110907
3103,0.0,0.001195561922866506
3104,0.0,0.0
3105,0.0,0.0
3106,0.0,-0.0
3107,0.0,-0.0
3108,0.0,2.7500455792323874e-05
3109,0.0,0.0
3110,0.0,-0.0
3111,0.0,2.702399515721958e-05
3112,0.0,2.838517763438415e-07
3113,0.0,0.7044176470539579
3114,0.0,0.0
3115,0.0,8.398002285165485e-06
3116,0.0,8.228732774378134e-06
3117,0.0,2.5184047887282563
3118,0.0,3.587539770824545e-05
3119,0.0,0.0
3120,0.0,0.0
3121,0.11870368,0.11137798865839055
3122,0.0,-0.0
3123,0.0,1.842790670546089e-05
3124,0.0,0.0
3125,0.0,8.086421180401638e-06
3126,0.0,5.037138209992478e-06
3127,0.0,9.916210545206105e-07
3128,0.0,1.0151515699756373e-05
3129,0.0,1.0395425194295257e-05
3130,0.0,2.542351518517956e-05
3131,0.0,1.2315454644657527e-06
3132,0.0,2.822005324627225e-07
3133,0.0,0.08985939957418082
3134,0.0,8.595987994167786e-06
3135,0.0,0.0
3136,0.0,3.891905001643247e-07
3137,0.0,0.0
3138,0.0,0.0
3139,0.0,1.631347409929013e-05
3140,0.0,1.460499914136953e-05
3141,0.0,8.407608166866689e-06
3142,0.0,8.500060748005821e-06
3143,0.0,3.891905001643247e-07
3144,0.0,1.9794154112466367e-05
3145,0.0,0.0
3146,0.0,0.0
3147,0.0,0.0
3148,0.0,0.0
3149,0.0,0.0
3150,0.0,1.6843947124393187e-05
3151,0.0,0.0
3152,0.0,7.632333792253648e-08
3153,0.0,-0.0
3154,0.0,-0.0
3155,0.0,2.0685846201421034e-06
3156,0.0,3.2655465439935e-06
3157,0.0,8.810666406200236e-06
3158,0.0,1.36786103003501
3159,0.0,-0.0
3160,0.0,4.353501878368724e-06
3161,0.0,-0.0
3162,0.0,2.744550288575661e-05
3163,0.0,0.019165444181541553
3164,0.0,0.0
3165,0.0,0.0
3166,0.0,2.6132799231227945e-05
3167,0.0,0.7546352566930199
3168,0.0,6.396009522963875e-06
3169,0.0,-0.0
3170,0.0,0.0
3171,0.0,8.407331157187858e-06
3172,0.0,7.243579618029437e-06
3173,0.0,-0.0
3174,0.0,-0.0
3175,0.04448896,2.247660238582039
3176,0.0,0.0
3177,0.0,8.171256275376204e-06
3178,0.0,5.4097260733374834e-06
3179,0.0,0.0
3180,0.01818976,0.01706661450383052
3181,0.0,8.268110625082922e-06
3182,0.0,4.128104227301189e-06
3183,0.0,1.6604387676570332e-05
3184,0.0,0.0
3185,0.0,1.7018068307104742e-07
3186,0.0,1.6523078485437222e-05
3187,0.0,0.01699915133439752
3188,0.0,0.0
3189,0.0,-0.0
3190,0.0,0.0
3191,0.04419808,0.04146734513015312
3192,0.0,1.6625491311792368e-05
3193,0.0,2.1190543325382967e-07
3194,0.0,0.0
3195,0.0,-0.0
3196,0.0,0.0
3197,0.0,8.263168040714697e-06
3198,0.0,8.260176412687197e-06
3199,0.0,4.126124243424882e-06
3200,0.13541184,0.12703477169658517
3201,0.0,0.0
3202,0.0,4.989356742121652e-06
3203,0.0,5.554033018284387e-07
3204,0.0,2.0811246197894067e-06
3205,0.0,0.0
3206,0.0,0.0
3207,0.0,-0.0
3208,0.0,7.82630016060449e-06
3209,0.0,1.6014005175852317e-05
3210,0.0,-0.0
3211,0.0,1.928521635231799e-05
3212,0.0,4.838638742226945e-06
3213,0.0,0.0
3214,0.0,0.0004460910770278099
3215,0.0,0.0
3216,0.0,0.0
3217,0.0,0.0
3218,0.0,0.0
3219,0.0,0.0
3220,0.0,1.6277596400293202e-05
3221,0.0,-0.0
3222,0.0,8.251017228139596e-06
3223,0.0,0.0
3224,0.0,0.0
3225,0.0,8.478552115892465e-06
3226,0.0,0.0
3227,0.0,7.380339726976293e-06
3228,0.0,1.5132314262217115e-05
3229,0.0,6.998767880860754e-06
3230,0.0,2.4479004025012032e-06
3231,0.0,2.4479004025012032e-06
