index,v_measured,v_pred,eta
0,0.0,-0.0,
1,0.0,0.0,
2,14.56689314,17.0050926163656,
3,0.0,0.0,
4,0.00015446,0.00015389638297674688,
5,0.00031446,0.00015900767345338279,
6,0.0,0.0,
7,1.39e-06,1.3798416771764446e-06,
8,0.00092814,0.0009245999999999976,
9,0.0,0.0,
10,0.0,0.0,
11,0.43356723,0.0,
12,0.0,0.0,
13,0.69264143,0.6899208385882222,
14,0.0,-0.0,
15,0.0,0.0,
16,0.0,0.0,
17,0.0,0.0,
18,8e-08,0.0,
19,0.0,0.0,
20,0.0,0.0,
21,0.0,0.0,
22,0.0,0.0,
23,0.0,0.0,
24,0.0,0.0,
25,0.0,0.0,
26,0.0044426,0.0,
27,0.0,0.0,
28,0.0,-0.0,
29,0.0,0.0,
30,0.0,0.0,
31,0.0,0.0,
32,0.0,-0.0,
33,0.0,-0.0,
34,0.0,0.0,
35,0.0,0.0,
36,0.0,-0.0,
37,0.0,-0.0,
38,0.0,-0.0,
39,0.0,0.0,
40,0.3150899,0.0,
41,0.0,0.0,
42,0.0,0.0,
43,0.0,0.0,
44,0.0,0.0,
45,0.0,-0.0,
46,0.0,0.0,
47,9.80983293,8.515243945544356,
48,0.0,0.0,
49,33.19327621,35.78266788413447,
50,0.0,0.0,
51,-1e-08,0.0,
52,0.0,0.0,
53,0.0,0.0,
54,0.0,-0.0,
55,0.0,-0.0,
56,0.0,0.0,
57,-1e-08,0.0,
58,0.0,0.0,
59,0.0,0.0,
60,0.0,0.0,
61,0.0,0.0,
62,0.0,0.0,
63,0.0,-0.0,
64,-3e-08,0.0,
65,0.0,-0.0,
66,0.0,0.0,
67,-2e-08,0.0,
68,0.0,0.0,
69,0.0,0.0,
70,0.0,0.0,
71,0.0,0.0,
72,0.0,0.0,
73,0.0,0.9824563389317147,
74,0.00467116,0.004665129392312196,
75,0.0,-0.0,
76,-2e-08,2.2347741505696073e-05,
77,0.0,0.0,
78,-1e-08,0.0,
79,0.0,0.0,
80,0.0,0.0,
81,0.0,0.0,
82,0.0,1.4699482015878562e-05,
83,0.0,0.0,
84,0.0,0.0,
85,0.0,-0.0,
86,0.0,0.0,
87,2.04893173,1.4099999999997408,
88,0.0,0.0,
89,0.0,-0.0,
90,0.0,0.0,
91,0.0,0.0,
92,0.0,0.0,
93,0.0,-0.0,
94,0.0,0.0,
95,0.0,0.0,
96,0.0,0.0,
97,0.0,0.0,
98,-4e-08,3.465512452471842e-05,
99,0.0,0.0,
100,0.0,0.0,
101,0.0,-0.0,
102,0.0,-0.0,
103,0.0,0.0,
104,0.0,0.0,
105,0.0,0.0,
106,0.0,0.0,
107,0.0,0.0,
108,0.0,0.0,
109,0.0,0.0,
110,0.0,0.0,
111,0.0,0.0,
112,0.0,-0.0,
113,0.0,-0.0,
114,0.0,-0.0,
115,-3e-08,2.6396214434037946e-05,
116,0.0,-0.0,
117,0.0,0.0,
118,0.0,0.0,
119,0.0,0.0,
120,0.0,-0.0,
121,0.0,0.0,
122,0.0,0.0,
123,0.0,0.0,
124,0.0,0.0,
125,0.0,-0.0,
126,0.0,0.0,
127,0.0,-0.0,
128,0.0,0.0,
129,0.0,-0.0,
130,0.0,0.0,
131,0.0,-0.0,
132,0.0,-0.0,
133,0.0,-0.0,
134,0.0,-0.0,
135,0.0,-0.0,
136,0.0,-0.0,
137,0.0,0.0,
138,0.0,0.0,
139,0.0,0.0,
140,0.0,-0.0,
141,0.0,-0.0,
142,1.39e-06,1.3798416771764446e-06,
143,0.0,0.0,
144,0.0,-0.0,
145,0.0,0.0,
146,0.0,0.0,
147,0.0,0.0,
148,0.0,0.0,
149,0.0,-0.0,
150,0.0,0.0,
151,0.0,0.0,
152,0.0,-0.0,
153,0.0,-0.0,
154,0.0,0.0,
155,0.0,0.0,
156,0.0,-0.0,
157,0.0,0.0,
158,0.0,0.0,
159,0.0,0.0,
160,0.0,-0.0,
161,0.0,0.0,
162,0.0,0.0,
163,0.0,-0.0,
164,0.0,0.0,
165,0.0,-0.0,
166,0.0,0.0,
167,0.0,0.0,
168,0.0,0.0,
169,0.0,0.0,
170,0.0,-0.0,
171,0.0,0.0,
172,0.0,-0.0,
173,0.0,0.0,
174,0.0,0.0,
175,0.0,0.0,
176,0.0,0.0,
177,0.0,0.0,
178,0.0,0.0,
179,0.0,-0.0,
180,0.0,0.0,
181,0.0,0.0,
182,0.0,-0.0,
183,0.0,-0.0,
184,0.0,0.0,
185,0.0,0.0,
186,0.0,-0.0,
187,0.0,-0.0,
188,0.0,-0.0,
189,0.0,0.0,
190,0.0,0.0,
191,0.0,0.0,
192,0.0,0.0,
193,-2e-08,1.4250716509414674e-05,
194,7.723e-05,0.00015581217620788885,
195,0.0,0.0,
196,0.0,0.0,
197,0.0,0.0,
198,0.0,0.0,
199,0.0,0.0,
200,0.0,0.0,
201,0.0,-0.0,
202,0.0,0.0,
203,0.0,0.0,
204,0.0,-0.0,
205,0.0,0.0,
206,0.0,-0.0,
207,0.0,-0.0,
208,0.0,0.0,
209,0.0,0.0,
210,0.0,0.0,
211,0.0,0.0,
212,0.0,0.0,
213,0.0,-0.0,
214,0.0,0.0,
215,0.0,0.0,
216,0.0,-0.0,
217,0.0,0.0,
218,-4e-08,0.0,
219,0.0,0.0,
220,0.0,0.0,
221,0.0,-0.0,
222,0.0,0.0,
223,0.0,0.0,
224,0.0,0.0,
225,0.0,0.0,
226,0.0,0.0,
227,0.0,-0.0,
228,0.0,0.0,
229,0.0,0.0,
230,0.0,0.0,
231,0.0,0.0,
232,0.0,0.0,
233,0.0,0.0,
234,0.0,0.0,
235,0.0,0.0,
236,0.0,0.0,
237,0.98433633,0.0,
238,0.0,0.0,
239,0.0,-0.0,
240,0.0,-0.0,
241,0.0,0.0,
242,0.0,-0.0,
243,0.0,0.0,
244,0.0,0.0,
245,0.0,-0.0,
246,0.0,0.0,
247,0.0,-0.0,
248,0.0,0.0,
249,0.0,0.0,
250,0.0,0.0,
251,0.0,0.0,
252,0.0,0.0,
253,0.0,0.0,
254,0.0,0.0,
255,0.0,0.0,
256,0.0,0.0,
257,0.0,0.0,
258,0.0,0.0,
259,0.0,0.0,
260,-1e-08,1.2303256873224915e-05,
261,0.0,0.0,
262,0.0,0.0,
263,0.0,0.0,
264,0.0,0.0,
265,0.0,-0.0,
266,0.0,0.0,
267,0.0,0.0,
268,0.0,-0.0,
269,0.0,0.0,
270,0.0,-0.0,
271,0.0,0.0,
272,0.0,0.0,
273,0.0,0.0,
274,0.0,0.0,
275,0.0,-0.0,
276,0.0,-0.0,
277,0.0,0.0,
278,0.0,0.0,
279,0.0,0.0,
280,0.0,-0.0,
281,0.0,0.0,
282,0.0,0.0,
283,0.0,0.0,
284,0.0,0.0,
285,0.0,-0.0,
286,0.0,0.0,
287,0.0,0.0,
288,0.0,0.0,
289,0.0,0.0,
290,0.0,0.0,
291,0.0,0.0,
292,0.0,0.0,
293,0.0,0.0,
294,0.0,0.0,
295,0.0,0.0,
296,0.0,-0.0,
297,0.0,0.0,
298,0.0,0.0,
299,0.0,0.0,
300,0.0,0.0,
301,0.0,0.0,
302,0.0,0.0,
303,0.0,0.0,
304,0.0,2.517174571701336e-06,
305,0.0,0.0,
306,0.0,0.0,
307,0.0,-0.0,
308,0.0,1.9578200360845233e-06,
309,0.0,0.0,
310,0.0,1.0090705159296331e-06,
311,0.0,0.0,
312,0.0,-0.0,
313,0.0,0.0,
314,0.0,0.0,
315,0.0,0.0,
316,0.0,1.364812101828719e-06,
317,0.0,-0.0,
318,0.0,0.0,
319,0.0,1.9578200360845233e-06,
320,0.0,0.0,
321,0.0,0.0,
322,0.0,1.0090705159296331e-06,
323,0.0,0.0,
324,0.0,-0.0,
325,0.0,0.0,
326,0.0,-0.0,
327,0.0,0.0,
328,0.0,0.0,
329,0.0,0.0,
330,0.0,0.0,
331,-1e-08,0.0,
332,0.0,0.0,
333,0.0,0.0,
334,0.0,0.0,
335,0.0,0.0,
336,0.0,0.0,
337,0.0,0.0,
338,0.0,0.0,
339,0.0,0.0,
340,0.21670082,0.0,
341,0.0,-0.0,
342,0.0,0.0,
343,0.0,0.0,
344,0.0,0.0,
345,0.0,0.0,
346,0.0,0.0,
347,0.0,0.0,
348,0.0,-0.0,
349,0.0,0.0,
350,0.0,0.0,
351,0.0,0.0,
352,0.0,2.2752572126305548e-05,
353,0.0,0.0,
354,0.0,0.0,
355,0.0,0.0,
356,0.0,0.0,
357,0.0,0.0,
358,0.0,0.0,
359,0.0,0.0,
360,0.0,0.0,
361,-3e-08,0.0,
362,0.0,0.0,
363,0.0,0.0,
364,0.0,0.0,
365,0.0,0.0,
366,0.21692283,0.1819156631648323,
367,0.0,-0.0,
368,0.11789311,0.09963123303007951,
369,0.00031446,0.00015900767345338279,
370,0.0,-0.0,
371,0.0,0.0,
372,0.00467116,0.004665129392312196,
373,0.09902972,0.08228443013475278,
374,0.08966451,0.07595824156699352,
375,0.01693716,0.01687256999946385,
376,0.0,0.0,
377,0.0,0.0,
378,0.0,0.0010005372573267841,
379,0.09902972,0.08228443013475278,
380,0.0,0.0,
381,0.0,0.013359997610748077,
382,0.0,0.01013104262272327,
383,0.0,0.005221765070957632,
384,0.08401879,0.07033405156717223,
385,0.0,0.0,
386,0.0,0.0,
387,0.0,0.004447958536020428,
388,0.09902972,0.08328496739207956,
389,0.0,0.0,
390,0.0,0.0,
391,0.0,0.0,
392,0.0,0.0,
393,0.03368038,0.028325316555717336,
394,0.0,0.0,
395,0.0,0.0,
396,0.0,0.0,
397,0.0,0.0,
398,0.0,0.0,
399,0.0,0.0,
400,0.0,0.0,
401,0.21692491,0.18191741659881233,
402,0.2169249,0.18191741659881233,
403,0.2169249,0.18191741659881233,
404,0.0,0.0,
405,0.0,0.0,
406,0.0,0.0,
407,0.0,0.0,
408,0.0,0.0,
409,0.0,0.0,
410,-3e-08,0.0,
411,0.0,0.0,
412,0.0,0.034158802738020196,
413,0.0,-0.0,
414,0.0,0.034158802738020196,
415,0.0,0.0,
416,0.0,0.034158802738020196,
417,0.0,0.03415869044760052,
418,0.0,0.0,
419,0.0,0.0,
420,0.0,0.0,
421,0.0,0.03415869044760052,
422,0.31529891,0.0,
423,0.0,0.029729922912029492,
424,0.0,0.0,
425,0.0,0.0,
426,0.0,0.0,
427,0.21692283,0.1819156631648323,
428,0.0,0.028798217191190235,
429,0.0,-0.0,
430,0.0,2.0863293253174936e-06,
431,0.0,0.0,
432,0.0,0.0,
433,0.11789311,0.09963123303007951,
434,0.09902972,0.08228443013475278,
435,0.11224739,0.09845500156627865,
436,0.0,1.758565130219525,
437,0.09902972,0.08228443013475278,
438,0.0,0.0,
439,0.08401879,0.07033405156717223,
440,0.0,0.0,
441,0.0,-0.0,
442,0.09902972,0.08328496739207956,
443,0.0,0.0,
444,0.0,0.0,
445,0.0,0.0,
446,0.0,-0.0,
447,0.0,0.0,
448,0.03368038,0.028325316555717336,
449,0.0,0.0,
450,0.0,0.0,
451,1.51265199,1.2722928704131293,
452,0.21692491,0.18191741659881233,
453,0.0,-0.0,
454,0.2169249,0.18191741659881233,
455,0.0,0.0,
456,0.0,0.0,
457,0.2169249,0.18191741659881233,
458,0.0,0.0,
459,0.0,0.0,
460,0.0,0.0,
461,0.0,0.0,
462,0.21692283,0.1819156631648323,
463,0.0,0.0,
464,0.0,0.0,
465,0.0,0.0,
466,0.11789311,0.09963123303007951,
467,0.09902972,0.08228443013475278,
468,0.11224739,0.09845500156627865,
469,0.0,0.0,
470,0.0,0.0,
471,0.0,0.0,
472,0.22679436,0.2259158431191692,
473,0.22679436,0.2259158431191692,
474,0.09902972,0.08228443013475278,
475,0.08401879,0.07033405156717223,
476,0.09902972,0.08328496739207956,
477,0.19553683,0.19479113999999237,
478,0.0,0.0,
479,0.0,0.0,
480,0.0,0.007908843522234754,
481,0.0,0.0,
482,0.58842521,0.5861486244970863,
483,0.0,0.0,
484,0.0,0.0,
485,0.03368038,0.028325316555717336,
486,0.0,0.0,
487,0.2169249,0.18191741659881233,
488,0.0,0.0,
489,0.0,0.0,
490,0.0,0.0,
491,0.0,0.0,
492,0.2169249,0.18191741659881233,
493,0.0,0.0,
494,0.0,0.0,
495,0.0,0.0,
496,0.0,0.0,
497,0.0,0.0,
498,0.0,0.0,
499,0.0,0.0,
500,0.0,0.0,
501,0.0,0.0,
502,0.0,0.0,
503,0.0,0.0,
504,0.0,0.0,
505,0.0,0.0,
506,0.0,0.0,
507,0.0,5.66306208513049e-06,
508,0.0,-0.0,
509,-2e-08,0.0,
510,-2e-08,0.0,
511,0.0,0.0,
512,0.0,0.0,
513,-2e-08,0.0,
514,0.0,0.0,
515,0.0,0.0,
516,0.0,0.0,
517,0.0,0.0,
518,-2e-08,0.0,
519,-1e-08,0.0,
520,0.0,0.0009769035501155652,
521,0.0,0.0,
522,0.0,0.0,
523,0.0,0.0,
524,0.22679436,0.2259158431191692,
525,0.0,0.0,
526,0.0,0.0,
527,0.0,0.0,
528,0.0,0.0,
529,0.0,0.0,
530,2.4734037,4.572054787332654,
531,2.4734037,3.479649322731726,
532,0.0,0.0,
533,0.0,0.0,
534,0.0,0.0,
535,0.0,0.0,
536,0.0,0.0,
537,0.0,0.0,
538,0.0,0.0,
539,0.0,0.0,
540,0.0,0.0,
541,0.0,0.041847024588960155,
542,0.02258288,0.022496759999285132,
543,0.0,2.2752572126305548e-05,
544,0.0,0.032545346729542755,
545,0.0,0.0,
546,0.0,-0.0,
547,0.0,0.0,
548,0.0,0.0,
549,0.0,0.016773540813337484,
550,0.0,-0.0,
551,0.0,0.0,
552,0.0,0.0,
553,0.0,0.0,
554,0.0,0.0,
555,0.0,0.0,
556,0.0,0.0,
557,0.0,0.0,
558,0.0,0.0,
559,0.04200939,0.041847024588960155,
560,0.0,0.0,
561,0.03267467,0.032545346729542755,
562,0.0,0.0,
563,0.01684019,0.016773540813337484,
564,0.0,0.0,
565,0.0,8.013314276921584,
566,0.0,0.00033489764081924697,
567,0.0,0.0,
568,0.0,0.0,
569,0.00061784,0.0006155414959353456,0.13848464845214553
570,0.0,-0.0,
571,0.00092814,0.0009245999999999976,
572,0.00061784,0.0006155414959353456,
573,0.36496523,0.3635318392044201,
574,0.0,0.0,
575,0.30120343,0.3000204864873427,
576,0.0,0.0,
577,0.0,0.708222878713543,
578,0.0,0.0,
579,0.0,0.0,
580,0.0,0.0,
581,0.00133909,0.0022732891631481924,
582,0.0,0.0,
583,0.0,0.0,
584,0.0,0.0,
585,1.54543267,1.6784672122623576,0.3384432471583944
586,0.0,0.11631392819995384,
587,0.0,0.0,
588,0.00467116,0.004665129392312196,
589,0.0,0.0,
590,1.1e-07,0.005748737065765577,
591,0.01776188,0.016752657802599213,
592,0.0,0.0,
593,0.0,0.0,
594,0.01681872,0.016752657802599213,
595,0.0,0.0,
596,0.0,0.0,
597,0.0,0.0,
598,0.0,0.0,
599,0.0,0.0,
600,0.0,-0.0,
601,0.0,0.0,
602,0.0,0.0,
603,0.0,0.0,
604,0.0,0.0,
605,0.0,0.0,
606,0.0,0.0,
607,0.0,0.0,
608,0.0,0.0,
609,0.0,0.0,
610,0.0,0.0,
611,0.0,0.0,
612,0.0,0.0,
613,0.0,0.0,
614,0.0,0.0,
615,0.0,0.0,
616,0.00591365,0.0,
617,0.17167603,0.1710137727223039,
618,0.20111677,0.40730069465889507,0.9316177005483509
619,0.30120343,0.3263281413922775,0.7105023232441947
620,0.20111677,0.2003265685451345,
621,0.0,0.0,
622,0.0,4.80142072761504,
623,0.0,0.0,
624,0.0,0.0,
625,0.0,0.0,
626,0.0,0.0,
627,0.0,0.0,
628,0.0,0.0,
629,0.0,0.0,
630,0.0,0.0,
631,0.0,0.0,
632,0.0,0.0,
633,0.0,0.0,
634,0.0,0.0,
635,1.4e-07,0.0,
636,1.4e-07,0.0,
637,0.0,0.0,
638,0.0,0.0,
639,0.0,0.0,
640,0.0,0.0,
641,0.0,0.0,
642,0.0,0.0,
643,1.39e-06,1.3798416771764446e-06,
644,0.0,0.0,
645,0.0,0.0,
646,0.00015446,0.00015385234700517354,
647,0.0,0.0,
648,0.0,0.0,
649,0.0,0.0,
650,0.0,0.0,
651,0.00015446,0.00015389638297674688,
652,0.0,0.0,
653,0.0,0.0,
654,0.0,0.0,
655,0.0,0.0,
656,0.0,0.0,
657,0.0,0.0,
658,0.0,0.0,
659,0.0,0.0,
660,0.16223881,0.16160153786419648,
661,0.0,0.0,
662,0.0,0.0,
663,0.0,0.0,
664,0.0,0.0,
665,0.0,0.0,
666,0.0,0.0,
667,0.0,0.0,
668,0.0,0.0,
669,0.0,0.0,
670,0.0,-0.0,
671,0.0,0.0,
672,0.0,0.0,
673,0.00039896,0.0003973944030270577,
674,0.0,0.0,
675,0.22186967,0.22099820269993375,
676,0.0,0.0,
677,0.94130213,0.7218163210063764,
678,0.0,0.0,
679,0.0,0.0,
680,0.0,0.0,
681,0.0,0.0,
682,0.03825736,0.03810708759858187,0.1555105388894454
683,0.00157853,0.0015723295911425586,
684,0.03825736,0.03810708759858187,
685,0.0,0.0,
686,1.39e-06,1.3798416771764446e-06,
687,0.0,0.0,
688,0.0,0.0,
689,0.0,0.07138207701292121,
690,0.0,0.0,
691,0.0,0.0,
692,0.0,0.0,
693,0.0,0.0,
694,0.0,0.0,
695,0.0,0.0,
696,0.0,-0.0,
697,0.0,0.0,
698,0.0,0.0,
699,0.0,0.0,
700,0.0,0.0,
701,0.0,0.0,
702,0.00015446,0.00015385234700517354,
703,0.00015446,0.00015385234700517354,
704,0.0,0.0,
705,0.00015446,0.00015473260528310595,0.03992248474609893
706,-3e-08,0.0,
707,0.4209487,0.4193178626990869,
708,0.0,0.0,
709,0.0,0.0,
710,0.0,0.0,
711,0.0,-0.0,
712,0.0,0.0,
713,0.0,0.0,
714,0.0,0.0,
715,3.15,3.15,
716,0.0,0.0,
717,0.0,0.0,
718,0.0,0.0,
719,0.0,0.0,
720,0.0637618,0.06351135271707739,
721,0.0,0.0,
722,44.65985373,51.480389517744506,
723,0.0,0.0,
724,0.0,0.0,
725,0.0,0.0,
726,0.0,0.0,
727,0.0,0.0,
728,0.0,0.0,
729,0.0,0.0,
730,0.0,0.0,
731,0.0,0.0,
732,0.0,0.0,
733,0.0,0.0,
734,0.0,0.0,
735,0.0,0.0,
736,8.03e-05,8.003999999999988e-05,0.5
737,8.03e-05,8.003999999999988e-05,
738,8.03e-05,8.003999999999988e-05,
739,0.17167603,0.1710137727223039,
740,0.0,0.0,
741,0.0,0.0,
742,0.0,0.0,
743,0.00458944,0.004571887234046497,
744,0.0,0.0,
745,0.0,0.0,
746,0.0,0.0,
747,1.39e-06,1.3798416771764446e-06,
748,0.0,0.0,
749,0.0,0.0,
750,0.0,0.0,
751,0.0,0.0,
752,0.0,0.0,
753,0.0,0.0,
754,0.0,0.0,
755,0.0,0.0,
756,0.0,0.0,
757,0.0,0.0,
758,0.0,0.0,
759,0.0,0.0,
760,0.0,0.0,
761,0.0,0.0,
762,0.0,0.0,
763,0.0,0.0,
764,0.0,0.0,
765,0.0,0.0,
766,0.0,0.0,
767,0.00342996,0.003416487992688877,
768,0.0,0.0,
769,0.0,0.0,
770,0.21765356,0.21681290527195662,
771,0.25760997,0.256611956501395,
772,0.00015446,0.00015389638297674688,
773,0.0,0.0,
774,0.0,0.0,
775,0.0,-0.0,
776,1.63916989,0.0,
777,0.00171498,0.0017082439963444383,
778,0.0,0.0,
779,0.0,0.041847024588960155,
780,0.0,0.0,
781,0.0,0.0,
782,0.00342996,0.0034164879926888766,
783,0.0,0.0,
784,0.0,0.0,
785,0.0,0.0,
786,0.0,0.032545346729542755,
787,0.0,0.0,
788,0.0,0.0,
789,0.0,0.0,
790,0.0,0.0,
791,0.0,0.0,
792,0.0,0.0,
793,0.0,0.0,
794,0.0,0.0,
795,0.0,0.0,
796,0.0,0.0,
797,1.662e-05,1.6558100126117334e-05,
798,0.0,0.0,
799,0.0,0.0,
800,0.0,0.0,
801,0.0,0.0,
802,0.0,0.0,
803,1.662e-05,1.6558100126117334e-05,
804,0.0,0.0,
805,0.0,0.0,
806,0.0,0.0,
807,0.00203914,0.002031126948803726,
808,0.0,0.016773540813337484,
809,0.00158615,0.0015799187203670286,
810,0.0,0.0,
811,0.00564572,0.005624189999821283,
812,0.0,0.0,
813,0.00564572,0.005624323637126885,
814,0.0,0.0,
815,0.0,0.0,
816,0.00081732,0.0008141065895341022,
817,0.0,0.0,
818,0.0,0.0,
819,0.0,0.0,
820,0.0,0.0,
821,0.0,0.0,
822,0.0,0.0,
823,0.0,0.0,
824,0.0,0.0,
825,0.0,0.0,
826,0.0,0.0,
827,0.0,0.0,
828,0.0,0.0,
829,0.0,0.0,
830,0.0,0.0,
831,0.0,0.0,
832,0.0,0.0,
833,0.0001703,0.00016985711394210706,
834,0.0,0.0,
835,0.0,0.0,
836,0.0,0.0,
837,0.0,0.0,
838,0.0,0.0,
839,0.0,0.0,
840,0.0,0.0,
841,0.0,0.0,
842,0.17167603,0.1710137727223039,
843,0.0,-0.0,
844,0.00030892,0.000463516870218236,
845,7.723e-05,0.0,
846,0.0,0.0,
847,0.0,0.0,
848,0.0,0.0,
849,0.0,0.0,
850,0.10826332,0.10785046800434846,
851,0.00030892,0.0003077927659534937,0.9717943381925461
852,0.0,0.0,
853,0.0,0.0,
854,0.0,0.0,
855,0.0,0.0,
856,0.0,0.0,
857,0.0,0.0,
858,0.0,0.0,
859,0.0,0.0,
860,0.0,0.0,
861,0.0,0.0,
862,0.0,0.0,
863,0.0,0.0,
864,27.48498666,33.15960742873989,
865,0.0,0.0,
866,0.0,0.0,
867,0.0,0.0,
868,0.0,0.0,
869,0.0,0.0,
870,0.0,-0.0,
871,0.0,0.0,
872,0.0,0.0,
873,0.0,0.0,
874,0.0,0.0,
875,0.0,0.0,
876,0.0,0.0,
877,4.11257359,3.479649322731726,
878,0.0,0.0,
879,0.0,0.0,
880,0.0,0.0,
881,0.0,0.0,
882,0.0,0.0,
883,0.0,0.0,
884,0.0,0.0,
885,0.0,0.0,
886,0.11344982,0.11300776376837779,
887,0.0,0.0,
888,0.0,0.0,
889,0.0,0.0,
890,0.0,0.0,
891,0.0,0.0,
892,0.0,0.0,
893,-1e-08,0.0,
894,0.0,0.0,
895,0.0,0.0,
896,0.0,0.0,
897,0.0,0.0,
898,0.0,0.0,
899,0.0,0.0,
900,0.0,0.0,
901,0.10764896,0.10722611689170435,0.6123429458636052
902,0.0,0.0,
903,0.0,0.0,
904,0.0,0.0,
905,0.00046684,0.0004648884230065896,
906,0.0,0.0,
907,0.0,0.0,
908,0.0,0.0,
909,0.0,0.0,
910,0.00046684,0.0004648884230065896,
911,0.0,0.0,
912,0.0,0.0,
913,0.0,0.0,
914,0.0,0.0,
915,0.0,0.0,
916,0.0,0.0,
917,0.0,0.0,
918,0.01870503,0.016752657802599213,
919,0.0,0.0,
920,0.0,0.0,
921,0.0,0.0,
922,0.0,0.0,
923,0.0,0.0,
924,0.0,0.0,
925,0.0,0.0,
926,0.0,0.0,
927,0.2309599,0.2300791199999996,
928,0.25006087,0.24910506696574702,0.6437704623114446
929,0.0,0.0,
930,0.0,0.0,
931,0.0,0.0,
932,0.0,0.0,
933,0.0,0.0,
934,0.25760997,0.256611956501395,
935,0.0,0.0,
936,0.0,0.0,
937,0.0,0.0,
938,0.0,0.0,
939,0.04200939,0.041847024588960155,
940,0.0,0.0,
941,0.0,0.0,
942,0.0,0.0,
943,0.03267467,0.032545346729542755,
944,0.0,0.0,
945,0.0,0.0,
946,0.01684019,0.016773540813337484,
947,0.0,0.0,
948,0.0,0.0,
949,0.0,0.0,
950,0.0,0.0,
951,0.00061784,0.0006155855319069875,0.8542926493295876
952,0.58842521,0.5861486244970863,
953,0.0,0.0,
954,0.19553683,0.19479113999999237,
955,0.0,0.0,
956,1.39e-06,1.3798416771764446e-06,
957,0.0,0.0,
958,0.0,0.0,
959,0.0,0.0,
960,0.0,0.0,
961,0.0,0.0,
962,0.00046338,0.00046096871092891044,
963,0.00046338,0.00046102166991338853,
964,0.0,0.0,
965,0.0,-0.0,
966,0.0,0.0,
967,0.0,0.0,
968,0.0,0.0,
969,0.0,0.0,
970,0.0,0.0,
971,0.25006087,0.24910506696574702,
972,0.25006087,0.24910506696574702,0.5775219314872195
973,0.0,0.0,
974,0.01779881,0.017729027897116202,
975,0.00061784,0.0006155414959353456,
976,0.0,0.0,
977,0.0,0.0,
978,0.00061784,0.0006155414959353456,
979,0.0,0.0,
980,0.00030892,0.00030770469401034714,
981,0.00030892,0.00030770469401034714,
982,0.00061784,0.0006155414959353456,
983,0.0,0.0,
984,0.0,-0.0,
985,0.00030892,0.00030770469401034714,
986,0.00061784,0.000627876988656404,
987,0.0,0.0,
988,0.0,2.2752572126305548e-05,
989,0.0,0.0,
990,0.0,0.0,
991,0.0,0.0,
992,0.0,0.0,
993,0.22186967,0.0,
994,0.0,0.0,
995,0.0,0.0,
996,0.0,0.22099820269993375,
997,0.0,0.0,
998,0.0,0.0,
999,0.00039896,0.0003973944030270577,
1000,0.00039896,0.0003973944030270577,
1001,0.0,0.0,
1002,0.0,0.0,
1003,0.00030892,0.0003077927659534937,0.9527237070244787
1004,0.19907902,0.19831979999915317,
1005,0.00061784,0.0006155414959353456,
1006,0.00092814,0.0009245999999999976,
1007,0.0,0.0,
1008,0.0,0.0,
1009,0.0,0.0,
1010,0.0,0.0,
1011,0.0,0.0,
1012,0.19907902,0.19831979999915317,
1013,0.0,0.0,
1014,0.25760997,0.256611956501395,0.8159052121208059
1015,0.0,0.0,
1016,0.0,0.0,
1017,0.0,0.0,
1018,0.0,0.0,
1019,0.25760997,0.256611956501395,
1020,0.0,0.0,
1021,0.0,0.0,
1022,0.0,0.0,
1023,0.0,0.0,
1024,0.0,0.0,
1025,0.01718097,0.017113486401180857,
1026,0.0,0.0,
1027,0.0,0.0,
1028,0.0,0.0,
1029,0.0,0.0,
1030,0.0,0.0,
1031,0.0,0.0,
1032,0.0,0.0,
1033,0.0,0.0,
1034,0.0,0.0,
1035,0.0,0.0,
1036,0.0,0.0,
1037,0.01718097,0.017113486401180857,
1038,0.0,0.0,
1039,0.00458944,0.004571887234046497,
1040,0.00489836,0.00487967999999999,
1041,0.0,0.0,
1042,0.00065593,0.0006534099310044698,
1043,0.00065593,0.0006534099310044698,
1044,0.00015446,0.00015385234700517354,
1045,0.0,-0.0,
1046,0.00015446,1.241033731917472,
1047,0.0,0.0,
1048,0.00991766,0.0,
1049,0.0,0.0,
1050,0.0,0.0,
1051,0.11789311,0.09963123303007951,
1052,0.0,0.0,
1053,0.11789311,0.09963123303007951,
1054,0.0,0.0,
1055,0.0,0.0,
1056,0.0,0.0,
1057,0.0,0.0,
1058,0.0,0.0,
1059,0.0,0.0,
1060,0.09902971,0.08228443013475278,
1061,0.0,0.0,
1062,0.08966451,0.07595824156699352,
1063,0.0,0.0,
1064,0.0,0.0,
1065,0.09902972,0.08228443013475278,
1066,0.0,0.0,
1067,0.08401879,0.07033405156717223,
1068,0.0,0.0,
1069,0.09902972,0.08328496739207956,
1070,0.0,0.0,
1071,0.0,0.0,
1072,0.0,0.0,
1073,0.03368038,0.028325316555717336,
1074,0.0,0.0,
1075,0.0,0.03415869044760052,
1076,0.0,0.02971073191158009,
1077,0.0,0.028710194654253306,
1078,0.0,0.005222468216237633,
1079,2.71559746,3.230180216735029,0.9130087087424568
1080,2.71559746,3.230180216735029,0.973626236472285
1081,0.00564572,0.005624189999821283,
1082,0.00564572,0.005624189999821283,
1083,0.0,0.0,
1084,0.0,0.0,
1085,0.21692491,0.18191741659881233,
1086,0.0,0.0,
1087,0.2169249,0.18191741659881233,
1088,0.0,0.0,
1089,1.39e-06,1.3798416771764446e-06,
1090,0.0,0.0,
1091,0.0,0.0,
1092,9.52218779,3.386667160740787,0.22520210026706466
1093,0.2169249,0.18191741659881233,
1094,0.0,0.0,
1095,0.0,0.0,
1096,0.00015446,0.0001536738899711295,
1097,0.0,0.0,
1098,0.0,0.0,
1099,1.39e-06,1.3798416771764446e-06,
1100,0.0,0.0,
1101,0.0,0.0,
1102,0.0,0.0,
1103,0.0,0.0,
1104,0.0,0.0,
1105,-1e-08,1.152362469872617e-06,
1106,0.0,0.0,
1107,0.0,0.03438617992286505,
1108,0.00038615,0.000463516870218236,
1109,0.0,0.03432501761913846,
1110,0.0,0.034158802738020196,
1111,0.0,0.0,
1112,0.0,0.0,
1113,0.0,0.0,
1114,0.0,0.03415869044760052,
1115,0.0,0.0,
1116,0.0,0.0018467125597493204,
1117,0.0,0.0,
1118,0.0,0.0,
1119,0.37441826,0.0,
1120,0.0,0.0,
1121,0.02177041,0.0,
1122,0.0,0.0,
1123,0.0,0.0,
1124,0.0,0.0,
1125,0.0,0.0,
1126,0.0,0.0,
1127,0.00015446,0.00015389638297674682,
1128,0.0,0.0,
1129,0.0,0.0,
1130,0.0,0.0,
1131,0.0,0.0,
1132,0.0,0.0,
1133,0.0,0.0,
1134,0.0,0.0,
1135,0.0,0.0,
1136,0.0,0.0,
1137,0.0,0.0,
1138,0.0,0.0,
1139,0.0,0.0,
1140,0.0,0.0,
1141,0.0,0.0,
1142,0.31529891,0.0018467125597493206,
1143,0.0,0.0,
1144,0.0,0.0231871730705496,
1145,0.0,0.0,
1146,0.0,3.899681796069212,
1147,0.0,0.0,
1148,-1.4e-07,0.0,
1149,0.0,0.0,
1150,0.0,-0.0,
1151,0.0,0.0,
1152,0.0,0.0,
1153,0.0,0.0,
1154,0.0,0.0,
1155,0.0,0.0,
1156,0.0,0.004447958536020428,0.9900481981330956
1157,0.0,0.0,0.9745930803555197
1158,0.0,0.0,
1159,0.0,0.0,
1160,0.0,0.0,
1161,0.0,0.0,
1162,0.01565098,0.0,
1163,0.0,0.0,
1164,0.0,0.0,
1165,2.42042213,3.426254960700013,
1166,0.0,0.0,
1167,0.0,0.0,
1168,0.0,0.0010005372573267841,
1169,0.0,0.013360210060380033,0.9816116908241393
1170,0.0,0.010133000442759355,0.9660583172610386
1171,0.0,0.0,
1172,0.0,0.0052227741414735615,0.9781773206068379
1173,0.0,0.0,
1174,0.0,0.0,
1175,0.0,0.0,
1176,0.0,0.0,
1177,0.04949339,0.04930027393113738,
1178,0.0,0.0,
1179,-2e-08,0.0,
1180,0.0,0.0,
1181,0.0,0.0,
1182,0.0,0.0,
1183,0.0,0.0,
1184,0.00564572,0.005624189999821283,
1185,0.0,0.0,
1186,0.00432485,0.005207282737389414,0.801506430608561
1187,0.0,0.0,
1188,0.0,0.0,
1189,-1e-08,5.4840651237154925e-06,
1190,-1e-08,0.0,
1191,0.0,0.0,
1192,0.0,0.0,
1193,0.0,0.0,
1194,0.0,0.0,
1195,0.0,0.0,
1196,0.0,0.0,
1197,0.0,0.0,
1198,0.0,0.0,
1199,0.0,0.0,
1200,0.04200939,0.0,
1201,0.03267467,0.0,
1202,0.0,0.0,
1203,1.8e-05,0.0064235912015375585,0.009951801866904322
1204,0.0,0.0,
1205,0.00036151,0.21217455770898247,
1206,0.0,0.0,
1207,0.0,0.0,
1208,0.0,0.0,
1209,0.0,0.0,
1210,0.01684019,0.0,
1211,0.0,0.0,
1212,0.0,0.0,
1213,0.0,0.0,
1214,0.0,0.0,
1215,0.0,0.0,
1216,0.26946573,1.12029308087414,
1217,2.81054715,2.2068502255749824,0.18461266330921366
1218,0.0,0.0,
1219,0.0,0.0,
1220,0.0,0.0,
1221,-1e-08,0.0,
1222,0.0,0.0,
1223,0.0,0.0,
1224,0.0,0.0,
1225,0.0,0.0,
1226,0.0,0.0,
1227,0.0,0.0,
1228,0.0,0.0,
1229,0.0,0.0,
1230,0.0,0.0,
1231,0.0,0.0,
1232,0.0,0.0,
1233,0.0,0.0,
1234,0.0,0.0,
1235,0.49713894,0.7969897754224553,0.3885416286408976
1236,0.14877801,0.14819361628707298,
1237,0.01083205,0.010868016926938347,
1238,0.14877801,0.14819361628707298,0.7006365909938826
1239,0.0,0.0,
1240,0.16384833,0.1632052706592856,
1241,0.0,0.03506997129415833,
1242,0.0,6.0129749763341085,
1243,8.79582613,7.181440382777628,0.8149465493594886
1244,0.01083205,0.010868016926938347,
1245,0.0,0.0,
1246,0.0,0.0,
1247,0.0,0.0,
1248,0.0,0.0,
1249,0.0,3.285072093162614,
1250,0.0,0.0,
1251,0.0,3.285072093162614,
1252,0.0,0.0,
1253,0.0,0.0,
1254,0.0,0.0,
1255,0.0,0.0,
1256,0.0,0.0,
1257,0.0,0.0,
1258,0.0,1.2205660597591761e-05,
1259,0.0,0.0,
1260,0.0,0.0,
1261,0.0,0.0,
1262,0.0,0.0,
1263,0.0,0.0,
1264,0.0,0.0,
1265,0.0,0.0,
1266,0.0,0.0,
1267,0.0,0.0,
1268,0.0,0.0,
1269,0.0,0.0,
1270,0.0,0.0,
1271,0.0,0.0,
1272,0.0,0.0,
1273,0.0,0.0,
1274,0.0,0.0,
1275,0.1067963,0.10638902999999983,
1276,0.00564572,0.005624189999821283,0.009951801866904322
1277,0.00564572,0.005624189999821283,
1278,0.00564572,0.005624189999821283,
1279,0.0,0.0,
1280,0.0,0.0,
1281,0.00564572,0.005624189999821283,0.777484466253062
1282,0.0,0.0,
1283,0.0,0.0,
1284,0.0,0.0,
1285,0.0,0.0,
1286,0.0,0.0,
1287,0.0,2.2158790751465247,
1288,0.0,0.0,
1289,0.0,0.0,
1290,0.02258288,0.022496759999285132,
1291,8.13154089,3.064156941690861,
1292,0.0,0.0,
1293,0.42489189,0.42489189,0.889139960718522
1294,0.0,0.0,
1295,0.0,0.0,
1296,0.0,0.0,
1297,0.0,0.0,
1298,8.55643277,8.99,0.01981635443127804
1299,0.0,0.03506997129415833,
1300,0.0,0.0,
1301,0.1067963,0.10638902999999983,0.2523611728031253
1302,0.0,0.0,
1303,1.2034602,1.1987354465114324,
1304,0.0,0.0,
1305,0.0,0.0,
1306,0.0,0.0,
1307,0.0,0.0,
1308,0.0,0.0,
1309,0.0,0.0,
1310,0.14877801,0.14819361628707298,
1311,0.0,0.0,
1312,0.0,0.0,
1313,0.0,0.0,
1314,0.0,0.0,
1315,0.0,0.0,
1316,0.0,0.0,
1317,0.0,0.0,
1318,10.43668157,6.7365199261772535,0.35486260990378277
1319,0.00015446,0.00015386999999988281,
1320,0.0,0.0,
1321,0.0,0.0,
1322,0.0,0.0,
1323,0.0,0.0,
1324,0.30135789,0.30017438287031944,0.9129232697549852
1325,0.0,0.0,
1326,0.02058992,0.30017438287031944,
1327,0.0,0.0,
1328,0.28076797,0.0,
1329,0.0,0.0,
1330,0.00432485,0.0049393060255598625,
1331,0.00432485,0.0049393060255598625,
1332,0.0,0.0,
1333,0.0,0.0,
1334,0.00061784,0.0006155414959353456,0.31400871133068997
1335,0.0,0.0,
1336,0.0,0.0,
1337,0.0,0.0,
1338,0.0,0.0,
1339,0.0,0.0,
1340,0.0,0.0,
1341,0.0,0.0,
1342,0.0,0.0,
1343,0.0,0.0,
1344,0.0,0.0,
1345,0.0,0.0,
1346,0.0,0.0,
1347,0.0,0.0,
1348,0.0,0.0,
1349,0.0,0.0,
1350,0.04949339,0.04930027393113738,
1351,0.0,0.0,
1352,0.0,0.0,
1353,0.0,0.0,
1354,0.0,0.5966716325392813,
1355,0.0,0.0,
1356,0.0,0.0,
1357,0.0,0.0,
1358,0.0,0.0,
1359,0.0,0.0,
1360,0.0,0.0,
1361,0.0,0.0,
1362,0.0,0.0,
1363,0.0,0.0,
1364,0.0,0.0,
1365,0.0,0.0,
1366,0.0,0.0,
1367,0.0,0.0,
1368,0.0,0.0,
1369,0.0,0.0,
1370,0.0,0.0,
1371,0.0,0.0,
1372,0.0,0.0,
1373,0.0,0.0,
1374,0.0,0.0,
1375,0.0,0.0,
1376,0.0,0.03970899717852017,
1377,0.0,0.0,
1378,0.31447206,0.0,
1379,0.0,0.0,
1380,0.0,0.0,
1381,0.0,0.0,
1382,0.0,0.0,
1383,0.0,0.0,
1384,0.0,0.0,
1385,0.0,0.0,
1386,0.0,0.0,
1387,0.0,0.0,
1388,0.0,0.0,
1389,0.0,0.0,
1390,0.0,0.0,
1391,0.0,0.0,
1392,0.20450806,0.0011233424108929846,
1393,0.0,0.0,
1394,0.0,0.0006155414959353456,
1395,0.0,0.0,
1396,0.0,0.0,
1397,0.0,0.0,
1398,0.0,0.0,
1399,0.0,0.004425152258704858,
1400,-1e-08,0.0,
1401,0.0,0.0,
1402,0.0,0.0,
1403,0.0,0.0,
1404,0.0,0.0,
1405,0.0,0.0,
1406,0.0,0.034158802738020196,
1407,0.0,0.034158802738020196,
1408,0.0,0.034158802738020196,
1409,0.0,0.03415869044760052,
1410,0.0,0.03415869044760052,
1411,0.0,0.02971073191158009,
1412,0.0,0.0,
1413,0.0,2.5791255311063956,
1414,0.0,0.0,
1415,0.0,0.0,
1416,0.0,0.0,
1417,0.0,0.028710194654253306,
1418,0.0,0.005222468216237633,
1419,0.0,0.0,
1420,0.00015446,0.00015389638297674688,
1421,0.0,0.0,
1422,0.0,0.0,
1423,0.0,0.0,
1424,1.81385543,7.29500731840938,
1425,0.0,0.0,
1426,0.0,0.2531500575648166,
1427,0.0,0.0,
1428,0.0,0.0,
1429,0.0,0.0,
1430,0.02258288,0.022496759999285132,0.8838464331956063
1431,0.0,0.0,
1432,0.02258288,0.022496759999285132,0.9033538179678828
1433,0.0,0.0,
1434,0.0,0.0,
1435,0.00015446,0.00015385234700517357,0.009951801866904322
1436,0.00564572,0.005624189999821283,
1437,0.02258288,0.022496759999285132,
1438,0.0,0.0,
1439,0.00564572,0.005624189999821283,0.5598514981761726
1440,0.00564572,0.005624189999821283,
1441,0.0,0.0,
1442,0.16384833,0.1632052706592856,
1443,0.0,0.0,
1444,0.0,0.0,
1445,6.08022867,4.642867575487272,0.6413864145597854
1446,0.0,2.3026157542308994,
1447,0.00564572,0.005624189999821283,
1448,0.00564572,0.005624189999821283,
1449,0.00564572,0.005624189999821283,
1450,0.0,-0.0,
1451,0.79931015,2.640772426802574,0.5
1452,0.0,0.0,
1453,0.0,0.0,
1454,0.0,0.0,
1455,0.0,-0.0,
1456,0.0,0.0,
1457,0.0,0.0,
1458,0.0,0.0,
1459,0.0,0.0,
1460,-1e-08,1.152362469872617e-06,
1461,0.0,0.0,
1462,0.0,0.0,
1463,0.0,0.0,
1464,0.0,0.0,
1465,0.0,0.0,
1466,0.0,0.0,
1467,0.0,0.0,
1468,0.0,0.0,
1469,0.0637618,0.06351135271707739,
1470,0.0,0.0,
1471,0.0637618,0.06351135271707739,
1472,0.0,0.0,
1473,0.0,0.0,
1474,0.0,0.0,
1475,0.0,0.0,
1476,0.0,0.0,
1477,0.0,0.0,
1478,0.0,0.0,
1479,0.0,0.0,
1480,0.0,0.0,
1481,0.0,0.0,
1482,0.0,-0.0,
1483,0.0,0.0,
1484,0.00054061,0.0006174132531949828,
1485,0.0,-0.0,
1486,0.0,0.0,
1487,0.00065593,0.0006534099310044698,
1488,0.0,0.0,
1489,0.0,0.0,
1490,0.29033217,0.0,
1491,0.0,0.0,
1492,0.0,0.0,
1493,0.0,0.0,
1494,0.0,0.0,
1495,0.0,0.0,
1496,0.0,0.0,
1497,0.0,0.0,
1498,0.0,0.0,
1499,0.0,0.0,
1500,0.0,0.0,
1501,0.0,0.0,
1502,0.0,0.0,
1503,0.0,0.0,
1504,0.0,0.0,
1505,0.0,0.0,
1506,0.00061784,0.0006155414959353456,
1507,0.0,0.0,
1508,0.0,0.0,
1509,0.0,0.0,
1510,0.0,0.0,
1511,0.0,0.0,
1512,0.0,0.0,
1513,0.0,0.0,
1514,0.0,0.0,
1515,0.0,0.0,
1516,0.0,0.0,
1517,0.0,0.0,
1518,0.0,0.0,
1519,0.0,0.0,
1520,0.00015446,0.00015386999999988281,
1521,0.00061784,0.0006155414959353456,
1522,0.00030892,0.0003077927659534937,
1523,0.0,0.0,
1524,0.58297795,0.3648607662370207,0.1344201005101378
1525,0.10826332,0.10785046800434846,
1526,0.0,0.0,
1527,0.00257247,0.002562267939502223,
1528,0.0,0.0,
1529,0.00393351,0.003918477303042027,
1530,0.0637618,0.06351135271707739,
1531,0.0,0.0,
1532,0.0,0.0,
1533,0.30322318,0.3020668199999995,0.8386164698483903
1534,0.0,0.0,
1535,0.0,0.2590718607121263,
1536,0.00514494,0.005124535879004446,
1537,0.0,0.0,
1538,0.0,0.0,
1539,0.0,0.0,
1540,0.0,0.0,
1541,0.0,0.0,
1542,0.30322318,0.3020668199999995,
1543,0.0,0.0,
1544,0.0,0.0,
1545,0.0,0.0,
1546,0.0,0.0,
1547,0.0,0.0,
1548,0.0,0.0,
1549,0.0,0.0,
1550,2.22e-06,1.8657243997297378e-06,
1551,0.0,0.0,
1552,0.19553683,0.19479113999999237,
1553,0.0,0.0,
1554,0.21692491,0.18191741659881233,
1555,2.08e-06,1.8657243997297378e-06,
1556,0.01693716,0.01687256999946385,
1557,0.01693716,0.01687256999946385,
1558,0.0,0.0,
1559,0.0,0.0,
1560,0.0,0.0,
1561,0.01693716,0.01687256999946385,0.5121372856539453
1562,0.0,0.0,
1563,0.0,0.0,
1564,0.0,0.0,
1565,0.1286166,0.12811140051744702,
1566,0.0,0.0,
1567,0.1286166,0.1281260999994629,
1568,0.0,0.0,
1569,1.39e-06,1.3798416771764446e-06,
1570,0.00018913,0.00018799885717265874,
1571,0.0001739,0.00017261656060768292,
1572,1.662e-05,1.6762138242152263e-05,
1573,0.0001739,0.00017261656060768292,
1574,0.0001739,0.00017261656060768292,
1575,1.05267449,1.4602164835347051,0.38516072246879246
1576,0.0,0.0007714340816873898,
1577,0.0007723,0.0,
1578,0.00046338,0.00046096871092891044,0.938370669848479
1579,1.71909079,2.019432839197021,
1580,0.00122251,0.0012162212880988206,0.7968110286619091
1581,0.0,0.0,
1582,0.0,0.0,
1583,0.0,0.0,
1584,0.0,0.0,
1585,0.0,0.0,
1586,0.0,0.0,
1587,0.0,0.0,
1588,0.0,0.0,
1589,0.0,0.0,
1590,0.0,0.0,
1591,0.0,0.0,
1592,0.0,0.0,
1593,0.0637618,0.06351135271707739,
1594,0.0,0.0,
1595,0.0,0.0,
1596,0.0,0.0,
1597,0.0,0.0,
1598,0.0637618,0.06351135271707739,
1599,0.03825736,0.03810708759858187,
1600,0.00564572,0.005624189999821283,
1601,0.0,0.0,
1602,0.0,0.0,
1603,0.0,0.0,
1604,0.0,0.0,
1605,0.0,0.0,
1606,0.0,0.0,
1607,0.0,0.0,
1608,0.0,0.0,
1609,0.0,0.0,
1610,0.0,0.0,
1611,0.0,0.0,
1612,0.0,0.0,
1613,0.16384847,0.1632052706592856,
1614,0.0,0.0,
1615,-1e-08,0.0,
1616,0.0,0.0,
1617,0.0,0.0,
1618,0.0,0.0,
1619,0.0,0.0,
1620,0.0,0.0,
1621,0.0,0.0,
1622,0.0,0.0,
1623,0.0,0.0,
1624,0.0,0.0,
1625,0.0,0.0,
1626,0.0,2.6755488586411627,
1627,0.0,0.0,
1628,0.0,0.0,
1629,0.30322318,0.3020668199999995,
1630,0.0,0.0,
1631,0.0,0.0,
1632,0.0,0.0,
1633,0.0,0.0,
1634,0.0,0.0,
1635,0.0,0.0,
1636,0.0,0.0,
1637,0.0,0.0,
1638,0.0,0.0,
1639,0.0,0.0,
1640,0.0,0.0,
1641,0.0,0.0,
1642,0.0,0.0,
1643,0.0,0.0,
1644,0.0,0.0,
1645,0.0,0.0,
1646,0.0,0.0,
1647,0.0,0.0,
1648,0.0,0.0,
1649,0.0,0.0,
1650,1.39e-06,1.3798416771764446e-06,
1651,0.0,0.0,
1652,0.0,0.0,
1653,0.0,0.0,
1654,0.0,0.0,
1655,1.40461886,2.0200485206929564,
1656,0.0,0.0,
1657,0.0,0.0,
1658,0.0,0.0,
1659,0.0,0.0,
1660,0.0,0.0,
1661,0.0,0.0,
1662,0.0,0.0,
1663,0.0,0.0,
1664,0.0,0.0,
1665,0.0,0.0,
1666,0.0,0.0,
1667,0.0,0.0,
1668,0.00458944,0.004571887234046497,
1669,0.0,0.0,
1670,0.0,0.0,
1671,0.0,0.0,
1672,0.0,0.0,
1673,0.0,0.0,
1674,0.0,0.0,
1675,0.0060696,0.005904013290419501,
1676,0.0,0.0,
1677,0.0,0.0,
1678,0.0,0.0,
1679,0.0,0.0,
1680,0.0,0.0,
1681,0.0,0.0,
1682,0.0,0.0,
1683,0.0,0.0,
1684,0.0,0.0,
1685,0.10919146,0.10877504999999982,
1686,0.0,0.0,
1687,0.0,0.0,
1688,0.0,0.0,
1689,0.0,0.0,
1690,0.0,0.0,
1691,0.0,0.0,
1692,0.0,0.0,
1693,0.0,0.0,
1694,0.0,0.0,
1695,0.0,0.0,
1696,0.0,0.0,
1697,-1e-08,0.0,
1698,0.0,0.0,
1699,0.0,0.0,
1700,0.0,0.0,
1701,-1e-08,0.0,
1702,0.0,0.0,
1703,0.0,0.0,
1704,0.0,0.0,
1705,0.0,0.0,
1706,0.0,0.0,
1707,0.0,0.0,
1708,0.0,0.0,
1709,0.0,0.0,
1710,0.0,0.0,
1711,0.0,0.0,
1712,0.0,0.0,
1713,0.00571637,0.005693916680868599,
1714,0.0,0.0,
1715,0.00571637,0.005693916680868599,
1716,0.0,0.0,
1717,0.0,2.158731263054405,
1718,0.0,0.0,
1719,0.0,0.0,
1720,0.0,0.0,
1721,0.0,2.5791255311063956,
1722,0.0,-0.0,
1723,0.0,0.0,
1724,1.51262913,1.272270103025456,
1725,0.0,-0.0,
1726,0.0,0.0,
1727,0.0,0.0,
1728,0.0,0.0,
1729,0.00419256,0.00417609083597451,
1730,0.0,0.0,
1731,0.0,0.000927943527901159,
1732,0.0,0.0,
1733,0.00046615,0.0004643167243698736,
1734,0.00377351,0.003758688728628635,
1735,0.00046615,0.0004643167243698736,
1736,0.00373866,0.0037124640324432247,
1737,0.00041905,0.00041740210734587447,
1738,1.156e-05,0.0,
1739,0.00092005,0.0,
1740,0.0009316,0.0,
1741,0.0,0.000927943527901159,
1742,0.0,0.000927943527901159,
1743,0.00373866,0.0037124640324432247,
1744,0.00092005,0.0,
1745,0.0,1.4834452760070782e-06,
1746,0.0,0.0,
1747,0.0,0.0,
1748,0.0,0.0,
1749,0.0,0.0,
1750,0.0,0.0,
1751,0.0,0.0,
1752,0.0,0.0,
1753,0.0,0.0,
1754,3.8240472,5.44546800304461,0.36426415032545045
1755,0.0,0.0,
1756,0.0,0.0,
1757,0.0,0.0,
1758,0.0,0.0,
1759,0.0,0.0,
1760,0.0,0.0,
1761,0.0,0.0,
1762,0.0,0.0,
1763,0.0,0.0,
1764,0.0,0.0,
1765,0.0,0.0,
1766,0.0,0.0,
1767,0.00458944,0.004571887234046497,
1768,0.00458944,0.004571887234046497,
1769,0.0,0.0,
1770,0.0,0.0,
1771,0.0,0.0,
1772,0.0,0.0,
1773,0.0,0.0,
1774,0.0,0.0,
1775,0.0,0.0,
1776,0.0,0.0,
1777,0.00034061,0.0003397142278842141,
1778,0.00564572,0.005624189999821283,
1779,0.0,0.0,
1780,0.0,0.0,
1781,0.00045576,0.00045396791179105027,
1782,0.00564572,0.005624189999821283,
1783,0.0,0.0,
1784,0.00564572,0.005624189999821283,
1785,0.0,0.0,
1786,0.0,0.0,
1787,0.0,0.0,
1788,9.485e-05,9.463835346467175e-05,
1789,9.485e-05,9.463835346467175e-05,
1790,0.0,0.0,
1791,4.85e-06,4.829445870117555e-06,
1792,9e-05,8.981711394210718e-05,0.5052957415611267
1793,4.85e-06,4.829445870117555e-06,
1794,0.00039896,0.0003973944030270577,
1795,0.0009938,0.0008354783483596644,
1796,0.0001703,0.00016985711394210706,
1797,0.00931741,0.009280815120688768,
1798,0.0,0.0,
1799,0.0,0.0,
1800,0.0,0.0,
1801,0.00045576,0.00045401999977912055,
1802,0.01718097,0.009193741162675392,
1803,0.00046615,0.0004643167243698736,
1804,0.0001703,0.00016985711394210706,
1805,0.00034061,0.0003397142278842141,
1806,-3e-08,0.0,
1807,0.01773993,0.0,
1808,0.0,0.024001704580347005,
1809,0.0,0.0,
1810,7.27739275,7.249331325170886,
1811,7.27739275,7.249331325170886,
1812,0.0,0.0,
1813,0.0,0.0,
1814,0.0,0.0,
1815,0.00467116,0.004665129392312196,
1816,0.60944379,0.6638601184577163,
1817,0.60944379,0.6638601184577163,
1818,0.10934592,0.10892890234700499,
1819,0.0,0.0,
1820,0.0,0.0,
1821,0.00092814,0.0009245999999999976,
1822,0.0,-0.0,
1823,0.0,0.0,
1824,0.00021264,0.00021182999944358016,
1825,0.0,0.0,
1826,0.00021264,0.00021180569744658423,
1827,0.0,0.0,
1828,0.0,0.0,
1829,0.0,0.0,
1830,0.0,0.0,
1831,0.0,0.0,
1832,0.0,0.0,
1833,0.0,0.0,
1834,25.54310503,26.898909049472074,
1835,0.0,0.0,
1836,0.0,0.0,
1837,0.0,0.0,
1838,0.0,0.0,
1839,0.0,0.0,
1840,0.0,0.0231871730705496,
1841,0.0,0.0,
1842,0.0,0.0,
1843,0.0,0.0,
1844,0.0,0.0,
1845,0.0,0.0,
1846,0.0,0.0,
1847,0.00157853,0.0003084299345185275,
1848,0.00157853,0.0015725099999965332,
1849,0.0,-0.0,
1850,0.0,0.0,
1851,0.0,0.0,
1852,0.0,0.0,
1853,0.0,0.0,
1854,0.00157853,0.0015723295911425586,
1855,0.0,0.0,
1856,0.0,0.0,
1857,0.0,0.0,
1858,0.0,0.0,
1859,0.00126892,0.0,
1860,0.0,0.0,
1861,0.00157853,0.0015725099999965375,
1862,4.01210576,0.0,
1863,0.0,0.0,
1864,0.10053905,0.0,
1865,0.0,0.0,
1866,0.0,0.0,
1867,0.0,0.0,
1868,0.0,0.0,
1869,0.0,0.0,
1870,0.0,0.0,
1871,0.0,0.0,
1872,0.0,0.25892456657601537,
1873,0.0,0.0,
1874,0.0,0.0,
1875,0.0,0.0,
1876,0.51890119,1.6520956202017136,
1877,0.27676499,0.2927952366303563,
1878,0.0,0.0,
1879,0.0,0.0,
1880,0.0,0.0,
1881,0.09570988,0.11300776376837779,
1882,0.0,0.0,
1883,0.02282669,0.022739639999599603,
1884,0.0,0.0,
1885,0.01773993,0.0,
1886,0.0,0.0,
1887,1.4e-07,0.0,
1888,0.0,0.0,
1889,0.0,0.0,
1890,0.0,0.0,
1891,0.0,0.0,
1892,0.0,0.0,
1893,0.0,0.0,
1894,0.0,0.0,
1895,-3e-08,0.0,
1896,1.4e-07,0.0,
1897,0.0,0.0,
1898,0.0,0.0,
1899,0.0,0.0,
1900,0.0,0.0,
1901,0.0,0.0,
1902,0.0,0.0,
1903,0.0,0.0,
1904,0.0,0.0,
1905,0.0,0.0,
1906,0.0,0.0,
1907,0.0,0.0,
1908,0.0,0.0,
1909,0.0,0.0,
1910,0.0,0.0,
1911,0.0,0.0,
1912,0.0,0.0,
1913,0.0,0.0,
1914,0.0,0.0,
1915,0.0,0.0,
1916,0.0,0.0,
1917,0.0,0.0,
1918,0.0,0.0,
1919,0.0,0.0,
1920,0.0,0.0,
1921,0.0,0.0,
1922,0.0,0.0,
1923,0.0,0.0,
1924,0.0,0.0,
1925,0.29033217,0.0,
1926,0.0,0.0,
1927,0.0,0.0,
1928,0.0,0.0,
1929,0.0,0.0,
1930,0.0,0.0,
1931,1.39e-06,1.3798416771764446e-06,
1932,0.0,0.0,
1933,0.02771534,0.02759604312001605,
1934,0.0,0.0,
1935,0.0,0.0,
1936,0.0,0.0,
1937,0.0,0.0,
1938,0.0,0.0,
1939,0.0,0.0,
1940,0.0,0.0,
1941,0.0,0.0,
1942,0.0,0.0,
1943,0.0,0.0,
1944,0.0,0.0,
1945,0.0,0.0,
1946,0.0,0.0,
1947,0.0,0.0,
1948,0.0,0.0,
1949,0.0,0.0,
1950,0.0,0.0,
1951,0.0,0.0,
1952,0.0,0.0,
1953,0.0,0.0,
1954,0.0,0.0,
1955,0.0,-0.0,
1956,0.0,0.0,
1957,0.0,0.0,
1958,0.14893552,0.14821061999999977,
1959,0.0,0.0,
1960,0.0,0.0,
1961,0.0,0.0,
1962,0.0,0.0,
1963,0.0,0.0,
1964,0.0,0.0,
1965,0.0,-0.0,
1966,0.0,-0.0,
1967,0.0,0.0,
1968,0.0,0.0,
1969,0.0,0.0,
1970,0.0,0.0,
1971,0.0,0.0,
1972,0.0,0.0,
1973,0.0,-0.0,
1974,0.0,0.0,
1975,0.0,0.0,
1976,0.0,0.0,
1977,0.0,0.0,
1978,0.0,0.0,
1979,0.0,0.0,
1980,13.74569108,16.58306029971816,
1981,13.74569108,16.58306029971816,
1982,0.0,0.0,
1983,0.0,0.0,
1984,0.0,0.0,
1985,0.0,0.0,
1986,0.19907902,0.19831979999915317,
1987,0.0,0.0,
1988,0.00039896,0.0003973944030270577,0.800918089126635
1989,0.0,0.0,
1990,0.0,0.0,
1991,0.0,0.0,
1992,0.0,0.0,
1993,0.0,0.0,
1994,0.00046338,0.000461601076987094,
1995,-1.4e-07,0.0,
1996,0.0,0.0,
1997,0.0,1.152362469872617e-06,
1998,0.0,0.0,
1999,0.0,0.0,
2000,1.39e-06,1.3798416771764446e-06,
2001,1.39e-06,1.3798416771764446e-06,
2002,0.0,0.0,
2003,1.39e-06,1.3798416771764446e-06,
2004,0.00015446,0.00015389638297674688,
2005,0.0,0.0,
2006,0.0,0.0,
2007,0.0,0.0,
2008,0.0,0.0,
2009,0.0,0.0,
2010,0.0,0.0,
2011,0.0,0.0,
2012,0.00015446,0.00015385234700517357,
2013,0.00015446,0.00015385234700517354,
2014,0.30322318,0.3020668199999995,
2015,0.0,0.0,
2016,0.0,0.0,
2017,0.00015446,0.00015385234700517357,
2018,0.0,0.0,
2019,0.0,0.0,
2020,0.01910097,0.019025946965747408,
2021,0.17167603,0.1710137727223039,
2022,0.22186967,0.22099820269993375,
2023,0.0,0.0,
2024,0.0,0.0,
2025,0.0,0.0,
2026,0.00015446,0.00015385234700517357,
2027,0.0,0.0,
2028,0.0,0.0,
2029,0.0,0.0,
2030,0.00015446,0.00015389638297674688,
2031,7.38828531,8.898674801476457,
2032,0.00015446,0.0,
2033,0.0,0.00015446,
2034,0.00015446,0.00015389638297674688,
2035,0.00015446,0.00015389638297674688,
2036,0.0,0.0,
2037,1.39e-06,1.3798416771764446e-06,
2038,1.39e-06,1.3798416771764446e-06,
2039,0.0,0.0,
2040,0.0,0.0,
2041,0.0,0.0,
2042,0.0,0.0,
2043,0.0,0.0,
2044,0.0,0.0,
2045,0.0,0.0,
2046,0.0,0.0,
2047,0.0,0.0,
2048,0.0,0.0,
2049,0.00746667,0.007438830085257044,
2050,0.0058078,0.005784007321544202,
2051,0.02202461,0.021940619999999997,
2052,0.0171304,0.01706508,
2053,0.0,0.0,
2054,0.0,0.0,
2055,0.0029929,0.002980643408281744,
2056,0.0,0.0,
2057,0.0088291,0.00879543,
2058,0.0,0.0,
2059,0.0,0.0,
2060,0.0,3.990217588281664e-05,
2061,0.91447488,3.3498527654364665,
2062,0.0,0.0,
2063,0.0,0.0,
2064,0.0,0.7587866252850728,
2065,8.79582613,5.570432037991401,0.6306286217450917
2066,0.0,-0.0,
2067,0.0,0.0,
2068,0.0,1.2173123941805475e-05,
2069,0.0,0.0,
2070,0.0,0.0,
2071,0.00015446,0.00015389638297674688,
2072,0.0,0.0,
2073,0.0,0.0,
2074,0.26946573,1.12029308087414,
2075,0.0,0.0,
2076,2.81054715,1.3783338991762726,0.19331556470367156
2077,0.60986436,0.0,
2078,0.0,0.0,
2079,0.0,0.0,
2080,0.0,0.0,
2081,0.0,0.0,
2082,0.0,0.0,
2083,0.0,0.0,
2084,0.0,1.0090705159296331e-06,
2085,0.0,0.0,
2086,0.0,0.0,
2087,0.0,0.0,
2088,0.0,0.0,
2089,0.0,0.0,
2090,0.0,0.0,
2091,0.0,0.0,
2092,0.0,0.0,
2093,0.0,0.0,
2094,0.0,0.0,
2095,0.0,0.0,
2096,0.0,0.0,
2097,0.0,0.0,
2098,0.0,0.0,
2099,0.0,0.0,
2100,0.0,0.0,
2101,0.01141958,0.011376208311080029,
2102,0.0,0.0,
2103,0.00888243,0.008846565924037321,
2104,0.0,0.0,
2105,0.0,0.0,
2106,0.0,0.0,
2107,0.0,0.0,
2108,0.0,0.0,
2109,0.0,0.0,
2110,0.0,0.0,
2111,0.0,0.0,
2112,0.0,0.0,
2113,0.00457767,0.004559182286971597,
2114,0.0,0.0,
2115,0.0,0.0,
2116,0.0,0.0,
2117,0.0,0.0,
2118,0.0,0.0,
2119,0.0,0.0,
2120,0.0,0.0,
2121,0.0,0.0,
2122,0.0,0.0,
2123,0.01141958,0.011376208311080029,
2124,0.00888243,0.008846565924037321,
2125,0.0,0.0,
2126,0.00457767,0.004559182286971597,
2127,7.723e-05,0.00015581217620788885,
2128,-1e-08,0.0,
2129,-1e-08,0.0,
2130,0.0,0.0,
2131,0.0,0.0,
2132,0.0,0.0,
2133,0.0,0.0,
2134,0.0,0.0,
2135,0.0,1.4834452760070782e-06,
2136,0.0,0.0,
2137,0.0,0.0,
2138,7.723e-05,0.00015581217620788885,
2139,0.0,0.0,
2140,0.0,0.0,
2141,0.0,0.0,
2142,0.0,0.0,
2143,0.0,0.0,
2144,0.00030892,0.00030779276595349376,
2145,1.39e-06,1.3798416771764446e-06,
2146,0.0,0.0,
2147,0.0,0.0,
2148,0.0,0.0,
2149,0.64217963,0.6396591624839729,
2150,0.00015446,0.00015389638297674688,
2151,0.00039896,0.0003973944030270577,
2152,0.64217963,0.6396587229214314,
2153,-3e-08,2.6396214434037946e-05,
2154,0.0,0.0,
2155,0.0,0.0,
2156,0.0,0.0,
2157,0.0,0.0,
2158,0.0,0.0,
2159,0.0,0.0,
2160,0.0,0.0,
2161,-3e-08,0.0,
2162,0.0,0.2829142389206308,
2163,0.0,0.0,
2164,0.0,0.0,
2165,0.0,0.0,
2166,0.0,0.0,
2167,0.0,0.0,
2168,0.0,0.0,
2169,0.0,0.0,
2170,0.0,0.0,
2171,0.0,0.0,
2172,0.0,0.0,
2173,0.0,0.0,
2174,0.0,0.0,
2175,0.00216243,0.0024696530127799312,0.8787027266062639
2176,0.83938883,0.0,0.009951801866904206
2177,0.0,0.0,
2178,0.0,0.0,
2179,0.0,2.517174571701336e-06,
2180,0.0,1.9578200360845233e-06,
2181,0.0,0.0,
2182,0.00039896,0.0003973944030270577,0.42664760430391774
2183,0.0,0.0,
2184,0.0,0.0,
2185,0.0,0.0,
2186,0.0,0.0,
2187,0.0,0.0,
2188,0.0,1.7011852664043565,
2189,0.0,0.0,
2190,0.0,0.0,
2191,0.00039896,0.0003973944030270577,0.6103756349155667
2192,0.09296356,0.09259841527195685,0.009951801866904322
2193,0.12469,0.12421448999999979,0.039023700968853804
2194,5.647e-05,0.0,
2195,0.00032968,0.000463516870218236,
2196,0.0,0.0,
2197,0.0,0.0,
2198,0.0,0.0,
2199,0.0,0.2266122109180773,
2200,0.0,0.0,
2201,0.0,0.0,
2202,0.30135789,0.36025878976356296,
2203,0.30135789,0.30017438287031944,
2204,0.03825736,0.03810708759858187,
2205,0.0637618,0.06351135271707739,
2206,0.30120343,0.3000204864873427,
2207,0.0637618,0.06351135271707739,
2208,0.30135789,0.30017438287031944,
2209,0.0637618,0.06351135271707739,
2210,0.00015751,1.7003712926788594e-05,
2211,0.0,0.0,
2212,0.0,0.0,
2213,0.0,0.0,
2214,0.0,0.0,
2215,0.0,0.0,
2216,0.0,0.0,
2217,0.0,0.0,
2218,0.63373833,0.624363355477055,
2219,0.0,0.0,
2220,0.0,0.0,
2221,0.25760997,0.25760997,
2222,0.0,0.0,
2223,0.0,0.017113486401180857,
2224,3.52650741,2.5704240139808343,
2225,0.0,0.0,
2226,0.0,0.0,
2227,0.0,0.0,
2228,0.0,0.0,
2229,0.0,0.0,
2230,0.0,0.0,
2231,0.0,0.0,
2232,0.0,0.0,
2233,0.0,0.0,
2234,0.0,-0.0,
2235,0.0,0.0,
2236,0.02258288,0.022496759999285132,0.9900481981330957
2237,0.0,0.0,
2238,0.03058982,0.030470816277880126,
2239,0.0,0.0,
2240,0.02379223,0.023698780805505436,
2241,0.17167603,0.1710137727223039,
2242,-3e-08,0.0,
2243,0.0,-0.0,
2244,0.0,0.0,
2245,0.0,0.0,
2246,0.0,0.0,
2247,0.0,0.0,
2248,0.01226252,0.012214358526365888,
2249,0.0,1.3981270477039165e-06,
2250,-3e-08,0.0,
2251,0.25006087,0.24910506696574702,
2252,0.0,0.04373807973421279,
2253,0.0,0.0,
2254,0.0,0.0,
2255,0.0,0.0,
2256,0.0,0.0,
2257,0.91447488,3.3498527654364665,
2258,0.0,0.0,
2259,0.91447488,3.3498527654364665,0.2619548339442749
2260,0.0,0.0,
2261,0.0,0.0,
2262,0.0,0.0,
2263,0.0,0.0,
2264,0.0,0.0,
2265,0.0,0.0,
2266,0.0,0.0,
2267,0.0,0.0,
2268,0.0,0.0,
2269,0.00030892,0.00030770469401034714,
2270,0.03058982,0.030470816277880126,
2271,0.00046338,0.00046102166991338853,0.786175036815275
2272,0.0,0.0,
2273,0.17167603,0.17140609928007466,0.19434919649715085
2274,0.02379223,0.023698780805505436,
2275,0.0,0.0,
2276,0.01226252,0.012214358526365888,
2277,0.0,0.0,
2278,0.0,1.0018220041586252,
2279,0.0,0.0,
2280,0.0,2.178476818862981,
2281,0.0,0.0,
2282,0.00039896,0.0003973944030270577,
2283,0.0,0.0,
2284,0.0,0.0,
2285,0.0,0.0,
2286,0.0,0.0,
2287,0.0,0.0,
2288,0.0,0.0,
2289,0.0,0.0,
2290,0.0,0.0,
2291,0.0,0.0,
2292,0.0,0.0,
2293,0.0,0.0,
2294,0.0,0.0,
2295,0.0,0.0,
2296,0.0,0.0,
2297,0.00030892,0.00030770469401034714,
2298,0.0,0.0,
2299,0.00015446,0.00015389638297674682,0.21136208632139847
2300,0.00015446,0.00015389638297674682,
2301,0.0,0.0,
2302,0.0,0.016677549791814072,
2303,0.25760997,0.256611956501395,
2304,0.0,0.0,
2305,0.25760997,0.256611956501395,
2306,0.10826332,0.10785046800434846,
2307,0.0,0.0,
2308,0.0,0.0,
2309,0.0,0.0,
2310,0.0,0.0,
2311,0.0,0.0,
2312,0.0,0.0,
2313,0.0,0.0,
2314,0.0,0.0,
2315,1.4e-07,0.0,
2316,0.0,0.0,
2317,0.0,0.0,
2318,0.0,0.0,
2319,0.0,0.0,
2320,0.0,0.0,
2321,0.17453386,0.1738603861023189,
2322,0.17453386,0.1738603861023189,
2323,0.0,0.0,
2324,0.0,0.0,
2325,0.0,0.0,
2326,0.0,0.0,
2327,0.0,0.0,
2328,0.0,0.0,
2329,0.0,0.0,
2330,0.0,0.0,
2331,0.0,0.0,
2332,0.0,0.0,
2333,0.0,0.0,
2334,0.00157853,0.0015723295911425586,
2335,0.0,0.0,
2336,0.0,0.0,
2337,0.0,0.0,
2338,-1e-08,1.2303256873224915e-05,
2339,0.0,0.0,
2340,0.0,0.0,
2341,0.00467116,0.004665129392312196,
2342,0.0,0.0,
2343,0.0,0.0,
2344,0.0,0.0,
2345,0.21670083,0.0,
2346,0.0,0.0,
2347,0.0,0.0,
2348,0.0,0.0,
2349,0.0,0.0,
2350,0.19553683,0.19479113999999237,
2351,0.0,0.0,
2352,0.58297795,0.3648607662370207,0.5
2353,0.0,0.0,
2354,0.0,0.0,
2355,0.0,0.0,
2356,0.0,0.0,
2357,0.0,0.0,
2358,0.00030892,0.00030770469401034714,
2359,0.00030892,0.00030770469401034714,
2360,0.0,0.0,
2361,0.0,0.0,
2362,0.0,0.0,
2363,0.0,0.0,
2364,1.72001196,2.97316403204952,
2365,0.0,0.0,
2366,0.0,0.0,
2367,0.0,0.0028999044205534783,
2368,0.0,0.007732502267668647,0.9900481981330957
2369,0.0,0.0,
2370,0.0,0.0,
2371,0.35839207,2.514591918134944,
2372,0.0,0.0,
2373,0.0,0.0,
2374,0.0,0.0,
2375,0.0,0.0,
2376,0.00015446,0.00015389638297674688,
2377,0.0,0.0,
2378,1.90342736,1.424843313432246,
2379,0.0,0.0,
2380,0.00015446,0.00015389638297674682,
2381,0.0,0.0,
2382,1.62308005,1.1455807005485892,
2383,0.00061784,0.0006155855319069875,
2384,0.0,0.0,
2385,0.0,0.0,
2386,0.0,0.0,
2387,0.0,0.0,
2388,0.0,0.0,
2389,0.0,0.0,
2390,0.17167603,0.1710137727223039,
2391,0.0,0.0,
2392,0.09902971,0.08228443013475278,0.37963862822519445
2393,0.0,0.0,
2394,0.0,0.024012654256688304,
2395,0.0,0.0,
2396,0.0,0.0,
2397,0.0,0.0,
2398,0.0,0.0,
2399,0.0,0.0,
2400,0.01718097,0.017113486401180857,
2401,0.0,0.0,
2402,0.0,0.0,
2403,0.0,0.0,
2404,0.00030892,0.00030779276595349376,0.3227042027121626
2405,0.00015446,0.0001538846397203804,0.4633583540762115
2406,0.00015446,0.00015389638297674688,
2407,0.0,0.0,
2408,0.0,0.0,
2409,0.0,0.0,
2410,0.0,0.0,
2411,0.0,0.0,
2412,2.9620304,0.0,0.03050731151992108
2413,0.0,0.0,
2414,0.0,0.0,
2415,0.0,0.0,
2416,0.0,0.0,
2417,0.0,0.0,
2418,0.00564572,0.005624189999821283,
2419,0.00564572,0.005624189999821283,
2420,0.0,0.0,
2421,0.22433687,0.1710137727223039,
2422,0.0,0.0,
2423,0.0,0.0,
2424,0.00564572,0.005624189999821283,
2425,0.00564572,0.005624189999821283,
2426,0.0,0.0,
2427,0.0,0.0,
2428,0.0,0.0,
2429,0.0,0.0,
2430,0.0,0.0,
2431,0.0,0.0,
2432,0.0,0.0,
2433,0.0,0.10338325699896833,
2434,0.0,0.0,
2435,0.25006087,0.24910506696574702,
2436,0.0,0.0,
2437,0.0,0.0,
2438,0.0,0.0,
2439,0.0,0.0,
2440,0.0,0.0,
2441,0.03331612,0.03810708759858187,
2442,0.0,0.0,
2443,0.00494124,0.0,
2444,0.0,-0.0,
2445,0.0,0.0,
2446,0.0,0.0,
2447,0.0,0.0,
2448,0.0,0.0,
2449,0.0,0.0,
2450,0.0,0.0,
2451,0.0,0.0,
2452,0.0,0.0,
2453,0.0,0.0,
2454,0.0,0.0,
2455,0.0,0.0,
2456,0.0,0.0,
2457,0.0,0.0,
2458,0.00015446,0.00015389638297674688,
2459,0.0,0.0,
2460,0.0,0.0,
2461,0.0,0.0,
2462,0.0,1.062472757344668e-05,
2463,0.0,-0.0,
2464,0.0,0.0,
2465,0.0,0.0,
2466,0.0,0.0,
2467,0.01129144,0.011248379999642566,
2468,0.01910097,0.019025946965747408,
2469,0.0,0.0,
2470,0.0,0.0,
2471,0.0,0.0,
2472,0.0,0.0,
2473,0.0,0.0,
2474,0.0,0.0,
2475,0.0,0.0,
2476,0.0,0.0,
2477,0.0,0.0,
2478,0.0,0.0,
2479,0.0,0.0,
2480,0.01129144,0.011248379999642595,
2481,0.0,0.0,
2482,0.0,0.0,
2483,0.00564572,0.005624189999821283,
2484,0.01910097,0.019025946965747408,0.7025162196202351
2485,0.0,0.0,
2486,0.04949339,0.04930027393113738,
2487,0.0,0.0,
2488,0.01910097,0.019025946965747408,
2489,0.01910097,0.019025946965747408,0.3715490889764136
2490,0.01910097,0.019025946965747408,
2491,0.0,0.0,
2492,0.0,0.0,
2493,0.0,0.0,
2494,0.0,0.0,
2495,0.0,0.0,
2496,0.0,0.0,
2497,0.0,0.0,
2498,0.01910097,0.019025946965747408,
2499,0.01910097,0.019025946965747408,
2500,3.81e-05,3.795650701220215e-05,
2501,0.0,0.0,
2502,0.00564572,0.005624189999821283,
2503,1.4e-07,0.0,
2504,0.0,0.0,
2505,0.0,0.0,
2506,0.0,0.0,
2507,0.00092814,0.0009245999999999976,
2508,0.0,0.0,
2509,0.0,0.0,
2510,0.0,0.0,
2511,0.0,0.0,
2512,0.0,0.0,
2513,0.0,0.0,
2514,0.0,0.0,
2515,0.0,0.0,
2516,0.0,0.0,
2517,0.0,0.0,
2518,0.0,0.0,
2519,0.0,0.0,
2520,0.0,0.0,
2521,0.0,0.0,
2522,0.0,0.0,
2523,0.0,0.0,
2524,0.0,0.0,
2525,0.0,0.0,
2526,0.0,0.0,
2527,0.0,0.0,
2528,0.0,0.0,
2529,0.0,0.0,
2530,0.0,0.0,
2531,0.0,0.0,
2532,0.0,0.0,
2533,0.0,0.0,
2534,0.0,0.0,
2535,0.0,0.0,
2536,0.0,0.0,
2537,0.0,0.0,
2538,0.0,0.0,
2539,0.0,0.0,
2540,0.0,0.0,
2541,0.0,0.0,
2542,0.0,0.0,
2543,0.00022442,0.00022353435170258405,
2544,0.0,0.0,
2545,0.00022442,0.00022355999976753083,
2546,1.4e-07,0.0,
2547,0.01910097,0.019025946965747408,
2548,0.01129144,0.011248379999642566,
2549,0.0,0.0,
2550,0.0,0.0,
2551,0.0,0.0,
2552,0.0,0.0,
2553,0.0,0.0,
2554,0.0,0.0,
2555,0.24661639,0.24564833966550245,
2556,0.0,0.0,
2557,0.0,0.0,
2558,0.0,0.0,
2559,0.0,0.0,
2560,0.00015446,0.00015389638297674682,
2561,0.00054061,0.0006174132531949828,
2562,0.0,1.1003861638841248,
2563,0.00038615,0.000463516870218236,0.33304449203766956
2564,0.0,0.0,
2565,0.0,0.0,
2566,-3e-08,0.0,
2567,0.0,0.0,
2568,0.0,0.0,
2569,0.0,0.0,
2570,0.0,0.0,
2571,0.01773993,0.0,
2572,0.0,0.0,
2573,0.0,0.0,
2574,0.0,0.0,
2575,0.0,0.0,
2576,0.01773993,0.0,
2577,0.0,0.0,
2578,0.01718097,0.0,
2579,0.0,0.0,
2580,0.01718097,0.017113486401180857,
2581,0.0,0.01767025251792155,
2582,0.0,0.01767025251792155,
2583,0.0,0.0,
2584,1.662e-05,1.6558100126117334e-05,
2585,8.99,8.99,
2586,0.0,0.0,
2587,0.0,0.0,
2588,0.1286166,0.1281260999994629,
2589,0.00046684,0.0004648884230065896,
2590,0.00571637,0.005693916680868599,
2591,0.00045576,0.00045401999977912055,
2592,9.485e-05,9.463835346467175e-05,
2593,0.0,0.0,
2594,7.27739275,7.249331325170886,
2595,0.00342996,0.003416487992688877,
2596,0.00015446,0.00015385234700517354,
2597,0.00021264,0.00021182999944358016,
2598,13.74569108,16.58306029971816,
2599,0.00342996,0.0034164879926888766,
2600,0.64217963,0.6396587229214314,
2601,0.00022442,0.00022355999976753083,
2602,0.0,0.0,
2603,0.0,0.0,
2604,0.0,0.0,
2605,0.0,0.0,
2606,0.0,0.0,
2607,0.0,0.0,
2608,0.17453386,0.1738603861023189,
2609,0.0,-0.0,
2610,0.0,0.0,
2611,0.0,0.0,
2612,0.0,-0.0,
2613,0.0,-0.0,
2614,0.0,-0.0,
2615,0.0,0.0,
2616,0.0,0.0,
2617,0.01083205,0.010868016926938347,
2618,0.0,0.0,
2619,0.0,0.0,
2620,0.0,0.0,
2621,0.0,0.0,
2622,0.00467116,0.004665129392312196,
2623,0.0,0.0,
2624,0.0,0.0,
2625,-3e-08,0.0,
2626,0.0,0.0,
2627,0.0,0.0,
2628,-2e-08,0.0,
2629,-2e-08,0.0,
2630,-2e-08,0.0,
2631,-2e-08,1.919100044940281e-05,
2632,0.0,0.0,
2633,-2e-08,8.802253693692945e-05,
2634,0.0,0.00522455454556295,
2635,0.0,0.0,
2636,0.0,-0.0,
2637,0.0,0.0,
2638,0.0,0.0,
2639,0.0,1.7585639778570552,
2640,0.0,0.0,
2641,0.0,0.0,
2642,0.0,0.0,
2643,0.0,0.0,
2644,0.0,0.0,
2645,0.0,0.0,
2646,0.0,0.0,
2647,0.0,0.0,
2648,0.0,0.0,
2649,0.0,0.0,
2650,0.0,0.0,
2651,0.0,1.00973084768086,
2652,0.0,-0.0,
2653,0.0,0.0,
2654,0.0,0.0,
2655,0.0,0.0,
2656,0.0,0.034158802738020196,0.5
2657,0.0,0.0,
2658,0.0,0.03416446580010533,0.6991062835059029
2659,0.0,0.034158802738020196,0.989651000028407
2660,0.0,0.03415869044760052,0.990043566095548
2661,0.0,0.03415869044760052,0.9900481981330957
2662,0.0,0.0,
2663,0.0,0.9824563389317147,
2664,0.0,0.028710194654253306,0.9900481981330957
2665,0.0,0.018577194211493953,0.5
2666,0.0,0.000976597624879636,
2667,0.0,0.0,
2668,0.0,0.9824563389317147,
2669,0.0,0.9824563389317147,
2670,0.0,0.0,
2671,0.0,1.0924054646009278,
2672,0.0,0.0,
2673,0.22679436,0.2259158431191692,
2674,0.0,0.0,
2675,0.0,0.0,
2676,0.22679436,0.2259158431191692,
2677,2.04893173,9.423649174562144,
2678,2.04893173,1.4099999999997408,
2679,0.0,0.0,
2680,0.30120343,0.3000204864873427,
2681,0.0,0.0,
2682,0.0,0.0,
2683,0.0,0.0,
2684,0.0,0.0,
2685,0.0,0.0,
2686,0.0,0.0,
2687,0.0,0.0,
2688,0.0,0.0,
2689,0.0,0.0,
2690,0.0,0.0,
2691,0.0,0.0,
2692,0.0,0.0,
2693,0.0,0.0,
2694,0.35672417,0.3789031119494134,
2695,0.0,0.0,
2696,0.0,0.0,
2697,0.0,0.0,
2698,0.21670082,0.0,
2699,0.0,0.20697412611376056,
2700,0.0,0.026307654904934807,
2701,0.0,4.80142072761504,
2702,0.0,0.0,
2703,0.0,0.0,
2704,0.0,0.0,
2705,0.0,0.0,
2706,0.0,0.0,
2707,0.0,0.0,
2708,0.0,-0.0,
2709,0.0,-0.0,
2710,0.0,0.0,
2711,0.0,0.0,
2712,0.0,0.0,
2713,0.0,-0.0,
2714,0.0,0.0,
2715,0.0,0.0,
2716,2.19102613,2.038036235674165,0.5453599864306459
2717,0.00342996,0.003416879999804223,
2718,0.0,0.0,
2719,0.0,0.0,
2720,0.0,0.0,
2721,0.0,0.0,
2722,0.0,0.0,
2723,0.0,0.0,
2724,0.0,0.0,
2725,0.0,0.0,
2726,0.0,0.0,
2727,0.0,-0.0,
2728,0.0,-0.0,
2729,0.0,0.0,
2730,0.0,0.0,
2731,0.0,0.0,
2732,0.0,0.0,
2733,0.0,0.0,
2734,0.0,0.0,
2735,0.0,0.0,
2736,0.0,0.0,
2737,0.0,0.0,
2738,0.0,0.0,
2739,14.56689314,17.0050926163656,
2740,14.56689314,17.00324590380585,
2741,0.0,0.0,
2742,0.0,0.0,
2743,0.0,0.0,
2744,0.0,0.0,
2745,0.0,0.0,
2746,0.0,0.0,
2747,0.0,0.0,
2748,0.0,0.0,
2749,0.0,0.0,
2750,0.0,-0.0,
2751,0.0,0.0,
2752,0.0,-0.0,
2753,0.0,0.0,
2754,0.0,0.0,
2755,0.0,0.0,
2756,0.0,0.0,
2757,0.0,0.0,
2758,0.0,0.0,
2759,0.0,0.0,
2760,0.0,-0.0,
2761,0.0,0.0,
2762,0.0,0.0,
2763,0.0,0.0,
2764,0.0,0.0,
2765,0.0,0.0,
2766,0.0,0.0,
2767,0.0,0.0,
2768,0.0,0.0,
2769,0.0,0.0,
2770,0.0,0.0,
2771,0.0,0.0010005372573267841,
2772,0.0,0.010133000442759355,0.8180883293455233
2773,0.0,0.005222774141473562,0.6100749809591095
2774,0.0,0.0,
2775,0.0,0.0,
2776,0.0,0.0,
2777,0.0,-0.0,
2778,0.0,0.0,
2779,0.0,0.0,
2780,0.0,0.0,
2781,0.0,0.0,
2782,0.0,0.0,
2783,0.0,0.0,
2784,0.0,0.0,
2785,0.0,0.0,
2786,0.0,0.0,
2787,0.0,-0.0,
2788,0.0,0.0,
2789,0.0,0.0,
2790,0.0,0.0,
2791,0.0,0.0,
2792,0.0,0.0,
2793,0.0,0.0,
2794,0.0,0.0,
2795,0.0,0.0,
2796,0.0,0.0,
2797,0.0,-0.0,
2798,0.0,0.0,
2799,0.0,1.2335492721058435e-05,
2800,0.0,-0.0,
2801,0.0,0.0,
2802,0.0,0.0,
2803,0.0,0.0,
2804,0.22186967,0.22099820269993375,
2805,0.0,0.0,
2806,0.0,0.0,
2807,0.0,0.0,
2808,0.0,-0.0,
2809,0.0,0.0,
2810,0.0,0.0,
2811,0.0,0.0,
2812,0.0,-0.0,
2813,0.0,0.0,
2814,0.0,0.0,
2815,0.0,0.0,
2816,0.0,0.0,
2817,0.0,0.0,
2818,0.0,1.2408798355344952,
2819,0.95121979,0.7218163012071162,
2820,0.0,0.0,
2821,0.0,0.0,
2822,0.0,0.0,
2823,-2e-08,0.0,
2824,-2e-08,0.0,
2825,-2e-08,0.0,
2826,0.0,0.0,
2827,0.0,0.0,
2828,0.0,0.0,
2829,0.0,0.00022737718484485553,
2830,0.0,0.0001662148811182665,
2831,-2e-08,0.0,
2832,0.0,0.0,
2833,0.0,-0.0,
2834,-2e-08,0.0,
2835,0.21670082,0.0,
2836,0.21670082,0.0,
2837,0.0,0.0,
2838,0.0,-0.0,
2839,0.0,0.0,
2840,0.31529891,0.0,
2841,0.0,3.899681796069212,
2842,0.0,0.0,
2843,0.0,-0.0,
2844,0.0,0.0,
2845,0.0,0.0,
2846,0.0,0.0,
2847,0.0,-0.0,
2848,0.0,0.0,
2849,0.0,0.0,
2850,0.0,0.0,
2851,0.0,0.0,
2852,0.0,0.0,
2853,0.0,0.00026797671182955153,
2854,0.0,0.0,
2855,0.0,0.0,
2856,0.0,0.0,
2857,0.0,0.0,
2858,0.0,-0.0,
2859,0.11640394,0.11152125810751867,
2860,0.0,0.0,
2861,0.0,0.8285163263987099,
2862,0.0,0.0,
2863,0.0,0.0,
2864,0.0,0.0,
2865,0.0,0.0,
2866,0.0,0.0,
2867,0.0,0.0,
2868,0.0,0.04624497460906955,
2869,0.0,0.0,
2870,0.0,0.0,
2871,0.0,6.0129749763341085,
2872,0.0,1.6110083447862262,
2873,0.0,0.0,
2874,0.0,0.0,
2875,0.0,0.0,
2876,0.0,0.0,
2877,0.0,0.0,
2878,0.0,0.0,
2879,0.0,0.0,
2880,0.0,0.0,
2881,0.0,0.0,
2882,0.0,-0.0,
2883,0.0,0.0,
2884,0.0,-0.0,
2885,0.0,0.0,
2886,0.0,0.0,
2887,0.0,0.0,
2888,0.0,0.0,
2889,0.0,0.0,
2890,0.0,0.0,
2891,0.0,0.0,
2892,0.0,0.0,
2893,0.0,0.0,
2894,0.0,0.0,
2895,0.0,0.0,
2896,0.0,0.0,
2897,0.0,-0.0,
2898,1.89e-05,0.0,
2899,5.78192303,7.98316992063119,
2900,0.01910097,0.019025946965747408,
2901,0.0,0.0,
2902,0.0,0.0,
2903,0.0,0.0,
2904,0.0,0.0,
2905,0.0,0.0,
2906,0.0,0.0,
2907,0.0,0.0,
2908,0.0,0.0,
2909,0.0,0.0,
2910,0.0,0.5966716325392813,
2911,0.0,0.0,
2912,0.0,-0.0,
2913,0.0,0.0,
2914,0.0,0.0,
2915,0.0,0.0,
2916,0.0,-0.0,
2917,0.0,0.0,
2918,0.0,0.0,
2919,0.0,0.0,
2920,0.0,0.0,
2921,0.0,0.0,
2922,33.19327621,35.78266788413447,
2923,33.20819546,39.08166737829029,
2924,0.51959795,0.0011233424108929846,
2925,0.3150899,0.0,
2926,0.0044426,0.0,
2927,0.0,0.004425152258704858,
2928,-1e-08,0.0,
2929,0.0,0.0,
2930,0.0,0.0,
2931,0.0,0.0,
2932,0.0,0.0,
2933,-2e-08,0.0,
2934,-2e-08,0.0,
2935,-2e-08,0.0,
2936,-2e-08,0.0,
2937,0.0,0.2531500575648166,
2938,-2e-08,0.0,
2939,0.0,0.0,
2940,0.0,0.0,
2941,0.0,0.0,
2942,0.0,-0.0,
2943,0.0,5.722693961508908,
2944,0.0,0.0,
2945,0.0,0.0,
2946,-2e-08,0.0,
2947,0.0,0.0,
2948,-1e-08,0.0,
2949,-1e-08,0.0,
2950,0.0,0.0,
2951,0.0,0.0,
2952,0.0,0.0,
2953,0.0,0.0,
2954,0.0,0.0,
2955,0.0,-0.0,
2956,0.0,0.0,
2957,0.69124126,0.4727112342413691,
2958,0.0,0.0,
2959,0.0,0.0,
2960,0.0,0.0,
2961,-2e-08,0.0,
2962,0.30322318,0.5611386807121258,
2963,0.30322318,0.3020668199999995,
2964,0.0,0.0,
2965,0.58842521,0.5861486244970863,
2966,0.0,0.0,
2967,0.0,0.0,
2968,0.0,0.0,
2969,9.80983293,8.515243945544356,
2970,0.0,1.4699482015878562e-05,
2971,0.29836158,0.0,0.009951801866904234
2972,0.0,2.7606767481322316e-06,
2973,0.0,0.0,
2974,0.0,0.0,
2975,0.0,0.0,
2976,0.0,0.0,
2977,0.0,-0.0,
2978,0.0,0.0,
2979,0.0,-0.0,
2980,0.0,-0.0,
2981,0.19553683,0.19479113999999237,
2982,-2e-08,2.2347741505696073e-05,
2983,-2e-08,2.2347741505696073e-05,
2984,0.36496523,0.3635318392044201,
2985,0.0,0.0,
2986,0.0,0.0,
2987,0.0,0.0,
2988,0.0,0.0,
2989,-1e-08,0.0,
2990,0.0,0.0,
2991,0.0,0.0,
2992,0.0,0.0,
2993,0.0,0.09642332753476701,
2994,0.0,0.0,
2995,-4e-08,3.465512452471842e-05,
2996,-4e-08,3.465512452471842e-05,
2997,-3e-08,2.6396214434037946e-05,
2998,0.0,-0.0,
2999,0.0,0.0,
3000,0.0,0.0,
3001,0.0,0.0,
3002,0.0,-0.0,
3003,1.39e-06,1.3798416771764446e-06,
3004,1.39e-06,1.3798416771764446e-06,
3005,0.0,0.0,
3006,0.0,0.0,
3007,0.0,0.0,
3008,0.0,0.0,
3009,0.0,-0.0,
3010,0.0,0.0,
3011,0.0,0.0,
3012,0.0,0.0,
3013,0.0,0.0,
3014,0.0,-0.0,
3015,0.0,0.0,
3016,0.0,0.0,
3017,0.0,2.158731263054405,
3018,0.0,0.0,
3019,0.0,0.0,
3020,0.0,0.0,
3021,0.0,0.0,
3022,0.0,0.0,
3023,0.0,0.0,
3024,0.0,0.0,
3025,0.0,0.0,
3026,0.0,0.0,
3027,0.0,0.0,
3028,0.0,-0.0,
3029,0.0,0.0,
3030,0.0,0.009193741162675392,
3031,0.0,0.0,
3032,0.0,0.024001704580347005,
3033,0.0,0.0,
3034,0.0,0.0,
3035,0.0,-0.0,
3036,0.23938516,0.0,
3037,0.23938516,0.0,0.04866347638554809
3038,0.0,0.0,
3039,0.0,0.0,
3040,0.0,0.0,
3041,0.0,0.0,
3042,0.0,0.0,
3043,0.0,0.0,
3044,0.0,0.0,
3045,0.0,0.0,
3046,0.0,0.0,
3047,0.0,0.0,
3048,0.0,1.0012360800750357,
3049,0.0,0.0,
3050,0.0,0.0,
3051,0.0,-0.0,
3052,0.0,0.0,
3053,0.0,-0.0,
3054,0.0,1.9635985974639225e-06,
3055,0.0,0.0,
3056,0.0,0.0,
3057,0.0,0.0,
3058,0.22186967,0.22099820269993375,
3059,0.0,0.0,
3060,0.0,0.0,
3061,0.0,0.0,
3062,0.0,0.0,
3063,0.0,0.0,
3064,0.0,0.0,
3065,0.0,-0.0,
3066,0.0,0.0,
3067,0.0,0.0,
3068,0.04949339,0.0493401761070202,0.8755776496177025
3069,0.0,0.0,
3070,10.43666267,7.495306551462326,0.21066594196043253
3071,9.52218779,3.386667160740787,
3072,0.1350249,0.13450997999910624,
3073,0.0,0.0,
3074,0.0,0.0,
3075,0.12469,0.12421448999999979,
3076,0.0,0.0,
3077,-2e-08,1.4250716509414674e-05,
3078,-2e-08,1.4250716509414674e-05,
3079,0.0,0.0,
3080,0.0,0.0,
3081,0.0,-0.0,
3082,0.0,0.20877487384837948,
3083,0.0,0.0,
3084,0.0,-0.0,
3085,0.0,0.0,
3086,0.0,0.0,
3087,0.0,0.0,
3088,0.00015446,0.00015385234700517357,
3089,2.27358916,3.994674407788907,
3090,0.0,0.005748737065765577,
3091,0.0,0.0,
3092,0.0,0.0,
3093,0.0,-0.0,
3094,0.0,-0.0,
3095,0.0,0.060084406893243514,
3096,0.0,0.0,
3097,0.0,0.0,
3098,0.0,0.0,
3099,0.0,0.0,
3100,0.00099943,0.0,
3101,0.0,0.0,
3102,0.0,0.0009980134986050104,
3103,0.0,0.0,
3104,2.53616626,2.0549554059750665,
3105,0.0,0.0,
3106,0.0,0.0,
3107,0.0,0.0,
3108,0.25006087,0.2928431466999598,0.6247067927127342
3109,0.0,0.0,
3110,0.98433633,0.0,
3111,0.0,0.0,
3112,0.0,0.0,
3113,0.98433633,0.0,
3114,0.0,0.00039232655777077095,
3115,0.0,0.0,
3116,0.0,0.0,
3117,0.0,0.0,
3118,0.0,0.0,
3119,0.0,0.0,
3120,1.1e-07,0.005748737065765577,
3121,0.0,0.016677549791814072,
3122,0.0,0.0,
3123,0.0,0.0,
3124,0.0,-0.0,
3125,0.0,0.0,
3126,0.0,0.0,
3127,0.0,0.0,
3128,0.0,0.0,
3129,0.0,0.0,
3130,0.0,0.0,
3131,0.0,0.0,
3132,0.0,0.0,
3133,0.0,0.0,
3134,0.0,0.0,
3135,0.0,0.0,
3136,0.0,0.0,
3137,0.0,0.0,
3138,0.0,0.0,
3139,-1e-08,1.2303256873224915e-05,
3140,0.0,0.0,
3141,0.0,0.0,
3142,0.0,0.0,
3143,0.0,0.010632406688222126,
3144,0.0,0.0,
3145,0.0,2.8657916496362095,
3146,0.0,-0.0,
3147,0.0,0.0,
3148,0.0,-0.0,
3149,0.0,0.0,
3150,0.0,0.0,
3151,0.0,-0.0,
3152,0.0,0.0,
3153,0.0,0.0,
3154,0.0,0.0,
3155,0.92970267,0.0,
3156,0.0,-0.0,
3157,0.0,0.0,
3158,0.0,0.0,
3159,0.0,0.0,
3160,0.0,-0.0,
3161,0.0,-0.0,
3162,0.0,0.19359213875464445,
3163,0.0,0.0,
3164,0.0,0.0,
3165,0.0,0.10338325699896833,
3166,0.0,0.0,
3167,0.00494124,0.0,0.15801999168562292
3168,0.0,0.0,
3169,0.0,0.0,
3170,0.0,0.0,
3171,0.0,0.0,
3172,0.0,0.0,
3173,0.0,0.0,
3174,0.0,0.0,
3175,0.0,0.0,
3176,0.0,-0.0,
3177,0.0,0.0,
3178,0.09296356,0.0926090399995303,
3179,-1e-08,0.0,
3180,-1e-08,0.0,
3181,0.0,0.0,
3182,0.0,0.0,
3183,0.0,0.0,
3184,0.0,0.0,
3185,0.0,0.0,
3186,0.0,0.0,
3187,0.30850879,0.283716959999996,0.9585717702057548
3188,0.0,0.0,
3189,-4e-08,0.0,
3190,-4e-08,0.0,
3191,0.02370572,3.25499059363743e-05,
3192,0.0,0.0,
3193,0.0,0.0,
3194,0.0,0.0,
3195,0.0,0.0,
3196,0.0,0.0,
3197,0.0,-0.0,
3198,0.0,0.0,
3199,0.0,0.0,
3200,0.0,0.0,
3201,0.37441826,0.0,
3202,0.0,0.0,
3203,0.0,-0.0,
3204,0.0,-0.0,
3205,0.0,0.0,
3206,0.0,0.0,
3207,0.0,0.0,
3208,0.0,0.0,
3209,0.0,0.0,
3210,0.0,0.0,
3211,0.0,-0.0,
3212,0.0,0.0,
3213,0.0,0.0,
3214,0.0,1.1003861638841248,
3215,0.0,0.0,
3216,0.0,0.0,
3217,0.0,2.2752572126305548e-05,
3218,0.0,2.2752572126305548e-05,
