rxn,Nsubs,OnlySubResults,nOtherMets,nOneComb,OneMetResults,nTwoComb,TwoMetResults,nThreeComb,ThreeMetResults
3OAR100,3,-0.5087700773869432,1733,73,"(('fad_c',), -0.24059206347487447)",2628,"(('amp_c', 'dutp_c'), 0.060238575690897744)",62196,"(('coa_c', 'dutp_c', 'ser__L_c'), 0.3538172652130428)"
3OAR120,3,-0.5087706490025123,1733,73,"(('fad_c',), -0.24059240162778148)",2628,"(('amp_c', 'dutp_c'), 0.06023824349920279)",62196,"(('coa_c', 'dutp_c', 'ser__L_c'), 0.35381718103576076)"
3OAR121,3,-0.5087702332249824,1733,73,"(('fad_c',), -0.24059220156177571)",2628,"(('amp_c', 'dutp_c'), 0.06023882588193097)",62196,"(('coa_c', 'dutp_c', 'ser__L_c'), 0.35381779190357887)"
3OAR140,3,-0.5409334442884547,1733,73,"(('fad_c',), -0.2728215602028462)",2628,"(('amp_c', 'dutp_c'), 0.01619995308929653)",62196,"(('coa_c', 'dutp_c', 'ser__L_c'), 0.39355068088574124)"
3OAR141,3,-0.5087702332249833,1733,73,"(('fad_c',), -0.24059220156177785)",2628,"(('amp_c', 'dutp_c'), 0.060238825881928554)",62196,"(('coa_c', 'dutp_c', 'ser__L_c'), 0.3538177919035964)"
3OAR160,3,-0.5087700510272731,1733,73,"(('fad_c',), -0.2405920514815003)",2628,"(('amp_c', 'dutp_c'), 0.06023881983546239)",62196,"(('coa_c', 'dutp_c', 'ser__L_c'), 0.3538179837107289)"
3OAR161,3,-0.5087702332249833,1733,73,"(('fad_c',), -0.24059220156175282)",2628,"(('amp_c', 'dutp_c'), 0.060238825881888336)",62196,"(('coa_c', 'dutp_c', 'ser__L_c'), 0.35381779190339313)"
3OAR181,3,-0.5087704081227443,1733,73,"(('fad_c',), -0.24059231158277125)",2628,"(('amp_c', 'dutp_c'), 0.06023875006988297)",62196,"(('coa_c', 'dutp_c', 'ser__L_c'), 0.3538153155016005)"
3OAR40,3,-0.5087701270992528,1733,73,"(('fad_c',), -0.24059218542490124)",2628,"(('amp_c', 'dutp_c'), 0.060238846673717955)",62196,"(('coa_c', 'dutp_c', 'ser__L_c'), 0.3538185243340755)"
3OAR60,3,-0.508770102724212,1733,73,"(('fad_c',), -0.24059217225156315)",2628,"(('amp_c', 'dutp_c'), 0.06023893629733784)",62196,"(('coa_c', 'dutp_c', 'ser__L_c'), 0.35381925186808905)"
3OAR80,3,-0.508770130506121,1733,73,"(('fad_c',), -0.2405922220338375)",2628,"(('amp_c', 'dutp_c'), 0.06023893208857309)",62196,"(('coa_c', 'dutp_c', 'ser__L_c'), 0.3538195125152725)"
3OAS121,3,-0.4427677917489953,1733,73,"(('glycogen_c',), -0.0662993510225019)",2628,"(('glycogen_c', 'fad_c'), 0.2112546749661004)",62196,"(('cit_c', 'icit_c', '2dmmql8_c'), 0.4231839929734176)"
3OAS141,3,-0.44276779174894043,1733,73,"(('glycogen_c',), -0.06629935102292384)",2628,"(('glycogen_c', 'fad_c'), 0.21125467495627684)",62196,"(('cit_c', 'icit_c', '2dmmql8_c'), 0.42318399297496484)"
3OAS161,3,-0.4427290634376223,1733,73,"(('glycogen_c',), -0.06638450265213486)",2628,"(('glycogen_c', 'fad_c'), 0.21428137592785854)",62196,"(('cit_c', 'icit_c', '2dmmql8_c'), 0.4231859145572279)"
3OAS181,3,-1.5973415512776037,1733,73,"(('f6p_c',), -0.24862126550689173)",2628,"(('dhap_c', 'acon_C_c'), -0.052628157872074754)",62196,"(('ppi_c', 'flxr_c', 'dutp_c'), 0.2661203718783153)"
5DOAN,2,-0.40629168592154635,1734,73,"(('val__L_c',), -0.10928378512651396)",2628,"(('val__L_c', '3pg_c'), 0.0015415843085058167)",62196,"(('fum_c', 'for_c', 'val__L_c'), 0.5147920041451235)"
ACGK,2,-1.0845329460774968,1734,72,"(('ru5p__D_c',), -0.3298260944176521)",2556,"(('ru5p__D_c', 'dutp_c'), 0.026807443317137025)",59640,"(('glycogen_c', 'ru5p__D_c', 'dutp_c'), 0.09100646225964687)"
ACGS,2,-0.8813650761799301,1734,72,"(('g3p_c',), -0.07692139772811116)",2556,"(('amp_c', 'pyr_c'), 0.21700141929101743)",59640,"(('met__L_c', 'ac_c', 'gmp_c'), 0.3988824894855036)"
ACOAD1f_b,2,-8.561790492371392,1734,104,"(('mql8_c',), -3.1717980222629327)",5356,"(('dhap_c', 'for_c'), 0.25592558968730766)",182104,"(('ppi_c', 'xu5p__D_c', 'gly_c'), 0.8132612320104654)"
ACOAD2f_b,2,-8.557036420601637,1734,104,"(('mql8_c',), -3.1720535021781013)",5356,"(('dhap_c', 'for_c'), 0.25586989765911466)",182104,"(('ppi_c', 'xu5p__D_c', 'gly_c'), 0.8133080620645342)"
ACOAD3f_b,2,-17.76073685483063,1734,104,"(('alaala_p',), -3.5442789807681456)",5356,"(('glycogen_c', 'gdp_c'), 0.04131978323746405)",182104,"(('gmp_c', 'succoa_c', '6pgc_c'), 0.7196474100819208)"
ACOAD4f_b,2,-17.716592683795625,1734,104,"(('alaala_p',), -3.4152879168990258)",5356,"(('glycogen_c', 'gdp_c'), 0.016615704223780975)",182104,"(('gmp_c', 'succoa_c', '6pgc_c'), 0.7193802149408817)"
ACOAD5f_b,2,-17.7178019612509,1734,104,"(('alaala_p',), -3.416611330563686)",5356,"(('glycogen_c', 'gdp_c'), 0.016371886888316645)",182104,"(('gmp_c', 'succoa_c', '6pgc_c'), 0.7193304011591307)"
ACOAD6f_b,2,-17.74040243969122,1734,104,"(('alaala_p',), -3.466477239778686)",5356,"(('glycogen_c', 'gdp_c'), 0.035020720786295645)",182104,"(('gmp_c', '6pgl_c', 'succoa_c'), 0.7198004038013422)"
ACOAD7f_b,2,-17.74670780026875,1734,104,"(('pmtcoa_c',), -2.353102190343537)",5356,"(('pmtcoa_c', 'hcys__L_c'), 0.2001626603197397)",182104,"(('gmp_c', '6pgl_c', 'succoa_c'), 0.7201513000208408)"
ACODA,2,-1.669526335401334,1734,73,"(('alaala_p',), -0.7108216365834203)",2628,"(('alaala_p', 'hom__L_c'), -0.26534879605979217)",62196,"(('glyclt_c', 'alaala_p', 'na1_c'), 0.1013306548579011)"
ADCL,1,0.4892838783678952,1735,73,"(('glycogen_c',), 0.5914710622048522)",2628,"(('glycogen_c', 'r5p_c'), 0.7440741019250934)",62196,"(('glycogen_c', 'coa_c', 'ru5p__D_c'), 0.798369518501143)"
ADK1,2,0.2661220937754654,1734,72,"(('r5p_c',), 0.6417271110578032)",2556,"(('fad_c', 'ru5p__D_c'), 0.7832069148837859)",59640,"(('methf_c', 'ru5p__D_c', '10fthf_c'), 0.8313760366447869)"
ADK3_b,2,-13439.787731049106,1734,74,"(('succoa_c',), -62.06013057816492)",2701,"(('actp_c', 'gthrd_c'), -2.379770165054222)",64824,"(('fadh2_c', 'amp_c', 'ac_p'), -1.9347506395288245)"
ADMDC,2,-0.7427507086004866,1734,72,"(('xu5p__D_c',), -0.43460642641977854)",2556,"(('icit_c', 'succ_c'), 0.002840869543291963)",59640,"(('succ_c', 'g3p_c', 'pyr_c'), 0.15230877979207857)"
ADSK,2,-1.2260299534928265,1734,73,"(('succoa_c',), -0.5980842842058914)",2628,"(('succoa_c', 'for_c'), -0.4135360738534801)",62196,"(('icit_c', 'ac_c', 'pyr_c'), 0.177399269520462)"
ADSL1r,1,0.47883481664539695,1735,72,"(('val__L_c',), 0.5491368557065962)",2556,"(('phom_c', 'hom__L_c'), 0.6446762285240895)",59640,"(('coa_c', 'for_c', 'val__L_c'), 0.720376434813716)"
ADSL2r,1,0.3119004733378997,1735,72,"(('gthrd_c',), 0.53456166167903)",2556,"(('coa_c', 'ru5p__D_c'), 0.6021781724818718)",59640,"(('val__L_c', 'gtp_c', '10fthf_c'), 0.636705178933588)"
ADSS,3,-0.9154397626082357,1733,71,"(('gthrd_c',), -0.10956080969366377)",2485,"(('gthrd_c', 'pyr_c'), 0.1736720924458026)",57155,"(('gthrd_c', 'flxr_c', 'val__L_c'), 0.37199404405293246)"
AGMHE,1,-0.8773468502758197,1735,73,"(('datp_c',), -0.42871603938666586)",2628,"(('glycogen_c', 'icit_c'), 0.16881938704632682)",62196,"(('ppi_c', 'gly_c', 'pyr_c'), 0.5363172507116822)"
AGPAT160,2,-0.3654744530860174,1734,74,"(('val__L_c',), -0.17812814220109563)",2701,"(('xu5p__D_c', 'val__L_c'), 0.034847414388402026)",64824,"(('xu5p__D_c', 'val__L_c', 'thr__L_c'), 0.08621881960189662)"
AGPAT161,2,-0.33534725138642163,1734,74,"(('2dmmql8_c',), -0.21477129880199217)",2701,"(('ru5p__D_c', 'val__L_c'), -0.054169801636485077)",64824,"(('na1_p', 'val__L_c', 'thr__L_c'), 0.1654537088760942)"
AGPAT181,2,-0.6708610061944049,1734,74,"(('thr__L_c',), -0.17538941660255794)",2701,"(('phom_c', 'val__L_c'), 0.02026588561356829)",64824,"(('phom_c', 'dutp_c', 'val__L_c'), 0.19291168713389356)"
AGPR_b,3,-1.0128866633947373,1733,73,"(('4pasp_c',), -0.1474421170864595)",2628,"(('icit_c', '3pg_c'), 0.18128059417130046)",62196,"(('gthrd_c', 'dutp_c', 'datp_c'), 0.25887005139509045)"
AICART,2,-2.2053186082793235,1734,72,"(('pppi_c',), -0.6335913924177267)",2556,"(('glycogen_c', 'ser__L_c'), -0.38199196863418483)",59640,"(('pppi_c', 'ppi_c', 'ac_c'), 0.0025826959427064367)"
AIRC2,3,-0.1906635443445702,1733,73,"(('s7p_c',), -0.15103229948626218)",2628,"(('flxso_c', 'gdp_c'), -0.09678181123655)",62196,"(('alaala_p', 'flxso_c', 'gdp_c'), -0.03197737736556833)"
AIRC3_b,1,-1.1794441435469731,1735,72,"(('h_e',), -0.8380359893502063)",2556,"(('amp_c', 'cit_c'), -0.5910288666991708)",59640,"(('amp_c', 'ac_c', 's7p_c'), -0.35475365409274184)"
AMAOTr,2,-5.569410076973624,1734,72,"(('flxso_c',), -1.8819878895439839)",2556,"(('s7p_c', 'for_c'), -0.5287992373152102)",59640,"(('h_e', 'dutp_c', 's7p_c'), -0.2516435438816192)"
AMMQLT8,2,-0.38954785657271784,1734,71,"(('accoa_c',), 0.010771054107920536)",2485,"(('dhap_c', 'pyr_c'), 0.09957632881605138)",57155,"(('dhap_c', 'dutp_c', 'ac_c'), 0.42252589173174226)"
AMPMS2,3,-0.6763216227432778,1733,73,"(('flxr_c',), -0.0020079870446161052)",2628,"(('flxr_c', 'na1_c'), 0.10407271869205678)",62196,"(('aspsa_c', 'hom__L_c', 'for_c'), 0.16834212130247794)"
ANPRT,2,-0.7120254408548639,1734,73,"(('succoa_c',), 0.5619220522708811)",2628,"(('glyclt_c', 'fadh2_c'), 0.6876400184856226)",62196,"(('glyclt_c', 'fad_c', 'phom_c'), 0.6830125868297279)"
AOXSr2,2,-0.3323757940987267,1734,72,"(('pyr_c',), 0.1277770601722366)",2556,"(('ppi_c', 'ac_c'), 0.26950353892454415)",59640,"(('ppi_c', 'accoa_c', 'gtp_c'), 0.3643776222402633)"
APRAUR,3,0.3424667493926346,1733,73,"(('datp_c',), 0.46590660401415906)",2628,"(('coa_c', 's7p_c'), 0.5206529213134985)",62196,"(('ppi_c', 'coa_c', 'dutp_c'), 0.6796525365029719)"
ARGSL,1,-0.5697426570057431,1735,73,"(('alaala_p',), -0.26695959295425575)",2628,"(('alaala_p', 'thr__L_c'), -0.23487140779561247)",62196,"(('alaala_p', 'aspsa_c', '4pasp_c'), -0.06879172192082625)"
ARGSS,3,-0.6691677184967231,1733,73,"(('fadh2_c',), -0.11865811413830382)",2628,"(('fadh2_c', 'adpglc_c'), 0.02224450263403044)",62196,"(('glycogen_c', 'fadh2_c', 'ade_c'), 0.4734548934261419)"
ASAD_b,3,0.09731803258189284,1733,71,"(('gthrd_c',), 0.2565926615798846)",2485,"(('alaala_p', 'gthrd_c'), 0.29492235200297223)",57155,"(('ru5p__D_c', 'gmp_c', 'for_c'), 0.5593690545331779)"
ASNS2,3,-0.9896089093694714,1733,73,"(('coa_c',), -0.9447316167527142)",2628,"(('accoa_c', 'for_c'), -0.3595281393400415)",62196,"(('succoa_c', 'ppi_c', 'dutp_c'), 0.15541054579259345)"
ASP1DC,2,-1.4367628611232581,1734,73,"(('e4p_c',), -1.0658596431299632)",2628,"(('e4p_c', 'for_c'), -0.9640542445455418)",62196,"(('amp_c', 'ac_c', 'for_c'), -0.7442429907628194)"
ASPO6,2,-1.3095382617595228,1734,73,"(('3php_c',), -0.7652196757791555)",2628,"(('flxr_c', 'dutp_c'), -0.20526222615708462)",62196,"(('flxso_c', 'dutp_c', 'r5p_c'), 0.0878202096320422)"
ASPTA_b,2,-1.2655537031350392,1734,73,"(('2pg_c',), 0.2024263784823807)",2628,"(('2pg_c', 'for_c'), 0.8484202712956588)",62196,"(('2pg_c', 'acon_C_c', 'for_c'), 0.8685336971284016)"
ATPPRT,2,-0.13435124545619095,1734,73,"(('succoa_c',), 0.05411282031300177)",2628,"(('alaala_p', 'amp_c'), 0.21144083132684693)",62196,"(('succoa_c', 'dutp_c', 'gtp_c'), 0.47637185232759627)"
BMOCOS,2,0.24228852991517563,1734,73,"(('succoa_c',), 0.40389987740212596)",2628,"(('succoa_c', 'ppi_c'), 0.5572469262885968)",62196,"(('dutp_c', 'gdp_c', 'thr__L_c'), 0.6287125869218803)"
BPNT,2,-1.2916394721996052,1734,73,"(('pep_c',), -0.7113162028689961)",2628,"(('gdp_c', 'gtp_c'), -0.04663372754860534)",62196,"(('dutp_c', 'gdp_c', 'gtp_c'), 0.07993532394938768)"
BTS5,3,-0.5897436788934247,1733,72,"(('amp_c',), -0.22430259006138212)",2556,"(('fum_c', 'ppi_c'), 0.2150748161855257)",59640,"(('fum_c', 'ppi_c', 'val__L_c'), 0.24822371724345627)"
CBLAT,3,0.09615754093643608,1733,73,"(('icit_c',), 0.35787738260289226)",2628,"(('fad_c', 'icit_c'), 0.45881690823169885)",62196,"(('dhap_c', 'fad_c', 'f6p_c'), 0.6392385174504678)"
CDPMEK,2,-1.1021025162997584,1734,73,"(('glycogen_c',), -0.1466809056017907)",2628,"(('glycogen_c', 'for_c'), 0.21853188229660386)",62196,"(('fadh2_c', 'g1p_c', 'for_c'), 0.37797334718206543)"
CHORS,1,0.27998553438204515,1735,73,"(('ppi_c',), 0.40074725898122393)",2628,"(('ppi_c', 'mal__L_c'), 0.44976756588070305)",62196,"(('amp_c', 'flxr_c', 'ac_c'), 0.4621534194245095)"
CHRPL,1,-3.70707096976487,1735,71,"(('amet_c',), -1.6616291140999384)",2485,"(('acon_C_c', 'ade_c'), -0.19532270770847768)",57155,"(('fum_c', 'mdhdhf_c', 'ahcys_c'), 0.42494003729508034)"
COLIPAabcpp,3,0.28288109144697615,1733,73,"(('fad_c',), 0.2783291954613481)",2628,"(('pep_c', 'dutp_c'), 0.442836533381655)",62196,"(('pep_c', 'dutp_c', 'val__L_c'), 0.4778685525694902)"
CPPPGO,3,-0.047010425202678036,1733,74,"(('pyr_c',), 0.08085516972417534)",2701,"(('accoa_c', 'mql8_c'), 0.23715081762774495)",64824,"(('icit_c', 'ahcys_c', 'succ_c'), 0.5508696410929663)"
CPPPGO2,2,-1.7367505535307772,1734,72,"(('gdp_c',), -1.2101292247433788)",2556,"(('ahcys_c', 'dhptd_c'), -0.35317541375183825)",59640,"(('glycogen_c', 'dcamp_c', 'g1p_c'), 0.16243993438324014)"
CS,3,-8.907649224493836,1733,72,"(('gthrd_c',), -3.313782126659067)",2556,"(('gthrd_c', 'dutp_c'), -0.916517877774662)",59640,"(('succoa_c', '2pg_c', 'cit_c'), -0.1033414053041285)"
CTECOAI7_b,1,0.5972270397263109,1735,105,"(('hdca_c',), 0.6422004471353646)",5460,"(('hdca_c', 'datp_c'), 0.8440958146969508)",187460,"(('cit_c', 'ttdca_c', 'hdca_c'), 0.9045460525497078)"
CTECOAI8_b,1,0.5972423853780342,1735,105,"(('pmtcoa_c',), 0.7086000927684617)",5460,"(('glycogen_c', 'pmtcoa_c'), 0.8388782307213161)",187460,"(('gmp_c', 's7p_c', 'flxso_c'), 0.903480789350274)"
CTPS2,4,0.12006529326181392,1732,73,"(('pyr_c',), 0.5043485030753312)",2628,"(('6pgl_c', 'ac_c'), 0.5566207738170289)",62196,"(('pep_c', '2dmmql8_c', 'val__L_c'), 0.6883966449348985)"
CYTK1,2,-1.1911482331814416,1734,72,"(('gthrd_c',), 0.3711803337439772)",2556,"(('glycogen_c', 'gthrd_c'), 0.4395277646449239)",59640,"(('succoa_c', 'glycogen_c', 'gthrd_c'), 0.48601425038196283)"
DALAt2pp,2,0.15394596688222437,1734,72,"(('fadh2_c',), 0.3478297186673224)",2556,"(('ppi_c', 'fadh2_c'), 0.4352371497330662)",59640,"(('fad_c', 'gthrd_c', 'xu5p__D_c'), 0.5640550665801098)"
DAPDC,2,-11.97359919648692,1734,73,"(('flxso_c',), -1.7478563827020048)",2628,"(('flxso_c', 'dutp_c'), -0.2486385020158339)",62196,"(('flxso_c', 'dutp_c', 'gtp_c'), 0.2677596836647495)"
DAPE,1,0.2138381479915788,1735,73,"(('glyclt_c',), 0.42368352373307205)",2628,"(('glyclt_c', 'gdp_c'), 0.5669389652508294)",62196,"(('glyclt_c', 'succoa_c', 'gdp_c'), 0.584964103255253)"
DB4PS,1,-0.5191694501499032,1735,72,"(('val__L_c',), -0.08457429289269222)",2556,"(('dutp_c', 'hom__L_c'), 0.3837471991044018)",59640,"(('phom_c', 'dutp_c', 'val__L_c'), 0.6275232066039544)"
DBTS,3,-1.6281873673694176,1733,73,"(('pyr_c',), -0.15836181571545416)",2628,"(('ppi_c', 'pyr_c'), 0.05082861462769711)",62196,"(('ppi_c', 'ac_c', 'datp_c'), 0.1814600985302671)"
DHAD1,1,-1.3476637781930467,1735,73,"(('6pgl_c',), -0.40333921768733744)",2628,"(('gmp_c', 'gly_c'), 0.13815310952246931)",62196,"(('h_e', 'icit_c', 'gmp_c'), 0.34533849302258524)"
DHAD2,1,-1.3476616369932461,1735,73,"(('6pgl_c',), -0.403336892112781)",2628,"(('gmp_c', 'gly_c'), 0.1381420418910978)",62196,"(('h_e', 'icit_c', 'gmp_c'), 0.34533856903470656)"
DHBD,2,-0.9298978887019627,1734,73,"(('coa_c',), -0.019107733385132164)",2628,"(('f6p_c', 'accoa_c'), 0.35007064393562054)",62196,"(('succoa_c', 'glycogen_c', '13dpg_c'), 0.4779341644651278)"
DHBS,3,-1.0962510678507271,1733,73,"(('hcys__L_c',), -0.44932660359859766)",2628,"(('glyclt_c', '2dmmql8_c'), -0.2353064178802517)",62196,"(('h_e', 'gthrd_c', '3pg_c'), 0.137847793924493)"
DHDPRy,3,-0.3485908978295437,1733,72,"(('val__L_c',), -0.1299434446456007)",2556,"(('hom__L_c', '6pgc_c'), -0.009115447428748424)",59640,"(('methf_c', 'thr__L_c', '10fthf_c'), 0.34415587530656655)"
DHDPS,2,0.18334727762404376,1734,71,"(('e4p_c',), 0.44611694038568495)",2485,"(('ppi_c', 'e4p_c'), 0.5129243076930745)",57155,"(('e4p_c', 'gdp_c', 'gtp_c'), 0.6226869541228829)"
DHFS,3,-7.373472921822586,1733,73,"(('ru5p__D_c',), -0.10835374820647345)",2628,"(('ru5p__D_c', 'xu5p__D_c'), -0.03573423787034785)",62196,"(('h_e', 'flxr_c', 'gtp_c'), 0.2791505613004716)"
DHNAOT4,3,-1.4082053609455478,1733,73,"(('alaala_p',), -0.7386453869170136)",2628,"(('ade_c', '2dmmql8_c'), -0.06862119157356694)",62196,"(('glyclt_c', 'amp_c', '2dmmql8_c'), -0.030959867366675303)"
DHNCOAS,2,-0.2800116072897274,1734,73,"(('3pg_c',), -0.08416895217090842)",2628,"(('xu5p__D_c', 'dutp_c'), 0.20241565481844656)",62196,"(('fum_c', 'dutp_c', 'mal__L_c'), 0.3036573651377809)"
DHNCOAT,2,-57.69701783340957,1734,80,"(('xu5p__D_c',), -15.523102181247637)",3160,"(('flxr_c', 'gtp_c'), -1.0324786265894579)",82160,"(('2pg_c', 's7p_c', 'e4p_c'), 0.3774603104417432)"
DHNPA2r,1,-3.050939948210886,1735,72,"(('gthrd_c',), -1.130321073361832)",2556,"(('alaala_p', 'gly_c'), -0.42905361538607595)",59640,"(('alaala_p', 'gly_c', 'for_c'), 0.19730589623043263)"
DHORD2,2,-1.5416415447409328,1734,73,"(('hom__L_c',), -0.434415691346524)",2628,"(('h_e', 'gthrd_c'), 0.14417221587508958)",62196,"(('glyclt_c', 'dhap_c', 'gthrd_c'), 0.3294979085835429)"
DHORTS_b,2,-8.377566799651175,1734,72,"(('gly_c',), -3.345544031536438)",2556,"(('amp_c', 'ac_c'), 0.2691561307923796)",59640,"(('amp_c', 'icit_c', 'ac_c'), 0.3338074054040907)"
DHPPDA2,3,0.24924184664416393,1733,73,"(('f6p_c',), 0.5456063622060281)",2628,"(('dutp_c', 'f6p_c'), 0.6908446858488648)",62196,"(('dutp_c', 'f6p_c', 'datp_c'), 0.7495925513186477)"
DHPS2,2,-2.130910445230915,1734,73,"(('mal__L_c',), -0.6650332235436127)",2628,"(('flxr_c', 'mal__L_c'), -0.37467476565327906)",62196,"(('datp_c', 'val__L_c', 'mal__L_c'), -0.0981012914567683)"
DHQS,1,0.31216831041812754,1735,73,"(('succ_c',), 0.49407952041453196)",2628,"(('cit_c', '13dpg_c'), 0.575198565296386)",62196,"(('cit_c', 'ade_c', 'gtp_c'), 0.6853023707837224)"
DHQTi,1,0.0707796268413578,1735,73,"(('4pasp_c',), 0.15715493026367844)",2628,"(('alaala_p', 'succ_c'), 0.33359084611885786)",62196,"(('fum_c', 'fad_c', 'succ_c'), 0.38279687638687776)"
DMATT,2,0.0011263883849327028,1734,72,"(('fad_c',), 0.12837719238249173)",2556,"(('pppi_c', 'fad_c'), 0.16938784641824217)",59640,"(('pppi_c', 'alaala_p', 'fad_c'), 0.1940877908343973)"
DMPPS,3,-2.6009077958093756,1733,72,"(('datp_c',), -1.5792830138653797)",2556,"(('acon_C_c', 'datp_c'), -0.5027082283846424)",59640,"(('glycogen_c', 'methf_c', 'mal__L_c'), -0.17539299636752162)"
DMQMT,2,-3.475049285618186,1734,72,"(('val__L_c',), -3.3039893381024625)",2556,"(('g3p_c', '3pg_c'), -1.3492173340556168)",59640,"(('mdhdhf_c', 'succoa_c', 'dutp_c'), -0.2974629685951643)"
DPCOAK,2,-1.3139322099577564,1734,73,"(('xu5p__D_c',), -0.32293127485979817)",2628,"(('dhap_c', 'xu5p__D_c'), -0.32952617234199866)",62196,"(('ppi_c', 'gthrd_c', 'xu5p__D_c'), -0.06021634372695828)"
DTMPK,2,-0.4480244302105044,1734,72,"(('alaala_p',), -0.10654459249172671)",2556,"(('fum_c', 'fad_c'), 0.1952117597866876)",59640,"(('alaala_p', 'fadh2_c', '2dmmql8_c'), 0.35538743279268237)"
DXPRIi,3,-0.042127562648816425,1733,73,"(('gmp_c',), 0.3929691721034563)",2628,"(('gmp_c', 'succ_c'), 0.3931967632942834)",62196,"(('dutp_c', 'gly_c', 'pser__L_c'), 0.5277587117169522)"
DXPS,3,-1.9155826143137262,1733,71,"(('dutp_c',), -0.6932231978845806)",2485,"(('fad_c', 'fadh2_c'), 0.09505967615919192)",57155,"(('amp_c', 'dutp_c', '10fthf_c'), 0.3515511217234188)"
EAR100x,3,-1.6431484028626162,1733,73,"(('mal__L_c',), -0.9654448694808366)",2628,"(('h_e', 'gmp_c'), -0.38497576119914406)",62196,"(('succoa_c', 'acon_C_c', 'dutp_c'), 0.2520103499849455)"
EAR120x,3,-1.643148379485841,1733,73,"(('mal__L_c',), -0.9654444328241418)",2628,"(('h_e', 'gmp_c'), -0.3849757207834826)",62196,"(('succoa_c', 'acon_C_c', 'dutp_c'), 0.2520105135651836)"
EAR121x,3,-1.6431492804892949,1733,73,"(('mal__L_c',), -0.9654452612326259)",2628,"(('h_e', 'gmp_c'), -0.3849761982790474)",62196,"(('succoa_c', 'acon_C_c', 'dutp_c'), 0.252010273303147)"
EAR140x,3,-1.6431488481109997,1733,73,"(('mal__L_c',), -0.9654449952515626)",2628,"(('h_e', 'gmp_c'), -0.38497592403120345)",62196,"(('succoa_c', 'acon_C_c', 'dutp_c'), 0.2520106892115351)"
EAR141x,3,-1.643148975457198,1733,73,"(('mal__L_c',), -0.9654450339855439)",2628,"(('h_e', 'gmp_c'), -0.38497616839369175)",62196,"(('succoa_c', 'acon_C_c', 'dutp_c'), 0.2520105579407741)"
EAR160x,3,-1.643149141890869,1733,73,"(('mal__L_c',), -0.9654454223741054)",2628,"(('h_e', 'gmp_c'), -0.38497635678026154)",62196,"(('succoa_c', 'acon_C_c', 'dutp_c'), 0.25201068184186254)"
EAR161x,3,-1.6431489754571977,1733,73,"(('mal__L_c',), -0.9654450339856003)",2628,"(('h_e', 'gmp_c'), -0.3849761683937374)",62196,"(('succoa_c', 'acon_C_c', 'dutp_c'), 0.25201055794060095)"
EAR181x,3,-1.643149571352715,1733,73,"(('mal__L_c',), -0.9654458239662403)",2628,"(('h_e', 'gmp_c'), -0.3849763810766539)",62196,"(('succoa_c', 'acon_C_c', 'dutp_c'), 0.2520089895225754)"
EAR40x,3,-1.6431490175854515,1733,73,"(('mal__L_c',), -0.9654452635764526)",2628,"(('h_e', 'gmp_c'), -0.3849762923664337)",62196,"(('succoa_c', 'acon_C_c', 'dutp_c'), 0.25201032671316204)"
EAR60x,3,-1.6431493043198933,1733,73,"(('mal__L_c',), -0.9654452839746279)",2628,"(('h_e', 'gmp_c'), -0.38497634212149945)",62196,"(('succoa_c', 'acon_C_c', 'dutp_c'), 0.2520101680832399)"
EAR80x,3,-1.6431492719399263,1733,73,"(('mal__L_c',), -0.9654452788739627)",2628,"(('h_e', 'gmp_c'), -0.3849762889509483)",62196,"(('succoa_c', 'acon_C_c', 'dutp_c'), 0.2520101435464482)"
EDA,1,0.4169329888398501,1735,74,"(('aspsa_c',), 0.48092561395737665)",2701,"(('mdhdhf_c', 'ahcys_c'), 0.5231533742864141)",64824,"(('g3p_c', 'val__L_c', '3pg_c'), 0.746500293094307)"
EDD,1,-0.5288210033711277,1735,74,"(('ru5p__D_c',), 0.6561182707449917)",2701,"(('gly_c', '2ddg6p_c'), 0.6996609075949203)",64824,"(('gly_c', '2ddg6p_c', 'datp_c'), 0.7866745886996226)"
EDTXS1,2,0.0019694044065154404,1734,84,"(('gthrd_c',), 0.15708047872103967)",3486,"(('pppi_c', 'gthrd_c'), 0.21548963207403019)",95284,"(('cit_c', 'succ_c', 'f6p_c'), 0.2862780410453897)"
EDTXS2,2,-0.5242744925079021,1734,73,"(('na1_p',), -0.08015865536621594)",2628,"(('succoa_c', 'na1_p'), 0.0747207089182268)",62196,"(('alaala_p', 'accoa_c', 'pyr_c'), 0.44926019900176517)"
EGMEACPR,3,-1.1367682928320775,1733,73,"(('fad_c',), -0.8312128107903608)",2628,"(('for_c', 'gtp_c'), -0.5180456345476739)",62196,"(('aspsa_c', 'ac_c', 'accoa_c'), -0.1431736514653709)"
ENO,1,-1.1126218191420976,1735,70,"(('gthrd_c',), 0.27486078892391486)",2415,"(('ac_c', 'r5p_c'), 0.4449482299676209)",54740,"(('cit_c', 'r5p_c', 'gtp_c'), 0.6547917804906966)"
EPMEACPR,3,-1.1367682919397537,1733,73,"(('fad_c',), -0.8312128088043084)",2628,"(('for_c', 'gtp_c'), -0.5180456307832396)",62196,"(('aspsa_c', 'ac_c', 'accoa_c'), -0.1431736467841646)"
FACOAE120,2,0.04548386921854422,1734,101,"(('2pg_c',), 0.3819219204278105)",5050,"(('coa_c', 'datp_c'), 0.787490247858954)",166650,"(('cit_c', 'ade_c', 'r1p_c'), 0.8644692823486662)"
FACOAE140,2,-0.16620235846854808,1734,102,"(('2pg_c',), 0.3044779550152217)",5151,"(('coa_c', 'datp_c'), 0.7675391324613992)",171700,"(('acon_C_c', 'ac_c', 'r1p_c'), 0.8496789604978479)"
FACOAE160,2,-0.16709198530531366,1734,102,"(('2pg_c',), 0.3059931008146761)",5151,"(('coa_c', 'datp_c'), 0.768971587643521)",171700,"(('acon_C_c', 'ac_c', 'r1p_c'), 0.8491359228672969)"
FACOAE161,2,-0.16709638495547927,1734,102,"(('2pg_c',), 0.305998721915572)",5151,"(('coa_c', 'datp_c'), 0.768968403861213)",171700,"(('coa_c', '3hodcoa_c', 'datp_c'), 0.8648507488773707)"
FACOAE181,2,-0.16709663565834484,1734,102,"(('2pg_c',), 0.3059913048863695)",5151,"(('coa_c', 'datp_c'), 0.7689792421043408)",171700,"(('acon_C_c', 'ac_c', 'r1p_c'), 0.8491294306861955)"
FADRx,3,-15.363813290548967,1733,70,"(('g1p_c',), 0.35895809839666043)",2415,"(('adpglc_c', 'accoa_c'), 0.8254977764241679)",54740,"(('adpglc_c', 'pser__L_c', 'succ_c'), 0.9031889410588552)"
FBA3,1,0.8895810344162538,1735,83,"(('h_e',), 0.9457082133276365)",3403,"(('alaala_p', 'h_e'), 0.9546920206740845)",91881,"(('aspsa_c', 'gmp_c', 'mal__L_c'), 0.9724106910446924)"
FCLT,2,-0.8052338692841234,1734,82,"(('g1p_c',), -0.30104959330351827)",3321,"(('h_e', 'adpglc_c'), 0.17630798938575099)",88560,"(('4pasp_c', 'flxr_c', 'g1p_c'), 0.3374337151231904)"
FMNAT,3,-0.6817822642154179,1733,73,"(('r5p_c',), -0.2713040815331822)",2628,"(('dutp_c', 's7p_c'), 0.10928424850197663)",62196,"(('succoa_c', 'dutp_c', 's7p_c'), 0.10865841690264857)"
G1PACT,2,-2.47962486613419,1734,72,"(('g3p_c',), 0.0850241631975456)",2556,"(('g3p_c', '13dpg_c'), 0.11553655112248451)",59640,"(('hcys__L_c', 'dhap_c', 'dutp_c'), 0.3562179674935858)"
G1SAT,1,0.600005625233241,1735,73,"(('flxso_c',), 0.7727923180875884)",2628,"(('succoa_c', 'datp_c'), 0.8334245252955214)",62196,"(('h_e', 'dhap_c', 'datp_c'), 0.8421079238210005)"
G3PD2_b,3,-1.495089789061259,1733,72,"(('pep_c',), 0.2612488527379245)",2556,"(('gthrd_c', 'xu5p__D_c'), 0.3359798382593292)",59640,"(('2pg_c', 'fad_c', 'adpglc_c'), 0.4861996645680573)"
G5SD,3,-0.9477319141263559,1733,73,"(('6pgl_c',), 0.050583554962451815)",2628,"(('h_e', 'pyr_c'), 0.22567491095955328)",62196,"(('h_e', 'succ_c', 'pyr_c'), 0.6025174116276426)"
G6PDH2r,2,-0.4804605461478725,1734,73,"(('f6p_c',), 0.5953730309449733)",2628,"(('dutp_c', '6pgc_c'), 0.7074105687050504)",62196,"(('dhap_c', 'amet_c', 'g3p_c'), 0.7527584144161283)"
GALT1,2,-1.430705253755219,1734,71,"(('ac_c',), -0.011768826194301002)",2485,"(('ade_c', 'ac_c'), 0.33557904773082126)",57155,"(('alaala_p', 'ade_c', 'ac_c'), 0.44295474993061534)"
GALUi,3,-3.6200591567644382,1733,72,"(('gly_c',), -2.0661233533425527)",2556,"(('datp_c', 'g3p_c'), 0.46398585534011016)",59640,"(('fadh2_c', 'datp_c', 'g3p_c'), 0.3723736396793769)"
GAPD,3,-0.3055963708639621,1733,72,"(('flxso_c',), 0.44571873979794147)",2556,"(('ac_c', 'r5p_c'), 0.6260093667103448)",59640,"(('ac_c', 'gmp_c', 'r5p_c'), 0.6798614882032812)"
GARFT,2,-4.109538718735432,1734,72,"(('methf_c',), -2.388777468553362)",2556,"(('h_e', '2pg_c'), -1.2070314438963297)",59640,"(('methf_c', 'ac_c', 'f6p_c'), -0.43707385899995893)"
GART,3,-242.98154679971572,1733,67,"(('10fthf_c',), -19.341316425735357)",2211,"(('ade_c', 'gmp_c'), -7.236087654551402)",47905,"(('coa_c', 'aspsa_c', 'glc__D_p'), 0.032775060174997206)"
GCALDD,3,-0.6313195835397615,1733,73,"(('g3p_c',), 0.3067425843406979)",2628,"(('datp_c', '13dpg_c'), 0.8335339507604597)",62196,"(('ppi_c', 'g3p_c', 'val__L_c'), 0.9243787497344861)"
GF6PTA,2,-1.81422696724622,1734,72,"(('methf_c',), -0.7357401200538747)",2556,"(('dhap_c', 'ru5p__D_c'), 0.02877112552245309)",59640,"(('dhap_c', 'ru5p__D_c', 'dutp_c'), 0.18454640518121432)"
GHMT2r,2,-0.4039842166044648,1734,71,"(('phom_c',), 0.6684353171322422)",2485,"(('phom_c', 'gthrd_c'), 0.6936882564640598)",57155,"(('cit_c', '13dpg_c', 'thr__L_c'), 0.782111371402024)"
GK1,2,-7.230183467213073,1734,71,"(('pppi_c',), -3.990656340207035)",2485,"(('pppi_c', 'g1p_c'), -2.3272369844211656)",57155,"(('ac_c', 'accoa_c', '4pasp_c'), -0.8092612880149719)"
GLCS1,1,-0.41446607790294765,1735,72,"(('gthrd_c',), 0.237332701584174)",2556,"(('gthrd_c', 'na1_c'), 0.29217791915213487)",59640,"(('dhap_c', 'g3p_c', '6pgc_c'), 0.4060926301238711)"
GLCt2pp,2,-266.29733671178025,1734,66,"(('s7p_c',), -20.196204136192343)",2145,"(('succoa_c', 'g3p_c'), 0.7882497986309456)",45760,"(('fum_c', 'succoa_c', 'g3p_c'), 0.7814611809071134)"
GLCtex_copy2,1,-0.38159734379282456,1735,85,"(('hcys__L_c',), 0.14980450938475304)",3570,"(('glycogen_c', 'thr__L_c'), 0.5366264471358158)",98770,"(('2pg_c', 'phom_c', 'g1p_c'), 0.8856525980293892)"
GLCTR1,2,0.31133694375831505,1734,73,"(('2dmmql8_c',), 0.4213865174050209)",2628,"(('gdp_c', '2dmmql8_c'), 0.5916158570283132)",62196,"(('pppi_c', '2dmmql8_c', 'gtp_c'), 0.6199948853002819)"
GLCTR2,2,-0.06641055811519775,1734,70,"(('13dpg_c',), 0.24448529128601323)",2415,"(('glyclt_c', 'ade_c'), 0.2840549361140008)",54740,"(('amp_c', 'gmp_c', 'thr__L_c'), 0.4516874958331132)"
GLCTR3,2,0.3143298529968613,1734,72,"(('aspsa_c',), 0.4656560177571446)",2556,"(('phom_c', 'thr__L_c'), 0.6008916116934772)",59640,"(('gdp_c', 'hom__L_c', 'thr__L_c'), 0.6706226220026467)"
GLGC,3,-1.1310419591805743,1733,72,"(('dutp_c',), 0.27582792192344074)",2556,"(('6pgl_c', 'ru5p__D_c'), 0.5098704560767316)",59640,"(('ru5p__D_c', 'for_c', '6pgc_c'), 0.7088215991195959)"
GLU5K,2,-2.330301534116374,1734,73,"(('amp_c',), -0.48625064655470107)",2628,"(('dutp_c', 'thr__L_c'), 0.4086764155231034)",62196,"(('succoa_c', 'ppi_c', 'for_c'), 0.5222471893413028)"
GLUCYS,3,-2.736882235019931,1733,73,"(('gtp_c',), -0.857040214727275)",2628,"(('f6p_c', 'gtp_c'), -0.047245395827821)",62196,"(('gmp_c', '2dmmql8_c', '10fthf_c'), 0.3498961132187665)"
GLUDy_b,4,-4.10226799218381,1732,72,"(('mal__L_c',), -2.824485830221045)",2556,"(('2dmmql8_c', 'mal__L_c'), -2.276243613454514)",59640,"(('glyclt_c', 'ppi_c', 'na1_p'), -1.7893992105149226)"
GLUPRT,3,-0.44713572430668164,1733,73,"(('dutp_c',), -0.19362037812362776)",2628,"(('flxr_c', 'dutp_c'), -0.07485720961449893)",62196,"(('acon_C_c', 'gly_c', 'g3p_c'), 0.6507780704029812)"
GLUR_b,1,-0.1562625099815233,1735,72,"(('glycogen_c',), -0.08745797541115699)",2556,"(('flxr_c', 'datp_c'), 0.15170091437207336)",59640,"(('alaala_p', 'flxr_c', 'datp_c'), 0.26289220442715544)"
GLUTRR,3,-1.6542308295849737,1733,74,"(('mal__L_c',), -0.4857598521438506)",2701,"(('3php_c', 'r5p_c'), 0.4226513785781545)",64824,"(('3php_c', 'gthrd_c', 'mal__L_c'), 0.697635159177681)"
GLUTRS,3,-0.26501663849172563,1733,73,"(('accoa_c',), -0.03414511350814936)",2628,"(('for_c', 'pyr_c'), 0.38832368866847977)",62196,"(('flxso_c', 'dutp_c', 'pyr_c'), 0.5780371130237099)"
GLYCLTt4pp,2,nan,1734,67,"('', -1000)",2211,"('', -1000)",47905,"('', -1000)"
GLYK,2,-211.34018655166767,1734,82,"(('hom__L_c',), -45.62545549664856)",3321,"(('pppi_c', 'f6p_c'), -11.774853774086058)",88560,"(('actp_c', 'f6p_c', '6pgc_c'), -4.582804038769828)"
GLYOX,2,nan,1734,85,"('', -1000)",3570,"('', -1000)",98770,"('', -1000)"
GMHEPAT,3,-0.12835401459188683,1733,73,"(('ac_c',), 0.5514364923091297)",2628,"(('ac_c', 'val__L_c'), 0.7105868847502619)",62196,"(('flxso_c', 'ac_c', 'val__L_c'), 0.7365492820631864)"
GMHEPK,2,0.2868989685986739,1734,73,"(('ac_c',), 0.6917077944407385)",2628,"(('acon_C_c', 'ac_c'), 0.7163608853193253)",62196,"(('icit_c', 'ac_c', 'val__L_c'), 0.7440774288440717)"
GMHEPPA,2,-0.491966837610062,1734,73,"(('fad_c',), -0.007246205436032077)",2628,"(('fad_c', '3pg_c'), 0.10349176344296176)",62196,"(('dhap_c', 'fadh2_c', 'val__L_c'), 0.3096611393656367)"
GMPS2,4,-2.521000059611116,1732,73,"(('glycogen_c',), -1.9003565667530253)",2628,"(('pppi_c', 'glycogen_c'), -1.2587195033863567)",62196,"(('flxso_c', 'cit_c', 'ac_c'), -0.14987754784842605)"
GND,2,0.8381879375433481,1734,71,"(('gtp_c',), 0.8484807346403471)",2485,"(('cit_c', 'icit_c'), 0.8716593638253579)",57155,"(('cit_c', 'icit_c', 'pyr_c'), 0.8979379683422308)"
GRTT,2,0.0011263883846152623,1734,72,"(('fad_c',), 0.12837719238087003)",2556,"(('pppi_c', 'fad_c'), 0.16938784641828075)",59640,"(('pppi_c', 'alaala_p', 'fad_c'), 0.19408779083067954)"
GTHS,3,-0.8385250692474489,1733,71,"(('6pgl_c',), -0.1750080830462814)",2485,"(('alaala_p', 'gdp_c'), 0.3032109208047362)",57155,"(('glyclt_c', 'fadh2_c', 'datp_c'), 0.38208488576428346)"
GTPCI,2,-1.3593561544682866,1734,72,"(('ser__L_c',), -0.13254020190084267)",2556,"(('ser__L_c', 'datp_c'), 0.4136199378479889)",59640,"(('gthrd_c', 'ser__L_c', 'datp_c'), 0.530266739794772)"
GTPCII2,2,-0.5625493114906915,1734,72,"(('f6p_c',), 0.13610617104860206)",2556,"(('dutp_c', 'f6p_c'), 0.2673722561774694)",59640,"(('fad_c', 'dutp_c', 'f6p_c'), 0.39906399924568076)"
HBZOPT,2,-0.9653292552173525,1734,83,"(('gtp_c',), -0.5005560615970726)",3403,"(('indole_c', 'gthrd_c'), -0.2107191799649717)",91881,"(('indole_c', 'gthrd_c', 'ser__L_c'), -0.09501197779365395)"
HEMEOS,3,-1.857097264678429,1733,71,"(('ppi_c',), -0.037499131722397716)",2485,"(('h_e', '3pg_c'), 0.5299098989719023)",57155,"(('ac_c', 'f6p_c', 'r5p_c'), 0.7906943861122975)"
HEPK1,2,-0.5636472907062215,1734,75,"(('glyclt_c',), -0.2711429923121915)",2775,"(('6pgl_c', 'e4p_c'), 0.30102330328040866)",67525,"(('h_e', 'alaala_p', 'dhap_c'), 0.4283985071918658)"
HEPK2,2,-0.7250141951038398,1734,83,"(('succoa_c',), 0.24872031121007726)",3403,"(('6pgl_c', 'succoa_c'), 0.41074596397962937)",91881,"(('gthrd_c', 'succoa_c', 'ddcacoa_c'), 0.6110001473909968)"
HEPT1,2,-1.1336369630365541,1734,73,"(('fadh2_c',), -0.29751846998050524)",2628,"(('xu5p__D_c', 'dutp_c'), 0.1141038801127214)",62196,"(('hcys__L_c', 'met__L_c', 'fad_c'), 0.4283219935018306)"
HEPT2,2,-0.43700198592591066,1734,73,"(('dutp_c',), -0.22840610941410805)",2628,"(('dutp_c', 'na1_c'), -0.007761506964383352)",62196,"(('glyclt_c', 'flxso_c', 'dutp_c'), 0.15080492284129232)"
HEPT3,2,-0.5111756524495156,1734,73,"(('glyclt_c',), -0.22423736011520234)",2628,"(('alaala_p', 'for_c'), 0.11671990454532497)",62196,"(('h_e', 'gthrd_c', 'dutp_c'), 0.30789547064129164)"
HEPT4,2,-1.0856252709172165,1734,72,"(('ac_c',), -0.060649965499297104)",2556,"(('fadh2_c', 'datp_c'), 0.19718794041648977)",59640,"(('methf_c', 'for_c', 'r5p_c'), 0.3455084155423894)"
HEX1,2,0.4864451633163287,1734,68,"(('cit_c',), 0.7243987859867534)",2278,"(('cit_c', 'mal__L_c'), 0.8207144354832716)",50116,"(('ppi_c', 'cit_c', 'mal__L_c'), 0.8730552683030665)"
HISTD,3,-1.6015536871097398,1733,73,"(('gthrd_c',), -0.10875478234697158)",2628,"(('pep_c', 'datp_c'), 0.1716012862794119)",62196,"(('gthrd_c', 'na1_p', 'datp_c'), 0.3978369614525752)"
HISTP,2,-1.5276898583722711,1734,73,"(('g3p_c',), -0.2186655982106422)",2628,"(('pppi_c', 'ppi_c'), 0.11147255911686366)",62196,"(('pppi_c', 'ac_c', '3pg_c'), 0.15439073706631629)"
HMBS,2,-0.43568239331522746,1734,72,"(('succoa_c',), 0.08623071527388068)",2556,"(('glyclt_c', 'adpglc_c'), 0.40563898084367234)",59640,"(('succoa_c', 'gthrd_c', 'gmp_c'), 0.4144540917768579)"
HSK,2,0.30483315567984715,1734,72,"(('gmp_c',), 0.5444840563242797)",2556,"(('3php_c', 'gtp_c'), 0.6890908634278352)",59640,"(('succoa_c', 'gly_c', 'gtp_c'), 0.7345246880058542)"
HSST,2,-1.949597044477731,1734,71,"(('2dmmql8_c',), -1.6794592124942118)",2485,"(('met__L_c', 'ade_c'), -0.5231940143042186)",57155,"(('2pg_c', 'dutp_c', 'datp_c'), -0.017320146974015127)"
HSTPT,2,-3.074769959800425,1734,73,"(('ppi_c',), -2.5716904100196802)",2628,"(('ru5p__D_c', '6pgc_c'), -1.0954310667293155)",62196,"(('hcys__L_c', 'gdp_c', 'ahcys_c'), -0.6725741228604596)"
I4FE4SR,3,0.3260811456457424,1733,71,"(('gtp_c',), 0.3469092189798565)",2485,"(('fad_c', 'amp_c'), 0.4046335288912635)",57155,"(('val__L_c', 'mal__L_c', '6pgc_c'), 0.4557776499200694)"
ICDHyr,2,-0.4829061911168607,1734,72,"(('mal__L_c',), 0.7287132670466199)",2556,"(('6pgl_c', 'mal__L_c'), 0.8940627600093414)",59640,"(('succoa_c', 'acon_C_c', 'adpglc_c'), 0.9201098370456886)"
ICDHyr_b,3,-0.6063298852088181,1733,83,"(('succoa_c',), -0.036222922603424745)",3403,"(('e4p_c', 'gdp_c'), 0.5887634588818402)",91881,"(('icit_c', 'succ_c', 'acon_C_c'), 0.9211849390953912)"
ICHORS_copy2,1,-1.357532230587258,1735,73,"(('glyclt_c',), 0.06517451775624444)",2628,"(('glyclt_c', 'icit_c'), 0.24431043571259403)",62196,"(('ppi_c', 'coa_c', 'pyr_c'), 0.5390658893299599)"
ICHORT,2,0.135153313261235,1734,73,"(('f6p_c',), 0.6103351143797737)",2628,"(('alaala_p', 'coa_c'), 0.6676910943031096)",62196,"(('alaala_p', 'coa_c', 'gdp_c'), 0.7799610284078613)"
ICL,1,-16.21365035147504,1735,76,"(('dcamp_c',), -3.4683703643511232)",2850,"(('dcamp_c', 'ddcacoa_c'), -1.373090499166682)",70300,"(('glyclt_c', 'dcamp_c', 'ddcacoa_c'), -1.341642463807058)"
ICYSDS,2,-0.35607410763986524,1734,73,"(('succoa_c',), 0.32609278582620815)",2628,"(('f6p_c', 'pyr_c'), 0.619374298402405)",62196,"(('6pgl_c', 'ru5p__D_c', 'pyr_c'), 0.7653109614152603)"
IGPDH,1,-0.7825136312581366,1735,73,"(('pppi_c',), -0.3939814182107118)",2628,"(('pppi_c', 'amp_c'), -0.07536730328473848)",62196,"(('pppi_c', 'acon_C_c', '3pg_c'), 0.1955827024304184)"
IGPS,2,-1.0909596814802653,1734,73,"(('alaala_p',), -0.5354680908768816)",2628,"(('alaala_p', 'ppi_c'), -0.17092283341585685)",62196,"(('alaala_p', 'glycogen_c', 'ppi_c'), 0.5116071518864245)"
ILETA_b,2,-2.1015528382418114,1734,73,"(('gtp_c',), -0.12119433467929838)",2628,"(('6pgl_c', 'thr__L_c'), 0.3689530163003438)",62196,"(('gthrd_c', 'ru5p__D_c', 'gdp_c'), 0.490374814873443)"
IMPC_b,1,-0.4120364495888961,1735,73,"(('val__L_c',), -0.17805641348188467)",2628,"(('phom_c', 'hom__L_c'), 0.04757822635146891)",62196,"(('flxr_c', 'ac_c', 'g3p_c'), 0.28703458991451125)"
IMPD,3,-5.780322314014549,1733,73,"(('val__L_c',), -1.6051192433381116)",2628,"(('val__L_c', '6pgc_c'), -0.6207264263199943)",62196,"(('mlthf_c', 'methf_c', '3pg_c'), -0.20012446591727512)"
IPDPS,3,-2.6000577648430965,1733,72,"(('datp_c',), -1.576189641487203)",2556,"(('acon_C_c', 'datp_c'), -0.5026038699163224)",59640,"(('fum_c', 'gly_c', 'datp_c'), -0.17396802655848692)"
IPMD,2,-0.7398275971396433,1734,71,"(('accoa_c',), 0.18498324805595873)",2485,"(('dhap_c', 'accoa_c'), 0.59061748056243)",57155,"(('dhap_c', 'f6p_c', 'accoa_c'), 0.5864920717334445)"
IPPS,3,-0.49749121750582537,1733,72,"(('f6p_c',), -0.3671734832277307)",2556,"(('ru5p__D_c', 'f6p_c'), 0.32403352970346117)",59640,"(('ru5p__D_c', 'gmp_c', '6pgc_c'), 0.5128166578683699)"
KARA1_b,3,-1.201301703022895,1733,73,"(('val__L_c',), -0.5695851493845469)",2628,"(('adpglc_c', 'val__L_c'), -0.3495442538291752)",62196,"(('alaala_p', 'dhap_c', 'pyr_c'), 0.04361614983465478)"
KARA2,3,-1.2013032309410916,1733,73,"(('val__L_c',), -0.5695832666775541)",2628,"(('adpglc_c', 'val__L_c'), -0.3495434305601082)",62196,"(('alaala_p', 'dhap_c', 'pyr_c'), 0.04361414206850375)"
KAS15,3,-0.4117539815451301,1733,72,"(('pep_c',), 0.4015748742587594)",2556,"(('2pg_c', 'datp_c'), 0.4317580888539381)",59640,"(('amp_c', 'datp_c', 'g3p_c'), 0.4784614319991013)"
KDOCT2,2,0.061331311443106884,1734,73,"(('xu5p__D_c',), 0.2536766418522101)",2628,"(('phom_c', 'thr__L_c'), 0.40611113855776126)",62196,"(('amp_c', 'pep_c', '2dmmql8_c'), 0.4426174529158865)"
KDOPP,2,-2.117869962940862,1734,73,"(('13dpg_c',), -1.2753199311975585)",2628,"(('3php_c', 'cit_c'), -0.9185835739750676)",62196,"(('aspsa_c', 'acon_C_c', 'phom_c'), -0.5022267295132277)"
KDOPS,3,0.2496181307801688,1733,72,"(('dutp_c',), 0.4028659163867773)",2556,"(('amp_c', 'dutp_c'), 0.5734778681025017)",59640,"(('alaala_p', 'amp_c', 'dutp_c'), 0.6545189344171095)"
LGTHL,2,-72.82868888043082,1734,89,"(('cit_c',), -12.046968109351704)",3916,"(('3php_c', 'ru5p__D_c'), -2.622033656969755)",113564,"(('10fthf_c', 'actp_c', 'amp_c'), -0.5020988111887298)"
LIPOCT,2,-0.09306700309812369,1734,74,"(('ppi_c',), 0.02935328446835178)",2701,"(('ppi_c', '10fthf_c'), 0.15534971151685947)",64824,"(('met__L_c', 'ppi_c', 'gly_c'), 0.17131813849753488)"
LIPOS,5,-0.4098100326578492,1731,72,"(('gthrd_c',), -0.11788932691061868)",2556,"(('gthrd_c', 'for_c'), -0.22351164395226433)",59640,"(('h_e', 'succoa_c', 'for_c'), 0.04106528050371902)"
LPADSS,2,0.05178682768333931,1734,74,"(('succoa_c',), 0.19215157223462379)",2701,"(('succoa_c', 'r5p_c'), 0.2404368202253579)",64824,"(('succoa_c', 'aspsa_c', 'thr__L_c'), 0.2775613503623429)"
MDH,2,-0.23813878928794321,1734,85,"(('gmp_c',), 0.3157940515756018)",3570,"(('gmp_c', 'thr__L_c'), 0.4531171774486832)",98770,"(('4pasp_c', 'aspsa_c', 'gmp_c'), 0.6028030936867323)"
MECDPS,1,-0.5292657912767215,1735,73,"(('flxso_c',), 0.21028510020845276)",2628,"(('glyclt_c', 'flxso_c'), 0.3511340320467634)",62196,"(('h_e', 'na1_p', 'e4p_c'), 0.5697890228762041)"
MEPCT,3,-0.3452692074510237,1733,72,"(('fadh2_c',), 0.22102058522661652)",2556,"(('alaala_p', 'fad_c'), 0.22040293490844445)",59640,"(('fadh2_c', 'na1_p', 'gdp_c'), 0.18047834082431075)"
MGSA,1,-2158.5499517135936,1735,90,"(('lgt__S_c',), -16.198586233844562)",4005,"(('acon_C_c', 'lac__D_c'), -0.1186355077281086)",117480,"(('pep_c', 'mthgxl_c', 'fum_c'), 0.5919030783334258)"
MOAT,2,-0.3834554537796403,1734,72,"(('fadh2_c',), -0.1274244667015735)",2556,"(('f6p_c', 'succ_c'), 0.14706961831748766)",59640,"(('fadh2_c', 'f6p_c', 'succ_c'), 0.2992139279379691)"
MOAT2,2,-0.38345545377989515,1734,72,"(('fadh2_c',), -0.12742446670148927)",2556,"(('f6p_c', 'succ_c'), 0.14706961830967796)",59640,"(('fadh2_c', 'f6p_c', 'succ_c'), 0.29921392792987167)"
MOAT3C,2,-2.770384268086188,1734,79,"(('e4p_c',), -1.354699163072604)",3081,"(('glyclt_c', 'succoa_c'), -0.8365366696785305)",79079,"(('fad_c', 'alaala_p', 'oc2coa_c'), 0.10984715356352462)"
MOCOS,3,0.3160715505962074,1733,73,"(('succoa_c',), 0.44606917622856834)",2628,"(('dutp_c', 'thr__L_c'), 0.566309119169913)",62196,"(('dutp_c', 'gdp_c', 'thr__L_c'), 0.66839423496752)"
MOHMT,3,-1.619874028127575,1733,72,"(('datp_c',), -0.8412965779830535)",2556,"(('ppi_c', 'flxr_c'), -0.30021218287280976)",59640,"(('ppi_c', 'accoa_c', 'hom__L_c'), 0.034861534302157327)"
MPTAT,3,0.19587814255370678,1733,72,"(('coa_c',), 0.2656546246115814)",2556,"(('ppi_c', 'amp_c'), 0.42980610055624013)",59640,"(('gthrd_c', 'gmp_c', 'val__L_c'), 0.5674366317959499)"
MPTSS,3,-4.399040701305041,1733,72,"(('ac_c',), -1.5914371521874005)",2556,"(('2pg_c', 'pep_c'), -0.029684778907548476)",59640,"(('fum_c', 'ac_c', 'indole_c'), -0.0269554793543767)"
MTAN,2,-0.4798366239249784,1734,73,"(('val__L_c',), -0.15195862759044246)",2628,"(('val__L_c', '3pg_c'), -0.027491945608548285)",62196,"(('fum_c', 'for_c', 'val__L_c'), 0.5393273920756837)"
MTHFC,2,-0.7733627565603685,1734,72,"(('ppi_c',), 0.21934143723999255)",2556,"(('g3p_c', 'pyr_c'), 0.4981529383491285)",59640,"(('2dmmql8_c', 'g3p_c', 'pyr_c'), 0.5076357028485795)"
MTHFC_b,2,-50.82704945319159,1734,67,"(('gly_c',), -3.95269864344022)",2211,"(('indole_c', 'r5p_c'), -1.1908812027060982)",47905,"(('6pgl_c', 'acon_C_c', 'mal__L_c'), 0.5682081400229033)"
MTHFD,2,-1.7584828515003337,1734,72,"(('g3p_c',), -0.6731410936984727)",2556,"(('g3p_c', 'pyr_c'), 0.00780320118449046)",59640,"(('2dmmql8_c', 'g3p_c', 'pyr_c'), 0.08236185646525734)"
MTHFD_b,2,-47.36694614726271,1734,67,"(('gly_c',), -0.9233689708289421)",2211,"(('acon_C_c', 'gtp_c'), -0.5672122254785793)",47905,"(('oaa_c', 'gdp_c', 'for_c'), 0.7116185774513889)"
MTHFR2,3,-4.502310107638893,1733,72,"(('hcys__L_c',), -0.4673197000775267)",2556,"(('ahcys_c', 'succ_c'), -0.20903410238245967)",59640,"(('f6p_c', 'val__L_c', 'mal__L_c'), 0.42208871623102573)"
NADK,2,-0.17708084944550045,1734,71,"(('flxr_c',), 0.054793241535487425)",2485,"(('succ_c', 'mal__L_c'), 0.07089642029185272)",57155,"(('acon_C_c', 'icit_c', 'gtp_c'), 0.3220764724096524)"
NADS1,3,-0.5481562864049128,1733,72,"(('gthrd_c',), 0.043131205262530975)",2556,"(('pppi_c', 'thf_c'), 0.1009078005095079)",59640,"(('glycogen_c', 'ppi_c', 'ac_c'), 0.2649844661887584)"
NAt3_1p5pp,2,nan,1734,74,"('', -1000)",2701,"('', -1000)",64824,"('', -1000)"
NNATr,3,-12.81411115264069,1733,74,"(('ade_c',), -2.083694831623647)",2701,"(('gly_c', 'indole_c'), 0.20651292570825847)",64824,"(('dhap_c', 'amp_c', 'indole_c'), 0.29467270917381677)"
NNDPR,3,-1.8913993102430606,1733,73,"(('cit_c',), -1.0178098987165733)",2628,"(('acon_C_c', 'cit_c'), -0.3718077043845662)",62196,"(('fum_c', 'amp_c', 'cit_c'), 0.10606886483211342)"
OCTDPS,2,-0.2784259519270987,1734,72,"(('f6p_c',), 0.0035073916153930407)",2556,"(('glycogen_c', 'f6p_c'), 0.39969127330423193)",59640,"(('glycogen_c', 'dhap_c', 'val__L_c'), 0.4858387355119461)"
OGMEACPD,1,-8.226673992863665,1735,73,"(('gthrd_c',), -1.9572355234006669)",2628,"(('xu5p__D_c', 'dutp_c'), -0.4579259159351919)",62196,"(('aspsa_c', 'gmp_c', '6pgc_c'), 0.1497174637838088)"
OGMEACPR,3,-0.4868986788483122,1733,73,"(('fadh2_c',), -0.21673591260161923)",2628,"(('dutp_c', 'accoa_c'), 0.05713449468078344)",62196,"(('coa_c', 'dutp_c', 'pser__L_c'), 0.3626457847096446)"
OGMEACPS,3,-0.8948952210854562,1733,73,"(('amp_c',), 0.08145798639451385)",2628,"(('amp_c', '2dmmql8_c'), 0.28559938668536794)",62196,"(('succoa_c', 'flxr_c', 'r5p_c'), 0.3577881694636451)"
OHPBAT,2,-1.1761438951184597,1734,73,"(('ppi_c',), -0.4926561589142148)",2628,"(('ppi_c', 'na1_c'), 0.10568415326483774)",62196,"(('ppi_c', 'gdp_c', 'na1_c'), 0.16315653397313673)"
OHPHM,2,-3.474686655767738,1734,72,"(('val__L_c',), -3.3033735376655216)",2556,"(('g3p_c', '3pg_c'), -1.3495505946898327)",59640,"(('succoa_c', 'dutp_c', 'ahcys_c'), -0.11577146404055078)"
OMBZLM,2,-0.1597773340864885,1734,72,"(('met__L_c',), 0.24960500250056725)",2556,"(('fad_c', 'fadh2_c'), 0.2997374869963125)",59640,"(('met__L_c', 'gmp_c', 's7p_c'), 0.33853474046526477)"
OMMBLHX,2,-0.11939937672001272,1734,73,"(('fadh2_c',), 0.13249096333648885)",2628,"(('fad_c', 'fadh2_c'), 0.3533826146063265)",62196,"(('ade_c', 'gmp_c', 'mal__L_c'), 0.4948817794621344)"
OMPDC,2,-0.028886513303531508,1734,72,"(('ppi_c',), 0.1812178058589114)",2556,"(('gthrd_c', 'gmp_c'), 0.3400051446789687)",59640,"(('gthrd_c', 'gmp_c', 'succ_c'), 0.4584868426806424)"
OMPHHX,2,-1.0327248984876212,1734,73,"(('2dmmql8_c',), -0.3585774484372727)",2628,"(('f6p_c', 'datp_c'), 0.12932902349539335)",62196,"(('dhap_c', 'datp_c', '2dmmql8_c'), 0.3177787343857256)"
OPHHX,2,-0.5677653707058372,1734,73,"(('icit_c',), -0.15959641266412078)",2628,"(('acon_C_c', 'icit_c'), 0.18941175055242537)",62196,"(('glycogen_c', 'acon_C_c', 'icit_c'), 0.25154269380873706)"
OPMEACPD,1,-8.22667399286366,1735,73,"(('gthrd_c',), -1.9572355234006666)",2628,"(('xu5p__D_c', 'dutp_c'), -0.4579259159351815)",62196,"(('aspsa_c', 'gmp_c', '6pgc_c'), 0.1497174637838093)"
OPMEACPR,3,-0.48689867875820947,1733,73,"(('fadh2_c',), -0.21673591248523014)",2628,"(('dutp_c', 'accoa_c'), 0.057134492847546375)",62196,"(('3php_c', 'coa_c', 'dutp_c'), 0.36264579521978896)"
OPMEACPS,3,-1.6016713733217918,1733,73,"(('glycogen_c',), -0.7392372569782473)",2628,"(('6pgl_c', 'xu5p__D_c'), -0.11034362632148997)",62196,"(('glycogen_c', 'hom__L_c', '4pasp_c'), 0.457677349058146)"
ORPT_b,2,-2.0267871650991856,1734,73,"(('ac_c',), -0.41432362786792754)",2628,"(('datp_c', '2dmmql8_c'), -0.16291679874603912)",62196,"(('datp_c', '2dmmql8_c', 'gtp_c'), -0.12802021272603684)"
P5CR,3,0.1988070616334519,1733,72,"(('fadh2_c',), 0.19017771120067084)",2556,"(('ppi_c', 'amp_c'), 0.34961534975802605)",59640,"(('glyclt_c', 'gthrd_c', 'gdp_c'), 0.4368508307677661)"
PANTS,3,0.587528931356787,1733,73,"(('coa_c',), 0.7018542669720903)",2628,"(('pyr_c', '6pgc_c'), 0.7213284463652019)",62196,"(('6pgl_c', 'ru5p__D_c', 'pyr_c'), 0.8116802115809847)"
PAPPT3,2,-0.6623878957635266,1734,73,"(('ac_c',), -0.3222238718891567)",2628,"(('h_e', 'flxr_c'), -0.17510539987996762)",62196,"(('succoa_c', 'ac_c', 'f6p_c'), 0.13886086096414796)"
PDX5POi,2,-0.7988948373345572,1734,71,"(('g1p_c',), -0.20089236132314567)",2485,"(('glycogen_c', 'thf_c'), 0.4346295570127015)",57155,"(('mlthf_c', 'glycogen_c', 'thf_c'), 0.6338535800157812)"
PE160abcpp,3,0.2828331549718555,1733,73,"(('fad_c',), 0.27828447681034124)",2628,"(('pep_c', 'dutp_c'), 0.44277556677282526)",62196,"(('pep_c', 'dutp_c', 'val__L_c'), 0.4777878322036355)"
PE161abcpp,3,0.2830277247792983,1733,73,"(('fad_c',), 0.27850622622239307)",2628,"(('pep_c', 'dutp_c'), 0.440240258855851)",62196,"(('pep_c', 'dutp_c', 'val__L_c'), 0.47694772079936304)"
PE181abcpp,3,0.2826211148728284,1733,73,"(('fad_c',), 0.27813636955559634)",2628,"(('pep_c', 'dutp_c'), 0.4427077589487959)",62196,"(('pep_c', 'dutp_c', 'val__L_c'), 0.4777308507674923)"
PERD,2,-0.5793619744038734,1734,73,"(('dutp_c',), -0.2724573686240779)",2628,"(('glycogen_c', 'dutp_c'), 0.10087936945736276)",62196,"(('phom_c', 'dutp_c', 'hom__L_c'), 0.18019185776585195)"
PFK_3,2,0.7076043457098659,1734,72,"(('thf_c',), 0.8082976364012584)",2556,"(('gdp_c', 'mql8_c'), 0.9063817300775321)",59640,"(('6pgl_c', 'amp_c', 'gmp_c'), 0.9634701337662676)"
PG160abcpp,3,0.2827303022801755,1733,73,"(('fad_c',), 0.27816032578192107)",2628,"(('pep_c', 'dutp_c'), 0.44385177629112427)",62196,"(('pep_c', 'dutp_c', 'val__L_c'), 0.4780318463253188)"
PG161abcpp,3,0.2827307417674609,1733,73,"(('fad_c',), 0.2781611608379354)",2628,"(('pep_c', 'dutp_c'), 0.4438511993136512)",62196,"(('pep_c', 'dutp_c', 'val__L_c'), 0.47803299937584487)"
PG181abcpp,3,0.28272951491326803,1733,73,"(('fad_c',), 0.2781625318223206)",2628,"(('pep_c', 'dutp_c'), 0.44385228041857)",62196,"(('pep_c', 'dutp_c', 'val__L_c'), 0.478035408750487)"
PGAMT_b,1,0.25575185962162406,1735,73,"(('mlthf_c',), 0.46312338572010137)",2628,"(('datp_c', 'gtp_c'), 0.5982649433740211)",62196,"(('datp_c', '3pg_c', 'gtp_c'), 0.6659152071513712)"
PGCD,2,-4.424807614265395,1734,72,"(('3php_c',), -0.9995481696507293)",2556,"(('ru5p__D_c', 'for_c'), -0.7120432773305818)",59640,"(('gthrd_c', 'pser__L_c', 'pyr_c'), -0.3349478024520785)"
PGI,1,-0.5800199020087385,1735,72,"(('ac_c',), 0.31656637839099183)",2556,"(('amp_c', 'ac_c'), 0.8324280355196367)",59640,"(('aspsa_c', 'amp_c', 'ac_c'), 0.913603743171134)"
PGK_b,2,0.8225636048352534,1734,70,"(('na1_p',), 0.8502861818369777)",2415,"(('cit_c', 'ac_c'), 0.858386547621662)",54740,"(('coa_c', 'cit_c', 'succ_c'), 0.8938389334745026)"
PGL,2,0.848888054644901,1734,72,"(('xu5p__D_c',), 0.8883398202632669)",2556,"(('pyr_c', 'na1_c'), 0.9042548880990566)",59640,"(('glyclt_c', 'ru5p__D_c', 'f6p_c'), 0.9208428500706973)"
PGSA160,2,0.23194008618548392,1734,73,"(('phom_c',), 0.4316235691008827)",2628,"(('phom_c', 'na1_p'), 0.482036489739158)",62196,"(('glycogen_c', 'phom_c', 'na1_p'), 0.4949570491428907)"
PGSA161,2,0.23259300103505426,1734,73,"(('hom__L_c',), 0.4308986691585551)",2628,"(('phom_c', 'na1_p'), 0.48171020812808696)",62196,"(('glycogen_c', 'na1_p', 'thr__L_c'), 0.4934705841659513)"
PGSA181,2,0.2317737984542625,1734,73,"(('phom_c',), 0.4317552837712549)",2628,"(('phom_c', 'na1_p'), 0.4819459678175184)",62196,"(('glycogen_c', 'phom_c', 'na1_p'), 0.4952707429236933)"
PMEACPE,2,-0.011975974544529089,1734,75,"(('datp_c',), 0.1263461915811386)",2775,"(('mlthf_c', 'methf_c'), 0.2581178351640567)",67525,"(('glycogen_c', 'thf_c', '10fthf_c'), 0.27753625009112426)"
PMPK,2,-1.7190288190944125,1734,73,"(('succoa_c',), -0.03332225682935969)",2628,"(('fum_c', 's7p_c'), 0.3976098366198271)",62196,"(('acon_C_c', 'succ_c', 'gtp_c'), 0.5250930259280693)"
PNTK,2,-0.042310156257280435,1734,71,"(('succ_c',), 0.30223273557849056)",2485,"(('2dmmql8_c', 'val__L_c'), 0.49491839652648184)",57155,"(('succ_c', '2dmmql8_c', 'val__L_c'), 0.5766158434919824)"
PPBNGS,1,0.5398726941209401,1735,73,"(('glyclt_c',), 0.674952017192993)",2628,"(('glyclt_c', 'na1_c'), 0.7133196900488135)",62196,"(('coa_c', 'succ_c', 'pyr_c'), 0.76518050576227)"
PPC,3,0.6056951038067315,1733,71,"(('fadh2_c',), 0.6461934961807184)",2485,"(('ac_c', 'gmp_c'), 0.697921266888756)",57155,"(('amp_c', 'val__L_c', 'pyr_c'), 0.867051810698017)"
PPCDC,2,0.38644541512911773,1734,73,"(('f6p_c',), 0.5893706009791433)",2628,"(('ppi_c', 'pep_c'), 0.6399896763899559)",62196,"(('ppi_c', 'pser__L_c', '13dpg_c'), 0.6412141410061222)"
PPNCL2,3,0.48346878265270654,1733,73,"(('f6p_c',), 0.5846062500627405)",2628,"(('xu5p__D_c', '3pg_c'), 0.6187810454120622)",62196,"(('glycogen_c', 'xu5p__D_c', '3pg_c'), 0.6434559480330888)"
PPND,2,-1.7578675096682608,1734,73,"(('amet_c',), 0.03829831612358797)",2628,"(('g3p_c', '3pg_c'), 0.5133450466563996)",62196,"(('fad_c', 'g3p_c', '13dpg_c'), 0.6436695099532898)"
PPNDH,2,-0.6508433893575609,1734,73,"(('2pg_c',), 0.28646755590669926)",2628,"(('2pg_c', 'gtp_c'), 0.5714134407265203)",62196,"(('dhap_c', 'dutp_c', 'f6p_c'), 0.6196878137240935)"
PPPGO,2,-1.4738687774290937,1734,74,"(('coa_c',), -0.3868546958176692)",2701,"(('flxr_c', 'thf_c'), 0.352192674035309)",64824,"(('flxso_c', 'adpglc_c', 'ser__L_c'), 0.5034663481231634)"
PPPGO3,2,-0.0836384066604258,1734,71,"(('gthrd_c',), 0.1859147889793643)",2485,"(('coa_c', 'gthrd_c'), 0.29979188803899537)",57155,"(('thf_c', 'ser__L_c', '10fthf_c'), 0.2849927643475688)"
PRAGSr,3,-0.8582311119174624,1733,72,"(('val__L_c',), -0.173106296387948)",2556,"(('alaala_p', 'dutp_c'), -0.0737258233187742)",59640,"(('ppi_c', 'cit_c', 'ac_c'), 0.06765946053170135)"
PRAIi,1,-0.9000813672137745,1735,73,"(('alaala_p',), -0.38531078199312924)",2628,"(('alaala_p', '2dmmql8_c'), -0.00879971867679305)",62196,"(('alaala_p', 'glycogen_c', 'ppi_c'), 0.5192889474405104)"
PRAIS,2,-1.4827482260100844,1734,73,"(('acon_C_c',), -0.5450708870064316)",2628,"(('flxr_c', 'ac_c'), -0.01251623067252261)",62196,"(('e4p_c', '2dmmql8_c', 'mal__L_c'), 0.06046513995730671)"
PRAMPC,2,-2.0655508344373095,1734,73,"(('flxr_c',), -0.9705337294970489)",2628,"(('glycogen_c', '10fthf_c'), -0.39538032253068744)",62196,"(('glycogen_c', 'flxr_c', '13dpg_c'), 0.03851894997920369)"
PRASCSi,3,0.025612744855767727,1733,72,"(('accoa_c',), 0.3854075937847462)",2556,"(('glycogen_c', 'accoa_c'), 0.5067244978534543)",59640,"(('glycogen_c', 'accoa_c', '2dmmql8_c'), 0.5099691879992458)"
PRATPP,2,-2.0655508344373095,1734,73,"(('flxr_c',), -0.9705337294970471)",2628,"(('glycogen_c', '10fthf_c'), -0.395380322530686)",62196,"(('glycogen_c', 'flxr_c', '13dpg_c'), 0.03851894997920155)"
PRFGS,4,-1.031528199451899,1732,73,"(('gtp_c',), -0.46820370797666255)",2628,"(('coa_c', 'ru5p__D_c'), 0.24625744150579693)",62196,"(('ru5p__D_c', 'f6p_c', 'mal__L_c'), 0.42754100424604186)"
PRMICI,1,-1.6845594535345536,1735,73,"(('r5p_c',), -0.5466306514912089)",2628,"(('glycogen_c', '3php_c'), -0.38750462830179583)",62196,"(('succoa_c', 'dutp_c', 'pser__L_c'), -0.1734829538710034)"
PROD2,2,-3.7624024707162462,1734,71,"(('cit_c',), -1.2889937102049427)",2485,"(('trp__L_c', 'mal__L_c'), -0.944102697362816)",57155,"(('indole_c', 'succ_c', 'r5p_c'), 0.5445226507892855)"
PRPPS,2,-3.3520326850574937,1734,72,"(('dutp_c',), -1.0215501302542755)",2556,"(('dutp_c', 'pyr_c'), 0.21260718885672777)",59640,"(('succoa_c', 'dutp_c', 'gly_c'), 0.4387767244979247)"
PSCVT,2,-0.6344180840759818,1734,72,"(('pppi_c',), -0.45489782975539733)",2556,"(('glycogen_c', 'dutp_c'), -0.11992519612080907)",59640,"(('glycogen_c', 'fadh2_c', 'gly_c'), -0.021525870435245426)"
PSD160,2,-0.23799604823625659,1734,72,"(('fad_c',), 0.0024965784398675306)",2556,"(('flxso_c', 'fad_c'), 0.12522538701119426)",59640,"(('flxso_c', 'fad_c', 'xu5p__D_c'), 0.17859123793557954)"
PSD161,2,-0.23810142796528821,1734,72,"(('fadh2_c',), 0.002392584790849195)",2556,"(('flxso_c', 'fadh2_c'), 0.12482590413444453)",59640,"(('flxso_c', 'fadh2_c', 'xu5p__D_c'), 0.17827187350148863)"
PSD181,2,-0.23799305450537353,1734,72,"(('fad_c',), 0.002474001772856088)",2556,"(('flxso_c', 'fad_c'), 0.12522980562514327)",59640,"(('flxso_c', 'fad_c', 'xu5p__D_c'), 0.1785769953376759)"
PSERT,2,-1.052493975326952,1734,72,"(('met__L_c',), -0.226841919435355)",2556,"(('ru5p__D_c', '6pgc_c'), 0.066509389169257)",59640,"(('glyclt_c', 'r5p_c', 'na1_c'), 0.41532578345490284)"
PSP_L,2,0.35784103720867344,1734,72,"(('glyclt_c',), 0.4544640365232611)",2556,"(('na1_p', 'e4p_c'), 0.5846070767198678)",59640,"(('glycogen_c', 'dcamp_c', 'xu5p__D_c'), 0.7156991084230483)"
PSSA160,2,-3.2310048941501357,1734,72,"(('succoa_c',), -0.5601989150531173)",2556,"(('succoa_c', 'gthrd_c'), 0.026356319136819906)",59640,"(('gthrd_c', 'ru5p__D_c', 'icit_c'), 0.5697545879340586)"
PSSA161,2,-3.23201737506783,1734,72,"(('succoa_c',), -0.560151170566672)",2556,"(('succoa_c', 'gthrd_c'), 0.02623500978623472)",59640,"(('gthrd_c', 'ru5p__D_c', 'icit_c'), 0.5698233050871928)"
PSSA181,2,-3.2309669722589,1734,72,"(('succoa_c',), -0.5603484126185175)",2556,"(('succoa_c', 'gthrd_c'), 0.02639550330244711)",59640,"(('gthrd_c', 'ru5p__D_c', 'icit_c'), 0.569768623692783)"
PTPATi,3,-5.627594596120571,1733,68,"(('mal__L_c',), -1.8117426185058128)",2278,"(('succ_c', 'mal__L_c'), -1.022139968847771)",50116,"(('accoa_c', 'val__L_c', 'pyr_c'), 0.23330473156899478)"
QULNS,2,-1.1905771302181152,1734,72,"(('ac_c',), 0.26984801196765584)",2556,"(('icit_c', 'succ_c'), 0.3739155112674748)",59640,"(('2pg_c', 'gthrd_c', '3pg_c'), 0.5674676567123716)"
RBFK,2,-0.6008360622535089,1734,73,"(('10fthf_c',), -0.15568324435566178)",2628,"(('dutp_c', 's7p_c'), 0.1458095069093228)",62196,"(('xu5p__D_c', 'dutp_c', 'pyr_c'), 0.42779039703667754)"
RBFSa,2,0.05052610014783579,1734,73,"(('val__L_c',), 0.1220971683999566)",2628,"(('pppi_c', 'r5p_c'), 0.26997477754486654)",62196,"(('pppi_c', 'e4p_c', 'flxr_c'), 0.40329104883114275)"
RBFSb,1,0.15398716586202088,1735,73,"(('fad_c',), 0.48878903178345057)",2628,"(('fad_c', 'datp_c'), 0.6018568887578599)",62196,"(('fad_c', 'datp_c', 'r5p_c'), 0.6241553066137342)"
RHAT1,2,-0.13667102324353136,1734,68,"(('2dmmql8_c',), -0.040340222995453895)",2278,"(('h_e', 'acon_C_c'), 0.517790530937522)",50116,"(('h_e', 'glycogen_c', 'acon_C_c'), 0.5747750788801232)"
S7PI,1,-0.9798095092937424,1735,72,"(('g3p_c',), 0.41866585191639827)",2556,"(('val__L_c', '3pg_c'), 0.5591693442672694)",59640,"(('flxr_c', 'gly_c', 'datp_c'), 0.6578579869922578)"
SDPDS,2,-1.2947178116689018,1734,73,"(('ahcys_c',), -0.4414488778993533)",2628,"(('amet_c', 's7p_c'), -0.36452183236001057)",62196,"(('2pg_c', 'ru5p__D_c', 'pep_c'), -0.21517578067544807)"
SDPTA_b,2,-1.4905326465953967,1734,73,"(('aspsa_c',), 0.31452277443741805)",2628,"(('gthrd_c', 'r5p_c'), 0.4814122488220348)",62196,"(('gthrd_c', 'fadh2_c', 'r5p_c'), 0.6018372856935836)"
SEPHCHCS,3,-2.3834690479565586,1733,72,"(('pppi_c',), -0.0810545070562364)",2556,"(('pppi_c', 'for_c'), 0.555037092279929)",59640,"(('pppi_c', 'indole_c', 'for_c'), 0.6635372563973908)"
SERASr,3,0.29678349541599747,1733,72,"(('succ_c',), 0.5694011203203326)",2556,"(('glyclt_c', 'fum_c'), 0.7134263644028005)",59640,"(('glyclt_c', 'acon_C_c', 'for_c'), 0.7912014832748251)"
SERAT,2,-10.671128749461339,1734,70,"(('methf_c',), -0.1716960560041613)",2415,"(('succoa_c', 'g3p_c'), 0.3657441985640743)",54740,"(('gmp_c', 'succ_c', '13dpg_c'), 0.6206386457393801)"
SHCHD2,2,0.30506775401821673,1734,73,"(('dutp_c',), 0.4151470863082697)",2628,"(('alaala_p', 'dutp_c'), 0.4292696098604424)",62196,"(('h_e', 'mal__L_c', 'gtp_c'), 0.6257037176286026)"
SHCHF,2,-0.17943182300868832,1734,73,"(('gtp_c',), -0.06521758196919133)",2628,"(('fadh2_c', 'for_c'), 0.32710188434740406)",62196,"(('fadh2_c', 'succ_c', 'gtp_c'), 0.3472430780389297)"
SHSL1,2,-0.5946017852449068,1734,73,"(('flxso_c',), 0.0897385109801408)",2628,"(('phom_c', 'flxr_c'), 0.5240494798013199)",62196,"(('flxso_c', 'phom_c', 'na1_p'), 0.5657331479804303)"
SPMS,2,-1.2878178087566576,1734,73,"(('pep_c',), -0.8906338747511191)",2628,"(('ppi_c', 'ser__L_c'), -0.5672183280405112)",62196,"(('dhap_c', 'hom__L_c', '4pasp_c'), 0.3521014746561649)"
SUCBZS,1,-0.12042396484901205,1735,71,"(('gdp_c',), 0.1632593887172571)",2485,"(('alaala_p', 'dutp_c'), 0.26010479507593937)",57155,"(('gdp_c', 'for_c', 'thr__L_c'), 0.371461447365505)"
T2DECAI,1,0.32110808607431474,1735,73,"(('cit_c',), 0.6614223125567384)",2628,"(('for_c', 'mal__L_c'), 0.7613603056100618)",62196,"(('gdp_c', 'for_c', 'mal__L_c'), 0.8543959644678139)"
TDPDRE,1,-0.4586666914975116,1735,73,"(('cit_c',), 0.10196917978887307)",2628,"(('glycogen_c', 'cit_c'), 0.20780091843457693)",62196,"(('glycogen_c', 'cit_c', '13dpg_c'), 0.20152246109555502)"
TDPDRR,3,-0.7458673358965344,1733,73,"(('10fthf_c',), -0.24949851026355419)",2628,"(('for_c', 'pyr_c'), 0.021993177797973995)",62196,"(('h_e', 'cit_c', 'ac_c'), 0.49682527206251614)"
TDSK,2,0.22081056910917946,1734,83,"(('gdp_c',), 0.3737436918063899)",3403,"(('indole_c', 'gdp_c'), 0.38779917448785983)",91881,"(('2dmmql8_c', 'gthrd_c', 'amp_c'), 0.40457884675232114)"
THDPS,3,-0.10232056115510052,1733,72,"(('val__L_c',), -0.07650574333558888)",2556,"(('alaala_p', 'val__L_c'), -0.06234723492360261)",59640,"(('ppi_c', 'dutp_c', 's7p_c'), 0.2709015014069899)"
THRS,2,0.28189824428766475,1734,72,"(('gmp_c',), 0.520603237147584)",2556,"(('gmp_c', 'val__L_c'), 0.667185377129804)",59640,"(('dhap_c', 'pyr_c', 'gtp_c'), 0.7876068785616802)"
THRt4pp,2,-10.035266086672527,1734,83,"(('s7p_c',), -1.3763248047569485)",3403,"(('gthrd_c', 'datp_c'), -0.2089783625174833)",91881,"(('gthrd_c', 'gmp_c', 'datp_c'), 0.8189781144553193)"
TMDS,2,-3.3005671117695465,1734,72,"(('2pg_c',), -1.8717288148338216)",2556,"(('13dpg_c', 'pyr_c'), -1.419556376058232)",59640,"(('amp_c', 'ru5p__D_c', '6pgc_c'), -0.581813246694971)"
TMPK,2,0.1284359764985669,1734,73,"(('amp_c',), 0.435021910551092)",2628,"(('accoa_c', 'for_c'), 0.5776300015237119)",62196,"(('gthrd_c', 'dutp_c', 'r5p_c'), 0.669922829295452)"
TMPPP,3,0.05912542928658843,1733,73,"(('alaala_p',), 0.2041113852762963)",2628,"(('alaala_p', '4pasp_c'), 0.2891749263808331)",62196,"(('aspsa_c', 'hom__L_c', 'for_c'), 0.4179122251789129)"
TPI,1,0.14669384517655096,1735,67,"(('accoa_c',), 0.3639549500154823)",2211,"(('f6p_c', '2dmmql8_c'), 0.5903572453601647)",47905,"(('ac_c', 'f6p_c', 'for_c'), 0.7838647500919624)"
TRPAS2_b,3,-2.2104626628284785,1733,81,"(('gmp_c',), -1.636893743478299)",3240,"(('cit_c', 'datp_c'), 0.9519765960823641)",85320,"(('gmp_c', 'for_c', 'mal__L_c'), 0.1860624603013591)"
TYRL,3,-1.7750780866519245,1733,72,"(('icit_c',), -1.1832098119246857)",2556,"(('f6p_c', 'succ_c'), -0.22126498888242738)",59640,"(('succoa_c', 'fad_c', 'r5p_c'), -0.06638575609835823)"
U23GAAT,2,-0.11134343102134905,1734,73,"(('fum_c',), 0.27549243361541986)",2628,"(('succoa_c', 'phom_c'), 0.3319471915867972)",62196,"(('phom_c', 'accoa_c', 'hom__L_c'), 0.5601938861517992)"
UAAGDS,3,-0.6217686203360697,1733,73,"(('gmp_c',), -0.3134565912851493)",2628,"(('na1_p', 'gmp_c'), 0.09437297673688438)",62196,"(('glycogen_c', '3php_c', 'gtp_c'), 0.23224505309723859)"
UAGCVT,2,-0.5361348912959198,1734,72,"(('datp_c',), 0.2102748279731273)",2556,"(('flxr_c', 'datp_c'), 0.48615912773121484)",59640,"(('fad_c', 'flxr_c', 'datp_c'), 0.630853035879245)"
UAGDP,3,-1.9654166818534708,1733,73,"(('ppi_c',), -0.17328250815259727)",2628,"(('gthrd_c', '3pg_c'), 0.05087235891011302)",62196,"(('accoa_c', '2dmmql8_c', 'g3p_c'), 0.059272569000193676)"
UAGPT3,2,-0.15684032461679584,1734,73,"(('fadh2_c',), 0.10181839435162149)",2628,"(('flxso_c', '3pg_c'), 0.13370512036566226)",62196,"(('flxso_c', 'dutp_c', '3pg_c'), 0.3908542460445028)"
UAMAGS,3,-0.3819804672026393,1733,73,"(('gthrd_c',), 0.443105778592339)",2628,"(('alaala_p', 'fad_c'), 0.5743638122581439)",62196,"(('h_e', 'dhap_c', 'gmp_c'), 0.6247917541007895)"
UAMAS,3,-0.07576639252543935,1733,73,"(('for_c',), 0.21772315580577606)",2628,"(('dhap_c', 'gtp_c'), 0.307687461354416)",62196,"(('gdp_c', 'datp_c', 'gtp_c'), 0.45635354594325067)"
UAPGR,3,-0.28162302281575213,1733,73,"(('13dpg_c',), -0.22930445849327166)",2628,"(('flxso_c', 'xu5p__D_c'), -0.16518279302389333)",62196,"(('ahcys_c', 'dhptd_c', '2dmmql8_c'), 0.18618718615892815)"
UDCPDPS,2,-0.19191883291224449,1734,74,"(('met__L_c',), 0.16719261288585913)",2701,"(('succoa_c', 'ade_c'), 0.27707004969420546)",64824,"(('succoa_c', 'ade_c', 'gly_c'), 0.3125202814295269)"
UGMDDS,3,-1.9772954196147472,1733,72,"(('dhap_c',), -0.9315471301525586)",2556,"(('succoa_c', 'for_c'), -0.47604082259152847)",59640,"(('succoa_c', 'e4p_c', 'for_c'), -0.4506734152563348)"
UHGADA,2,0.21931100266083603,1734,72,"(('succoa_c',), 0.31183377773950427)",2556,"(('succoa_c', 'val__L_c'), 0.3917464641778099)",59640,"(('succoa_c', 'dutp_c', 'val__L_c'), 0.3896499731436105)"
UPP3S,1,-2.118387332650864,1735,71,"(('e4p_c',), -0.45985939261017167)",2485,"(('6pgl_c', 'met__L_c'), -0.11464774856990717)",57155,"(('succoa_c', 'met__L_c', 'datp_c'), 0.043962953195524096)"
UPPDC1,2,-0.01492897357796738,1734,73,"(('fad_c',), 0.42605330205019704)",2628,"(('for_c', 'val__L_c'), 0.6162479373370254)",62196,"(('fad_c', 'for_c', 'val__L_c'), 0.6832783658644096)"
VALTA_b,2,0.026869868344054415,1734,73,"(('flxr_c',), 0.29853183521473686)",2628,"(('gthrd_c', 'xu5p__D_c'), 0.5974228868386344)",62196,"(('coa_c', 'f6p_c', 'val__L_c'), 0.7051939695396152)"
VPAMTr_b,2,-25.946861351007207,1734,77,"(('glycogen_c',), -3.0002472918410827)",2926,"(('datp_c', 'for_c'), 0.560885757713208)",73150,"(('alaala_p', '3odcoa_c', 'occoa_c'), -1.7348265398491343)"
