rxn,Nsubs,OnlySubResults,nOtherMets,nOneComb,OneMetResults,nTwoComb,TwoMetResults,nThreeComb,ThreeMetResults
r_0018_f,2,0.2513059879169931,2740,79,"(('s_1203[c]',), 0.3024155662646339)",3081,"(('s_0421[m]', 's_1005[m]'), 0.3476831877329978)",79079,"(('s_0421[m]', 's_1005[m]', 's_1203[c]'), 0.4570787237822781)"
r_0019,3,0.282246093570189,2739,78,"(('s_0629[c]',), 0.3926463820689964)",3003,"(('s_0421[m]', 's_1005[m]'), 0.5856240518780049)",76076,"(('s_0629[c]', 's_1005[m]', 's_1488[m]'), 0.6971445180031189)"
r_0020,3,-0.16362665381295416,2739,69,"(('s_0767[c]',), 0.259322248675853)",2346,"(('s_0522[c]', 's_0767[c]'), 0.3089503938029062)",52394,"(('s_0362[c]', 's_0767[c]', 's_0529[c]'), 0.3786007566697717)"
r_0026,2,0.42452035926830983,2740,71,"(('s_1203[c]',), 0.5110894383694264)",2485,"(('s_1198[c]', 's_0445[c]'), 0.5527307705232778)",57155,"(('s_0767[c]', 's_1198[c]', 's_1460[m]'), 0.6053186991713523)"
r_0032,2,-0.30994508870917303,2740,67,"(('s_0056[c]',), -0.11083618666467476)",2211,"(('s_1360[c]', 's_0188[c]'), 0.13556672356904817)",47905,"(('s_0362[c]', 's_1360[c]', 's_0188[c]'), 0.46326130713995217)"
r_0045,2,0.26430949485052546,2740,79,"(('s_1198[c]',), 0.37578250102082966)",3081,"(('s_1203[c]', 's_1324[e]'), 0.4793254684075528)",79079,"(('s_1203[c]', 's_0767[c]', 's_1324[e]'), 0.5290129690249925)"
r_0058,2,-0.11628919871955132,2740,76,"(('s_1005[m]',), 0.08212755201482957)",2850,"(('s_0767[c]', 's_1003[c]'), 0.26226117112413305)",70300,"(('s_1442[c]', 's_0767[c]', 's_1003[c]'), 0.293323928214288)"
r_0061,2,0.3764470417125255,2740,78,"(('s_1460[m]',), 0.42110785322109834)",3003,"(('s_1005[m]', 's_1042[m]'), 0.5394950335369751)",76076,"(('s_0629[c]', 's_0362[c]', 's_0529[c]'), 0.6318944795190106)"
r_0063,3,0.4892443765599201,2739,80,"(('s_1056[c]',), 0.7351646855616902)",3160,"(('s_0373[c]', 's_0362[c]'), 0.7926343696459555)",82160,"(('s_1203[c]', 's_1058[m]', 's_0362[c]'), 0.8138796984901674)"
r_0065,2,0.0588260323128313,2740,76,"(('s_0767[c]',), 0.3067050425156789)",2850,"(('s_0362[c]', 's_0373[c]'), 0.45467799361742267)",70300,"(('s_0362[c]', 's_0373[c]', 's_0767[c]'), 0.6311679978723089)"
r_0075,2,-1.6574185417193532,2740,73,"(('s_0767[c]',), -1.1799589056677007)",2628,"(('s_0796[e]', 's_0767[c]'), -0.7486959433812136)",62196,"(('s_0796[e]', 's_0767[c]', 's_0629[c]'), -0.249190786294801)"
r_0080,3,0.05078655793908551,2739,75,"(('s_0551[c]',), 0.20612222380753123)",2775,"(('s_1182[m]', 's_0551[c]'), 0.24186334309493734)",67525,"(('s_1487[c]', 's_0837[c]', 's_0066[c]'), 0.2874194629246904)"
r_0091,2,0.15379726040668174,2740,72,"(('s_1203[c]',), 0.5984816536471935)",2556,"(('s_1198[c]', 's_0075[c]'), 0.7819246976702053)",59640,"(('s_0767[c]', 's_1198[c]', 's_0075[c]'), 0.8053100357261197)"
r_0096,3,0.13018619483219976,2739,73,"(('s_0725[c]',), 0.19539850862269917)",2628,"(('s_0362[c]', 's_0373[c]'), 0.5173524096819255)",62196,"(('s_0362[c]', 's_0725[c]', 's_0767[c]'), 0.564593226652814)"
r_0112,3,0.4294081989077264,2739,63,"(('s_0260[c]',), 0.5091214487390248)",1953,"(('s_0767[c]', 's_0188[c]'), 0.5844415633807423)",39711,"(('s_1360[c]', 's_0767[c]', 's_0188[c]'), 0.6278372049349461)"
r_0115,2,0.01980828913994015,2740,81,"(('s_1016[c]',), 0.10027740594603018)",3240,"(('s_0362[c]', 's_0529[c]'), 0.19498831712873282)",85320,"(('s_0376[m]', 's_1032[c]', 's_1042[m]'), 0.2704985885105953)"
r_0118,2,0.09671570138677221,2740,76,"(('s_0725[c]',), 0.14218527912554216)",2850,"(('s_0362[c]', 's_0725[c]'), 0.4286320102973901)",70300,"(('s_0362[c]', 's_0725[c]', 's_1016[c]'), 0.45702771746729187)"
r_0127,2,0.1971898066617585,2740,80,"(('s_1360[c]',), 0.3747729172890725)",3160,"(('s_0188[c]', 's_0529[c]'), 0.5045660940412906)",82160,"(('s_0075[c]', 's_0727[m]', 's_0016[m]'), 0.6254862106412589)"
r_0144,2,0.2785228962730514,2740,82,"(('s_0722[c]',), 0.5221481849611875)",3321,"(('s_1005[m]', 's_1042[m]'), 0.5475920346585726)",88560,"(('s_1005[m]', 's_1042[m]', 's_0727[m]'), 0.6158480067303185)"
r_0145,2,0.23938831911855202,2740,77,"(('s_0304[c]',), 0.3485645387734916)",2926,"(('s_0764[c]', 's_0376[m]'), 0.4242212999989504)",73150,"(('s_0376[m]', 's_0260[c]', 's_0362[c]'), 0.46580692728594003)"
r_0148,2,-0.4953557923255515,2740,77,"(('s_0362[c]',), 0.17966437938312657)",2926,"(('s_1422[c]', 's_0362[c]'), 0.22721423356205542)",73150,"(('s_0120[c]', 's_0304[c]', 's_0362[c]'), 0.44911524476881937)"
r_0153,3,0.2162443475891295,2739,76,"(('s_1203[c]',), 0.31793395226454113)",2850,"(('s_0767[c]', 's_0529[c]'), 0.3776618711377827)",70300,"(('s_0362[c]', 's_0629[c]', 's_0529[c]'), 0.5567768555636508)"
r_0154,2,0.18705234440577437,2740,68,"(('s_1427[c]',), 0.2511870800620738)",2278,"(('s_0767[c]', 's_0359[c]'), 0.4356617827159271)",50116,"(('s_0767[c]', 's_1324[e]', 's_0359[c]'), 0.6475724627848436)"
r_0172,3,0.8283825803444669,2739,72,"(('s_1324[e]',), 0.880855024703729)",2556,"(('s_1427[c]', 's_0551[c]'), 0.9241928138631585)",59640,"(('s_0522[c]', 's_0551[c]', 's_0577[c]'), 0.9494981472172508)"
r_0173,3,-1.1018283960859927,2739,86,"(('s_0362[c]',), -0.5074317756961623)",3655,"(('s_0362[c]', 's_0529[c]'), 0.021426614814746104)",102340,"(('s_0373[c]', 's_0796[e]', 's_0362[c]'), 0.28627897078400827)"
r_0202,2,0.6187789798370698,2740,81,"(('s_1198[c]',), 0.6630575207824438)",3240,"(('s_0373[c]', 's_0362[c]'), 0.7401639422743813)",85320,"(('s_1203[c]', 's_0362[c]', 's_0529[c]'), 0.7863500338211159)"
r_0209,3,0.24413512334081067,2739,89,"(('s_0524[m]',), 0.260908833223198)",3916,"(('s_0362[c]', 's_0529[c]'), 0.38302833790855817)",113564,"(('s_0373[c]', 's_3547[c]', 's_0362[c]'), 0.42734014624804945)"
r_0211,4,0.16979357113880406,2738,77,"(('s_0767[c]',), 0.33134482634269247)",2926,"(('s_0373[c]', 's_0362[c]'), 0.5415268253367909)",73150,"(('s_0373[c]', 's_0767[c]', 's_0362[c]'), 0.6189034689583892)"
r_0212,3,0.4783187287153254,2739,85,"(('s_1416[c]',), 0.4860223555478947)",3570,"(('s_0362[c]', 's_0529[c]'), 0.6445928034318155)",98770,"(('s_0524[m]', 's_0362[c]', 's_0529[c]'), 0.6767437783316262)"
r_0214,2,0.24454450722240656,2740,78,"(('s_0767[c]',), 0.40284701480744634)",3003,"(('s_0373[c]', 's_0767[c]'), 0.4568407074149167)",76076,"(('s_1005[m]', 's_1042[m]', 's_0767[c]'), 0.5467703795286181)"
r_0215,2,0.23791025799066423,2740,76,"(('s_0767[c]',), 0.2655007543969658)",2850,"(('s_0362[c]', 's_0529[c]'), 0.4597306597250742)",70300,"(('s_1032[c]', 's_0362[c]', 's_0529[c]'), 0.4844750770185947)"
r_0219,3,0.22665438326022058,2739,77,"(('s_1032[c]',), 0.2733889149286224)",2926,"(('s_0727[m]', 's_0066[c]'), 0.5162571934451541)",73150,"(('s_1032[c]', 's_0727[m]', 's_0066[c]'), 0.5257789312681176)"
r_0220,3,0.4062933611691748,2739,82,"(('s_0529[c]',), 0.42084101165565213)",3321,"(('s_0362[c]', 's_0529[c]'), 0.5889557713635256)",88560,"(('s_0075[c]', 's_0362[c]', 's_0529[c]'), 0.5951946498864571)"
r_0225,2,-0.05231102501439795,2740,78,"(('s_1422[c]',), 0.2920929751118112)",3003,"(('s_0075[c]', 's_0529[c]'), 0.3980228263280848)",76076,"(('s_0188[c]', 's_0362[c]', 's_0529[c]'), 0.49457302456494484)"
r_0234,2,0.7737131174094565,2740,79,"(('s_0767[c]',), 0.7795422196233774)",3081,"(('s_0551[c]', 's_0581[c]'), 0.8187211118997484)",79079,"(('s_0551[c]', 's_0577[c]', 's_0581[c]'), 0.8309311545740116)"
r_0235,2,0.7551699334349895,2740,78,"(('s_0767[c]',), 0.7663044034079032)",3003,"(('s_0551[c]', 's_0577[c]'), 0.7894936593324797)",76076,"(('s_0551[c]', 's_0577[c]', 's_0837[c]'), 0.8325150277780982)"
r_0236,3,0.5808609199363192,2739,81,"(('s_0557[c]',), 0.6346126197527713)",3240,"(('s_1005[m]', 's_1488[m]'), 0.6852423187380368)",85320,"(('s_0568[c]', 's_1005[m]', 's_0307[m]'), 0.7574045428406898)"
r_0237,3,0.5808609199363133,2739,81,"(('s_0557[c]',), 0.6346126197527515)",3240,"(('s_1005[m]', 's_1042[m]'), 0.6852423189053086)",85320,"(('s_0568[c]', 's_1005[m]', 's_1042[m]'), 0.757404542799251)"
r_0244,3,-0.31297006062686467,2739,80,"(('s_0767[c]',), -0.1804957962438234)",3160,"(('s_0373[c]', 's_0767[c]'), -0.051401978532219283)",82160,"(('s_0725[c]', 's_1458[c]', 's_0767[c]'), 0.09963810455933919)"
r_0307,3,-0.37848417019139574,2739,71,"(('s_0767[c]',), 0.14653594234554806)",2485,"(('s_0767[c]', 's_0629[c]'), 0.44575175440916565)",57155,"(('s_0767[c]', 's_0260[c]', 's_0629[c]'), 0.5362689328071424)"
r_0309,2,-3.3687824466302727,2740,87,"(('s_1233[c]',), -0.02516403498957893)",3741,"(('s_1233[c]', 's_0767[c]'), 0.4507598219001171)",105995,"(('s_0951[c]', 's_0767[c]', 's_0841[c]'), 0.46197818279908204)"
r_0313,3,0.1407637189481771,2739,78,"(('s_0529[c]',), 0.15798063648423924)",3003,"(('s_0362[c]', 's_0529[c]'), 0.4238129959773479)",76076,"(('s_0373[c]', 's_1016[c]', 's_0362[c]'), 0.4545381747025745)"
r_0346,3,0.4972081549175263,2739,81,"(('s_0362[c]',), 0.6525228599045252)",3240,"(('s_0373[c]', 's_0362[c]'), 0.6812484955802777)",85320,"(('s_1005[m]', 's_1458[c]', 's_0307[m]'), 0.8072276038588025)"
r_0355,2,-0.7254390159528206,2740,77,"(('s_0767[c]',), -0.3626468450978485)",2926,"(('s_0373[c]', 's_0362[c]'), -0.07162666169880634)",73150,"(('s_0767[c]', 's_0362[c]', 's_0529[c]'), 0.2137904129570273)"
r_0361,2,0.47340916958322554,2740,80,"(('s_1203[c]',), 0.5182422744695923)",3160,"(('s_1005[m]', 's_1042[m]'), 0.6332199239257108)",82160,"(('s_0629[c]', 's_0362[c]', 's_0529[c]'), 0.70628378384993)"
r_0451_f,2,-0.4923677515413597,2740,76,"(('s_0725[c]',), 0.202748736572055)",2850,"(('s_0362[c]', 's_0725[c]'), 0.39152489034583543)",70300,"(('s_0362[c]', 's_1458[c]', 's_0837[c]'), 0.5854852943440014)"
r_0453,2,-0.4062893462243823,2740,79,"(('s_0529[c]',), -0.2443234016217172)",3081,"(('s_1203[c]', 's_0727[m]'), 0.12387455758534194)",79079,"(('s_0421[m]', 's_1005[m]', 's_1203[c]'), 0.24353097645134678)"
r_0462,2,-0.72543901595282,2740,77,"(('s_0767[c]',), -0.36264684509784917)",2926,"(('s_0373[c]', 's_0362[c]'), -0.0716266616988062)",73150,"(('s_0767[c]', 's_0362[c]', 's_0529[c]'), 0.2137904129570277)"
r_0466,2,0.3121744358372435,2740,72,"(('s_1042[m]',), 0.5840996461049253)",2556,"(('s_0764[c]', 's_0557[c]'), 0.6438753073867598)",59640,"(('s_1458[c]', 's_1203[c]', 's_0993[m]'), 0.7411781618532801)"
r_0468,2,-2.0591322371861187,2740,79,"(('s_0362[c]',), -1.0230260309165955)",3081,"(('s_0999[c]', 's_0362[c]'), 0.0706821035555828)",79079,"(('s_0764[c]', 's_0767[c]', 's_0362[c]'), 0.16799568754468827)"
r_0473,3,0.3556236477933209,2739,80,"(('s_0075[c]',), 0.7038914462905997)",3160,"(('s_0629[c]', 's_0837[c]'), 0.7429117175353388)",82160,"(('s_0629[c]', 's_0991[c]', 's_0180[c]'), 0.7514568030749729)"
r_0478,3,0.4643565073079456,2739,77,"(('s_1266[c]',), 0.48176205288603285)",2926,"(('s_0362[c]', 's_0529[c]'), 0.6003448878488055)",73150,"(('s_1399[c]', 's_0362[c]', 's_0529[c]'), 0.6257128680250321)"
r_0499,2,0.16021194515491713,2740,76,"(('s_1203[c]',), 0.27194099780565983)",2850,"(('s_0304[c]', 's_0837[c]'), 0.4085633307794492)",70300,"(('s_0362[c]', 's_0373[c]', 's_0568[c]'), 0.484949460056712)"
r_0502_f,2,0.8722548506145376,2740,79,"(('s_1042[m]',), 0.9566066892192506)",3081,"(('s_0999[c]', 's_1324[e]'), 0.9625001286094218)",79079,"(('s_1056[c]', 's_1324[e]', 's_0362[c]'), 0.9685089106127929)"
r_0514,4,-0.26159900491218957,2738,64,"(('s_0767[c]',), 0.4634594898956518)",2016,"(('s_0555[c]', 's_1203[c]'), 0.803920347087151)",41664,"(('s_0373[c]', 's_1616[c]', 's_0304[c]'), 0.9448735495233785)"
r_0524,2,-2.436534513645791,2740,78,"(('s_0629[c]',), -2.057816646719214)",3003,"(('s_1005[m]', 's_1042[m]'), -1.321379074234383)",76076,"(('s_0421[m]', 's_1005[m]', 's_1399[c]'), -0.5612237197276009)"
r_0534,2,0.7665185646510858,2740,69,"(('s_0362[c]',), 0.9109118688624431)",2346,"(('s_0362[c]', 's_1620[c]'), 0.944901905916001)",52394,"(('s_0362[c]', 's_0727[m]', 's_1620[c]'), 0.9450596822428295)"
r_0536,3,0.4474646955121827,2739,74,"(('s_0727[m]',), 0.4724358385262278)",2701,"(('s_0362[c]', 's_0529[c]'), 0.5616846482932503)",64824,"(('s_0421[m]', 's_1005[m]', 's_1324[e]'), 0.689589388028718)"
r_0538,2,0.0789601342094068,2740,79,"(('s_1203[c]',), 0.20443553616681917)",3081,"(('s_1460[m]', 's_1203[c]'), 0.39147859771264915)",79079,"(('s_1198[c]', 's_0066[c]', 's_0362[c]'), 0.505892291295171)"
r_0542_f,2,0.592673986036419,2740,81,"(('s_1324[e]',), 0.6374188456440544)",3240,"(('s_1005[m]', 's_1042[m]'), 0.69752461779722)",85320,"(('s_1005[m]', 's_1488[m]', 's_1198[c]'), 0.8162546500050365)"
r_0545,2,0.5203561351384469,2740,83,"(('s_1616[c]',), 0.5526392560650129)",3403,"(('s_1408[c]', 's_0529[c]'), 0.5727956618043638)",91881,"(('s_0373[c]', 's_0551[c]', 's_0577[c]'), 0.6230673092526675)"
r_0546,3,-0.8490424714070703,2739,77,"(('s_1233[c]',), -0.14370384696424945)",2926,"(('s_0581[c]', 's_1616[c]'), 0.09974590593800199)",73150,"(('s_1233[c]', 's_1399[c]', 's_0767[c]'), 0.16689644019938937)"
r_0548,2,0.2869098133506565,2740,76,"(('s_1620[c]',), 0.3915645727190595)",2850,"(('s_0373[c]', 's_0557[c]'), 0.5744473831371726)",70300,"(('s_0999[c]', 's_1620[c]', 's_0993[m]'), 0.6745871132710597)"
r_0549,2,0.10392964797354894,2740,75,"(('s_0767[c]',), 0.23447001708670862)",2775,"(('s_0362[c]', 's_0260[c]'), 0.41796869987777024)",67525,"(('s_1042[m]', 's_1620[c]', 's_1005[m]'), 0.4664780431289916)"
r_0560,3,0.7634636776142855,2739,71,"(('s_1408[c]',), 0.7761035443140744)",2485,"(('s_0551[c]', 's_1408[c]'), 0.8055559120876129)",57155,"(('s_1016[c]', 's_1427[c]', 's_0551[c]'), 0.8327465286123694)"
r_0563,2,-0.1591998304515767,2740,78,"(('s_0767[c]',), 0.09668818851521185)",3003,"(('s_0993[m]', 's_0767[c]'), 0.23544862618321022)",76076,"(('s_1460[m]', 's_1203[c]', 's_0362[c]'), 0.4759956629930781)"
r_0565,3,-0.18147230231684242,2739,66,"(('s_1324[e]',), -0.08845527847466965)",2145,"(('s_0764[c]', 's_0260[c]'), 0.18325047678244438)",45760,"(('s_1360[c]', 's_0764[c]', 's_1487[c]'), 0.38927881031808464)"
r_0566,2,0.13763652243082322,2740,79,"(('s_0767[c]',), 0.19174560340804864)",3081,"(('s_1005[m]', 's_1488[m]'), 0.3600389686837238)",79079,"(('s_0075[c]', 's_0362[c]', 's_0529[c]'), 0.45399009015258207)"
r_0569,2,0.4427553614489897,2740,77,"(('s_0529[c]',), 0.4840308725267598)",2926,"(('s_0999[c]', 's_1266[c]'), 0.5733123318221286)",73150,"(('s_0551[c]', 's_0581[c]', 's_1324[e]'), 0.6799416235712383)"
r_0665,3,0.2192997261919011,2739,78,"(('s_1324[e]',), 0.3739146025664814)",3003,"(('s_0362[c]', 's_0529[c]'), 0.444479411441067)",76076,"(('s_1032[c]', 's_0362[c]', 's_0529[c]'), 0.4930275926120304)"
r_0669,3,0.038064701484353966,2739,78,"(('s_1198[c]',), 0.19743832308365078)",3003,"(('s_0373[c]', 's_0362[c]'), 0.4823158202030606)",76076,"(('s_0373[c]', 's_0629[c]', 's_0362[c]'), 0.5735643738229811)"
r_0671,4,0.6748047113364739,2738,77,"(('s_0362[c]',), 0.7044834144864404)",2926,"(('s_0373[c]', 's_0362[c]'), 0.8151905942586517)",73150,"(('s_0373[c]', 's_0767[c]', 's_0362[c]'), 0.8262834917586066)"
r_0694,2,0.2885885804763723,2740,78,"(('s_1488[m]',), 0.41013127816962325)",3003,"(('s_0373[c]', 's_0362[c]'), 0.5312814337143771)",76076,"(('s_0373[c]', 's_1005[m]', 's_0362[c]'), 0.5830487942697686)"
r_0701,3,-0.08689002187792291,2739,75,"(('s_1016[c]',), 0.03516751155675877)",2775,"(('s_1488[m]', 's_1005[m]'), 0.4484051272581224)",67525,"(('s_1488[m]', 's_1005[m]', 's_0066[c]'), 0.47967514065626576)"
r_0711,3,-70.16574888972225,2739,96,"(('s_1458[c]',), -2.3036978171656752)",4560,"(('s_0056[c]', 's_1058[m]'), -0.8870165784995651)",142880,"(('s_1616[c]', 's_0182[m]', 's_0307[m]'), 0.2586707184738263)"
r_0725_f,2,-0.6552996929259514,2740,76,"(('s_1032[c]',), 0.39810062596592116)",2850,"(('s_1271[c]', 's_0180[c]'), 0.8358996259442145)",70300,"(('s_1032[c]', 's_0373[c]', 's_1458[c]'), 0.9624559358413872)"
r_0727,2,-0.04561330638371062,2740,76,"(('s_3119[erm]',), 0.0629956162967614)",2850,"(('s_1042[m]', 's_1005[m]'), 0.42887639090819735)",70300,"(('s_1042[m]', 's_1005[m]', 's_0837[c]'), 0.5021323035346054)"
r_0729,3,0.17021867785286982,2739,78,"(('s_1016[c]',), 0.21035789583002334)",3003,"(('s_1005[m]', 's_1042[m]'), 0.30710289562152315)",76076,"(('s_0951[c]', 's_0362[c]', 's_0529[c]'), 0.3489027048676309)"
r_0732_f,2,0.733994269151717,2740,78,"(('s_0551[c]',), 0.820523420052407)",3003,"(('s_1401[m]', 's_0837[c]'), 0.8660480952362984)",76076,"(('s_1401[m]', 's_1042[m]', 's_0837[c]'), 0.9038469031706743)"
r_0757,2,-0.15188890444297945,2740,78,"(('s_0767[c]',), -0.037672957512615145)",3003,"(('s_1422[c]', 's_0767[c]'), 0.03898306226207611)",76076,"(('s_0421[m]', 's_1003[c]', 's_1005[m]'), 0.12159634809659323)"
r_0759,3,-0.020848376810930214,2739,81,"(('s_1016[c]',), 0.07901940323718626)",3240,"(('s_1016[c]', 's_0180[c]'), 0.13928759359095474)",85320,"(('s_0999[c]', 's_1401[m]', 's_0180[c]'), 0.24034891156955954)"
r_0762,2,0.6953607248313449,2740,79,"(('s_0362[c]',), 0.740658577888781)",3081,"(('s_0373[c]', 's_0362[c]'), 0.8512400544659083)",79079,"(('s_0373[c]', 's_0557[c]', 's_0362[c]'), 0.894401534570785)"
r_0768,4,0.5878691677396161,2738,82,"(('s_0524[m]',), 0.6056184862694736)",3321,"(('s_0524[m]', 's_0727[m]'), 0.6133316830500267)",88560,"(('s_1487[c]', 's_0306[c]', 's_0362[c]'), 0.657220122326425)"
r_0770,3,0.15628699039284705,2739,71,"(('s_1427[c]',), 0.3543363527250475)",2485,"(('s_0727[m]', 's_1427[c]'), 0.5089098148360282)",57155,"(('s_0581[c]', 's_0551[c]', 's_1399[c]'), 0.5966818447992094)"
r_0786,3,0.33384505242225415,2739,83,"(('s_3119[erm]',), 0.40696998934443257)",3403,"(('s_1422[c]', 's_3119[erm]'), 0.4291265232007363)",91881,"(('s_0421[m]', 's_3119[erm]', 's_1005[m]'), 0.4463711566818297)"
r_0813,2,-0.22872379196735593,2740,76,"(('s_0767[c]',), 0.4215745956793203)",2850,"(('s_0725[c]', 's_0767[c]'), 0.6495909535262085)",70300,"(('s_0764[c]', 's_0767[c]', 's_0955[c]'), 0.7613464482363437)"
r_0818,2,0.028154303050974903,2740,75,"(('s_0725[c]',), 0.1933948838947816)",2775,"(('s_0362[c]', 's_0725[c]'), 0.34867772369574046)",67525,"(('s_0362[c]', 's_0725[c]', 's_0311[c]'), 0.5178821867381239)"
r_0821,2,0.4566117495673022,2740,80,"(('s_0767[c]',), 0.5537680349300591)",3160,"(('s_1016[c]', 's_0767[c]'), 0.5907089835433901)",82160,"(('s_1005[m]', 's_1488[m]', 's_0767[c]'), 0.6267155715363568)"
r_0841,3,-6.358915099142414,2739,91,"(('s_0796[e]',), -1.3638676605293565)",4095,"(('s_0551[c]', 's_1427[c]'), 0.126109022597947)",121485,"(('s_0551[c]', 's_0993[m]', 's_1427[c]'), 0.1774413971778567)"
r_0842,2,0.18035896144754646,2740,78,"(('s_0767[c]',), 0.19270808391954736)",3003,"(('s_0362[c]', 's_0529[c]'), 0.5311655725694889)",76076,"(('s_1324[e]', 's_0362[c]', 's_0529[c]'), 0.5769265741560587)"
r_0855,2,-0.03516082384979051,2740,75,"(('s_0445[c]',), 0.05268887096809853)",2775,"(('s_0362[c]', 's_0529[c]'), 0.3535215620449096)",67525,"(('s_1032[c]', 's_0362[c]', 's_0529[c]'), 0.4395566405092041)"
r_0891,2,0.01903267874240131,2740,65,"(('s_0767[c]',), 0.31304564870524365)",2080,"(('s_0362[c]', 's_0767[c]'), 0.42582096390572366)",43680,"(('s_0362[c]', 's_1467[c]', 's_0767[c]'), 0.47403391591509825)"
r_0892_f,2,0.6568952114524734,2740,75,"(('s_0362[c]',), 0.798123178135136)",2775,"(('s_0362[c]', 's_0767[c]'), 0.8759270011956982)",67525,"(('s_0362[c]', 's_1616[c]', 's_0767[c]'), 0.8834827341529305)"
r_0905,3,-0.3317290357744659,2739,78,"(('s_0581[c]',), -0.19736925070413805)",3003,"(('s_0568[c]', 's_0529[c]'), 0.0061981153610380256)",76076,"(('s_0188[c]', 's_0362[c]', 's_0529[c]'), 0.3240097052932252)"
r_0908,3,0.7667682035075181,2739,80,"(('s_0841[c]',), 0.7893681083283186)",3160,"(('s_1233[c]', 's_0767[c]'), 0.8087026823094661)",82160,"(('s_1003[c]', 's_1042[m]', 's_0307[m]'), 0.8279594279824233)"
r_0909,2,0.3712986893547468,2740,75,"(('s_1203[c]',), 0.4474671979949926)",2775,"(('s_0362[c]', 's_0529[c]'), 0.5228042501713057)",67525,"(('s_0362[c]', 's_0188[c]', 's_0529[c]'), 0.5844982297769106)"
r_0910,2,0.371298689354747,2740,75,"(('s_1203[c]',), 0.44746719799490436)",2775,"(('s_0362[c]', 's_0529[c]'), 0.522804250171307)",67525,"(('s_0362[c]', 's_0188[c]', 's_0529[c]'), 0.5844982297769136)"
r_0911,2,0.6867753515944237,2740,80,"(('s_0373[c]',), 0.7165185117532505)",3160,"(('s_0373[c]', 's_0362[c]'), 0.781490561242466)",82160,"(('s_1416[c]', 's_0373[c]', 's_0362[c]'), 0.787201111186616)"
r_0912_f,2,0.323069242838323,2740,76,"(('s_1203[c]',), 0.4362211441616754)",2850,"(('s_0304[c]', 's_0568[c]'), 0.5610192652190759)",70300,"(('s_1042[m]', 's_1198[c]', 's_1005[m]'), 0.6522960205120981)"
r_0914,3,-0.0466334275352583,2739,74,"(('s_0445[c]',), 0.026544239667727766)",2701,"(('s_0362[c]', 's_0529[c]'), 0.35920570597379414)",64824,"(('s_1032[c]', 's_0362[c]', 's_0529[c]'), 0.4438922931118759)"
r_0915,3,-0.005624320299881735,2739,76,"(('s_1442[c]',), 0.2279005412096035)",2850,"(('s_1616[c]', 's_0993[m]'), 0.295603252243646)",70300,"(('s_1427[c]', 's_1487[c]', 's_0306[c]'), 0.37789900882685573)"
r_0917,2,0.19134060100890932,2740,71,"(('s_0419[c]',), 0.35344072726037445)",2485,"(('s_0419[c]', 's_0722[c]'), 0.3831015054341697)",57155,"(('s_1182[m]', 's_1203[c]', 's_1399[c]'), 0.41741304355623077)"
r_0918,2,0.1957969746861058,2740,66,"(('s_0767[c]',), 0.4399195635968458)",2145,"(('s_1427[c]', 's_0837[c]'), 0.6228066554043961)",45760,"(('s_1182[m]', 's_1427[c]', 's_0837[c]'), 0.6618618836497606)"
r_0938,2,0.5190551185299239,2740,80,"(('s_0796[e]',), 0.5457597300027908)",3160,"(('s_0551[c]', 's_0581[c]'), 0.5991896093151757)",82160,"(('s_1003[c]', 's_1005[m]', 's_1042[m]'), 0.7216324438933837)"
r_0941,3,0.23989770959235565,2739,75,"(('s_0796[e]',), 0.2711161998155652)",2775,"(('s_1005[m]', 's_0307[m]'), 0.3536033866748295)",67525,"(('s_0373[c]', 's_0796[e]', 's_0767[c]'), 0.3914126110634803)"
r_0957,3,-0.2626976309936331,2739,77,"(('s_0767[c]',), -0.04923388314345552)",2926,"(('s_0362[c]', 's_0529[c]'), 0.16292784664424972)",73150,"(('s_0767[c]', 's_0362[c]', 's_0529[c]'), 0.2836787515527237)"
r_0962,3,0.12490872358785396,2739,68,"(('s_0362[c]',), 0.3908545616942643)",2278,"(('s_1203[c]', 's_1324[e]'), 0.4316775129927322)",50116,"(('s_1467[c]', 's_1198[c]', 's_1324[e]'), 0.45610713558627464)"
r_0968,2,0.6901790170146272,2740,80,"(('s_1203[c]',), 0.7898706250496248)",3160,"(('s_1203[c]', 's_0767[c]'), 0.7963122171596249)",82160,"(('s_0999[c]', 's_0993[m]', 's_0362[c]'), 0.8411514688792646)"
r_0976,3,0.5872406180536316,2739,90,"(('s_0066[c]',), 0.6460878296724939)",4005,"(('s_0764[c]', 's_0075[c]'), 0.6895182448191374)",117480,"(('s_0629[c]', 's_0180[c]', 's_1192[m]'), 0.7250482461266854)"
r_0978,3,0.5878042134293201,2739,90,"(('s_0066[c]',), 0.646761585026793)",4005,"(('s_0764[c]', 's_0075[c]'), 0.690217303490229)",117480,"(('s_0629[c]', 's_0180[c]', 's_1192[m]'), 0.7248908667168514)"
r_0989,4,0.01293574880857371,2738,78,"(('s_1032[c]',), 0.17316069872346326)",3003,"(('s_0421[m]', 's_1005[m]'), 0.4221555625803036)",76076,"(('s_1003[c]', 's_1005[m]', 's_1042[m]'), 0.4946383554382409)"
r_0995,3,0.16774778613136593,2739,79,"(('s_1016[c]',), 0.20561212970646733)",3081,"(('s_1005[m]', 's_1042[m]'), 0.3082240100279332)",79079,"(('s_1005[m]', 's_1032[c]', 's_1488[m]'), 0.47299378590342)"
r_0996,3,-0.15081114870808876,2739,77,"(('s_0767[c]',), 0.05594030106509509)",2926,"(('s_0373[c]', 's_0362[c]'), 0.3577773996758135)",73150,"(('s_0373[c]', 's_0767[c]', 's_0362[c]'), 0.6136758713544268)"
r_0997,2,-0.1718762531587859,2740,77,"(('s_0767[c]',), 0.07032714004124299)",2926,"(('s_0373[c]', 's_0362[c]'), 0.31330001474145713)",73150,"(('s_0373[c]', 's_0767[c]', 's_0362[c]'), 0.5681820186344535)"
r_1002,2,-182.12080721588126,2740,96,"(('s_1271[c]',), -9.73562577276645)",4560,"(('s_0188[c]', 's_1360[c]'), -0.8904191769170395)",142880,"(('s_1003[c]', 's_0460[m]', 's_1271[c]'), 0.3791076829987534)"
r_1011,4,-0.003676561900063913,2738,78,"(('s_0951[c]',), 0.1434372143387861)",3003,"(('s_1005[m]', 's_1042[m]'), 0.4665206225256552)",76076,"(('s_1005[m]', 's_1042[m]', 's_0066[c]'), 0.5193050015978911)"
r_1012,3,0.5901533360289115,2739,80,"(('s_1460[m]',), 0.5972617561642171)",3160,"(('s_0999[c]', 's_1266[c]'), 0.6105184295777051)",82160,"(('s_0999[c]', 's_1266[c]', 's_1268[m]'), 0.6105184295776945)"
r_1026,3,0.33723696551774135,2739,62,"(('s_1442[c]',), 0.6498809124403669)",1891,"(('s_1442[c]', 's_0767[c]'), 0.7824503922060886)",37820,"(('s_0767[c]', 's_1427[c]', 's_0303[c]'), 0.8358284774092077)"
r_1041,2,0.5759278118255838,2740,81,"(('s_1203[c]',), 0.6856436002423681)",3240,"(('s_1005[m]', 's_1488[m]'), 0.7243625208569606)",85320,"(('s_0421[m]', 's_1005[m]', 's_1032[c]'), 0.7476174491381414)"
r_1042,3,0.5603648194573191,2739,89,"(('s_1016[c]',), 0.5749443424485652)",3916,"(('s_1003[c]', 's_1488[m]'), 0.610845366532696)",113564,"(('s_1003[c]', 's_1488[m]', 's_1016[c]'), 0.6289963201827924)"
r_1045,2,-0.826057442234142,2740,80,"(('s_0362[c]',), -0.32973442211417403)",3160,"(('s_0188[c]', 's_1360[c]'), -0.21732762638166842)",82160,"(('s_1487[c]', 's_0188[c]', 's_1360[c]'), 0.07241368960996328)"
r_1049_f,2,-1.6511794254487657,2740,70,"(('s_0767[c]',), -0.37633455754463474)",2415,"(('s_1016[c]', 's_1198[c]'), -0.06191387536076065)",54740,"(('s_1360[c]', 's_1016[c]', 's_0629[c]'), 0.03762042321619226)"
r_1050_f,2,-0.5923916820146806,2740,70,"(('s_1442[c]',), -0.11247589043525971)",2415,"(('s_1042[m]', 's_0294[c]'), 0.00828380037220271)",54740,"(('s_1039[c]', 's_1620[c]', 's_0120[c]'), 0.16037000017097297)"
r_1055,2,0.35500980450052894,2740,76,"(('s_1203[c]',), 0.5188232174565197)",2850,"(('s_3119[erm]', 's_1203[c]'), 0.5876637267891816)",70300,"(('s_1198[c]', 's_1005[m]', 's_0307[m]'), 0.6433525697462437)"
r_1057,3,-0.16524822544905451,2739,91,"(('s_1324[e]',), 0.06464928907936485)",4095,"(('s_1616[c]', 's_1324[e]'), 0.2446031719686698)",121485,"(('s_1032[c]', 's_0362[c]', 's_0529[c]'), 0.2845512006885367)"
r_1063_f,2,-0.5574337472234223,2740,79,"(('s_1324[e]',), 0.09815578835673337)",3081,"(('s_0551[c]', 's_0581[c]'), 0.390284771848011)",79079,"(('s_0551[c]', 's_0951[c]', 's_0581[c]'), 0.41994829167137626)"
r_1066,3,0.27914281817889475,2739,89,"(('s_1032[c]',), 0.29214444073156154)",3916,"(('s_0362[c]', 's_0529[c]'), 0.38273463844632954)",113564,"(('s_0955[c]', 's_1401[m]', 's_1324[e]'), 0.41120281333038033)"
r_1084_f,3,0.6197619228481661,2739,83,"(('s_0767[c]',), 0.6420425168564747)",3403,"(('s_0421[m]', 's_1005[m]'), 0.6885928410360286)",91881,"(('s_1005[m]', 's_0837[c]', 's_0307[m]'), 0.6991986677842933)"
r_1838,3,-0.6683910148154262,2739,77,"(('s_0066[c]',), -0.29110651668764603)",2926,"(('s_0557[c]', 's_0188[c]'), 0.10473644988392361)",73150,"(('s_0557[c]', 's_1005[m]', 's_1042[m]'), 0.2936462302810536)"
r_2432_f,3,0.00967517603586585,2739,94,"(('s_0532[m]',), 0.0899152846072319)",4371,"(('s_0725[c]', 's_0419[c]'), 0.2242358914545317)",134044,"(('s_1003[c]', 's_1266[c]', 's_1039[c]'), 0.30774361133477024)"
r_2433_f,3,-1.0328310491599137,2739,90,"(('s_0419[c]',), -0.68714772292253)",4005,"(('s_1005[m]', 's_0419[c]'), -0.3105951916671633)",117480,"(('s_0999[c]', 's_0419[c]', 's_1324[e]'), -0.0018677579133996812)"
r_2434_f,3,-0.7840366791420406,2739,90,"(('s_0419[c]',), -0.35564391098442927)",4005,"(('s_0725[c]', 's_0419[c]'), -0.03833100415483524)",117480,"(('s_0999[c]', 's_0419[c]', 's_1324[e]'), 0.1579573791560716)"
r_2456,2,0.02219657052677959,2740,81,"(('s_0075[c]',), 0.25691728252730234)",3240,"(('s_0075[c]', 's_1032[c]'), 0.3591305406655283)",85320,"(('s_0075[c]', 's_1032[c]', 's_0145[m]'), 0.36768276652576526)"
r_1099_f,2,0.5954696804314775,2740,79,"(('s_1620[c]',), 0.6289502528332885)",3081,"(('s_0551[c]', 's_0581[c]'), 0.7840436129123477)",79079,"(('s_0551[c]', 's_0581[c]', 's_0767[c]'), 0.8186245101847854)"
r_1244_f,2,-0.016268303959378505,2740,61,"(('s_0767[c]',), 0.33610650471610237)",1830,"(('s_0362[c]', 's_0767[c]'), 0.3883500230213991)",35990,"(('s_0727[m]', 's_0725[c]', 's_0767[c]'), 0.4359883797372454)"
r_1245,2,0.11430658760173047,2740,83,"(('s_1399[c]',), 0.2463844706951072)",3403,"(('s_1016[c]', 's_0767[c]'), 0.2744350508819794)",91881,"(('s_0557[c]', 's_1016[c]', 's_0767[c]'), 0.2830764311263022)"
r_2132,2,0.5586293392233315,2740,66,"(('s_0362[c]',), 0.760894845889547)",2145,"(('s_0362[c]', 's_0725[c]'), 0.8303666606344737)",45760,"(('s_0581[c]', 's_1003[c]', 's_0551[c]'), 0.8768155788641406)"
r_4196_f,2,0.32962568927922997,2740,80,"(('s_0767[c]',), 0.44572088003441535)",3160,"(('s_1005[m]', 's_1042[m]'), 0.4795399139336089)",82160,"(('s_0629[c]', 's_0362[c]', 's_0529[c]'), 0.6126128560572266)"
r_4484_f,2,-0.7392294661930152,2740,90,"(('s_0376[m]',), -0.24390696429865524)",4005,"(('s_0376[m]', 's_0182[m]'), -0.21208369853342698)",117480,"(('s_1029[c]', 's_1422[c]', 's_1324[e]'), -0.046075803918205496)"
r_0060_b,2,0.5148016872120755,2740,82,"(('s_0767[c]',), 0.6039772068561975)",3321,"(('s_1399[c]', 's_0767[c]'), 0.6156512146681032)",88560,"(('s_1005[m]', 's_1198[c]', 's_0307[m]'), 0.7219112666345552)"
r_0216_b,2,0.26199070781654654,2740,72,"(('s_1324[e]',), 0.43452840232201917)",2556,"(('s_0362[c]', 's_0373[c]'), 0.5713838018834565)",59640,"(('s_0581[c]', 's_1427[c]', 's_0551[c]'), 0.6795009422654917)"
r_0330_b,2,0.4451977635934763,2740,77,"(('s_1203[c]',), 0.5457912701741684)",2926,"(('s_0362[c]', 's_0529[c]'), 0.6120615336590236)",73150,"(('s_0557[c]', 's_0362[c]', 's_0529[c]'), 0.6536344254109098)"
r_0349_b,2,0.6914204402406746,2740,80,"(('s_0767[c]',), 0.7699934368971976)",3160,"(('s_1005[m]', 's_1488[m]'), 0.8027834916486078)",82160,"(('s_1005[m]', 's_1042[m]', 's_0767[c]'), 0.8615700736364061)"
r_0446_b,3,-0.7795576812154426,2739,74,"(('s_0991[c]',), 0.9027088660232941)",2701,"(('s_0182[m]', 's_0419[c]'), 0.9698231513805495)",64824,"(('s_0182[m]', 's_0419[c]', 's_0304[c]'), 0.96982315138055)"
r_0714_b,3,0.11977412358595459,2739,65,"(('s_0362[c]',), 0.3200720777142251)",2080,"(('s_1360[c]', 's_1016[c]'), 0.45119964036685856)",43680,"(('s_1360[c]', 's_1016[c]', 's_0188[c]'), 0.4511996403668597)"
r_0851_b,2,0.2288214111402776,2740,79,"(('s_1203[c]',), 0.282999844607937)",3081,"(('s_1203[c]', 's_1324[e]'), 0.417379841589334)",79079,"(('s_1203[c]', 's_1324[e]', 's_0066[c]'), 0.4984429787121033)"
r_1088_b,2,0.34054332424353706,2740,69,"(('s_0557[c]',), 0.5864165496498747)",2346,"(('s_0581[c]', 's_0568[c]'), 0.6098765142936926)",52394,"(('s_0421[m]', 's_1198[c]', 's_1005[m]'), 0.6867049198693025)"
r_1127_b,2,0.4610836402961035,2740,68,"(('s_0522[c]',), 0.5020770612112632)",2278,"(('s_0522[c]', 's_0767[c]'), 0.5425398732462468)",50116,"(('s_1042[m]', 's_0767[c]', 's_1005[m]'), 0.6276168920761043)"
r_1729_b,2,0.17114480389686954,2740,77,"(('s_0951[c]',), 0.2732392015076363)",2926,"(('s_0951[c]', 's_0722[c]'), 0.3629385767998915)",73150,"(('s_0581[c]', 's_1427[c]', 's_0362[c]'), 0.4510947713315413)"
r_0014,3,0.35618984413559185,2739,81,"(('s_0764[c]',), 0.4221568425204403)",3240,"(('s_0373[c]', 's_0568[c]'), 0.4493992458821211)",85320,"(('s_1005[m]', 's_1488[m]', 's_0767[c]'), 0.457681399000642)"
r_0025,3,0.43977394478708065,2739,61,"(('s_0993[m]',), 0.4690695572216274)",1830,"(('s_1203[c]', 's_0557[c]'), 0.5031409410241148)",35990,"(('s_0951[c]', 's_1203[c]', 's_0557[c]'), 0.5429621609068593)"
r_0066,2,0.4731041711170082,2740,82,"(('s_0233[m]',), 0.5794982062091496)",3321,"(('s_0629[c]', 's_1620[c]'), 0.6106107208134401)",88560,"(('s_1458[c]', 's_0145[m]', 's_0362[c]'), 0.6973290243739135)"
r_0079,4,0.13779734349796696,2738,76,"(('s_1214[m]',), 0.3363588820729973)",2850,"(('s_0362[c]', 's_0373[c]'), 0.5184655320281383)",70300,"(('s_0362[c]', 's_0373[c]', 's_0568[c]'), 0.6299206844590313)"
r_0142,2,-0.3042425886902211,2740,75,"(('s_0764[c]',), -0.11993394779071068)",2775,"(('s_0362[c]', 's_0373[c]'), 0.1707556014501935)",67525,"(('s_0767[c]', 's_1203[c]', 's_1324[e]'), 0.23607446759933257)"
r_0157,3,0.6074393130059448,2739,82,"(('s_0991[c]',), 0.6704756452605222)",3321,"(('s_0725[c]', 's_1458[c]'), 0.7150372270497358)",88560,"(('s_0373[c]', 's_0725[c]', 's_1458[c]'), 0.7605456028007771)"
r_0208_f,3,-0.3017983078016166,2739,71,"(('s_0557[c]',), -0.043718370119495774)",2485,"(('s_0581[c]', 's_0551[c]'), 0.32221569930435323)",57155,"(('s_0581[c]', 's_1268[m]', 's_0551[c]'), 0.4856528324481289)"
r_0231,3,0.12650567663869955,2739,83,"(('s_3119[erm]',), 0.27627989232093103)",3403,"(('s_0557[c]', 's_3119[erm]'), 0.36093073924420743)",91881,"(('s_0725[c]', 's_0557[c]', 's_3119[erm]'), 0.3726555333319405)"
r_0238,4,0.4485781733901468,2738,79,"(('s_1016[c]',), 0.5273465020373573)",3081,"(('s_0445[c]', 's_1203[c]'), 0.5762950198231123)",79079,"(('s_0298[c]', 's_0727[m]', 's_1198[c]'), 0.6890577212985488)"
r_0239,4,0.4485781733901339,2738,79,"(('s_1016[c]',), 0.5273465020373306)",3081,"(('s_0445[c]', 's_1203[c]'), 0.5762950198230821)",79079,"(('s_1467[c]', 's_1460[m]', 's_1203[c]'), 0.6890577212985258)"
r_0240,3,0.448455824421905,2739,79,"(('s_1016[c]',), 0.5176987254126628)",3081,"(('s_1016[c]', 's_0767[c]'), 0.5765522986449423)",79079,"(('s_0955[c]', 's_0993[m]', 's_0767[c]'), 0.6618896587194695)"
r_0241,4,0.511722990515473,2738,79,"(('s_1016[c]',), 0.5936252538387349)",3081,"(('s_1016[c]', 's_0767[c]'), 0.6011500868514352)",79079,"(('s_1005[m]', 's_1488[m]', 's_0767[c]'), 0.6967894484530612)"
r_0300,3,0.6059958009725761,2739,68,"(('s_0767[c]',), 0.7316859355508247)",2278,"(('s_0725[c]', 's_0767[c]'), 0.8018935201976112)",50116,"(('s_0767[c]', 's_1198[c]', 's_0629[c]'), 0.8343588078701833)"
r_0452_f,2,0.31207342837565066,2740,73,"(('s_1203[c]',), 0.4708489744379027)",2628,"(('s_0362[c]', 's_1203[c]'), 0.49121782199769176)",62196,"(('s_0779[c]', 's_0056[c]', 's_1016[c]'), 0.7464081692426219)"
r_0471,4,-0.6894608424156969,2738,69,"(('s_0568[c]',), -0.6964739532410995)",2346,"(('s_0940[c]', 's_0066[c]'), -0.19030975292921076)",52394,"(('s_0940[c]', 's_0066[c]', 's_0557[c]'), -0.03824919311208301)"
r_0479,3,0.7305263102862369,2739,82,"(('s_0419[c]',), 0.8200622618411456)",3321,"(('s_1032[c]', 's_0419[c]'), 0.861260381877478)",88560,"(('s_1032[c]', 's_0419[c]', 's_0529[c]'), 0.8706476300252884)"
r_0486_f,3,0.12398175670873593,2739,65,"(('s_3185[erm]',), -0.3614743863502565)",2080,"(('s_1042[m]', 's_0557[c]'), 0.991614439403486)",43680,"(('s_1488[m]', 's_0421[m]', 's_0557[c]'), 0.9915209341119956)"
r_0512,3,0.7296444307976802,2739,79,"(('s_1198[c]',), 0.7542342189961914)",3081,"(('s_0445[c]', 's_0557[c]'), 0.8169195686566356)",79079,"(('s_0445[c]', 's_0557[c]', 's_0951[c]'), 0.8426032116597051)"
r_0525,2,0.30160213424566445,2740,76,"(('s_0767[c]',), 0.4467827982514135)",2850,"(('s_0373[c]', 's_0767[c]'), 0.46981817940700993)",70300,"(('s_0362[c]', 's_0373[c]', 's_1360[c]'), 0.6748917298181125)"
r_0537,2,-0.14266430779287337,2740,77,"(('s_0362[c]',), -0.07609269013431215)",2926,"(('s_0767[c]', 's_0362[c]'), -0.06715791102696352)",73150,"(('s_0551[c]', 's_0581[c]', 's_0529[c]'), -0.003012778954850903)"
r_0539,3,-0.25564782172134753,2739,77,"(('s_0445[c]',), -0.09358860040384394)",2926,"(('s_1427[c]', 's_0529[c]'), 0.14528185139363536)",73150,"(('s_0373[c]', 's_1016[c]', 's_0362[c]'), 0.34467237336384)"
r_0558,3,0.03587120165616122,2739,89,"(('s_0629[c]',), 0.6332193672562038)",3916,"(('s_0764[c]', 's_0837[c]'), 0.6437895536948783)",113564,"(('s_1458[c]', 's_0362[c]', 's_1182[m]'), 0.7547895943825415)"
r_0713_f,2,-0.21723764739758677,2740,68,"(('s_0557[c]',), -0.08793408319774894)",2278,"(('s_0951[c]', 's_0841[c]'), -0.055012233792695084)",50116,"(('s_0362[c]', 's_1182[m]', 's_1324[e]'), 0.01934965784474918)"
r_0722,3,-0.48845877931818144,2739,73,"(('s_0767[c]',), -0.024794600719370962)",2628,"(('s_0767[c]', 's_0557[c]'), 0.04036294908178491)",62196,"(('s_0421[m]', 's_0767[c]', 's_1005[m]'), 0.44601947149029486)"
r_0726,3,-10.63018312651752,2739,67,"(('s_1360[c]',), -5.37094172147564)",2211,"(('s_0581[c]', 's_1324[e]'), -1.987967225933751)",47905,"(('s_0581[c]', 's_1324[e]', 's_0841[c]'), -1.455591975186483)"
r_0735,2,-0.14891517136314056,2740,78,"(('s_0529[c]',), -0.06524018247035432)",3003,"(('s_0837[c]', 's_0529[c]'), 0.012750743231241812)",76076,"(('s_0951[c]', 's_0837[c]', 's_0529[c]'), -0.0022669094840607417)"
r_0739,2,-0.04508761526836631,2740,77,"(('s_0837[c]',), 0.0033008447469116352)",2926,"(('s_0362[c]', 's_0529[c]'), 0.2635607215835202)",73150,"(('s_0188[c]', 's_0362[c]', 's_0529[c]'), 0.3875583679145974)"
r_0773,3,-0.05775448835055983,2739,76,"(('s_0373[c]',), 0.21417468564389974)",2850,"(('s_0373[c]', 's_0767[c]'), 0.34552166013048097)",70300,"(('s_0767[c]', 's_0837[c]', 's_0066[c]'), 0.44263066691396735)"
r_0785,3,0.17027354003339928,2739,78,"(('s_1203[c]',), 0.31279173236710095)",3003,"(('s_0362[c]', 's_0529[c]'), 0.6397343531578179)",76076,"(('s_0767[c]', 's_0362[c]', 's_0529[c]'), 0.6796399352815186)"
r_0795,2,0.16805950339044623,2740,77,"(('s_1032[c]',), 0.19393764999814808)",2926,"(('s_1399[c]', 's_0767[c]'), 0.30017063555939466)",73150,"(('s_1399[c]', 's_0767[c]', 's_0362[c]'), 0.32832512176409157)"
r_0800,2,0.4156420474301289,2740,80,"(('s_0767[c]',), 0.4590328816777907)",3160,"(('s_0767[c]', 's_0529[c]'), 0.5233981463394736)",82160,"(('s_0725[c]', 's_1458[c]', 's_0767[c]'), 0.5847912645444205)"
r_0811,2,0.24576379549579758,2740,80,"(('s_0767[c]',), 0.3011791380778284)",3160,"(('s_0767[c]', 's_0529[c]'), 0.3533767207596334)",82160,"(('s_0725[c]', 's_1458[c]', 's_0767[c]'), 0.4211136178296983)"
r_0816,2,-0.003911257003159796,2740,56,"(('s_0993[m]',), 0.09978396526039277)",1540,"(('s_0767[c]', 's_0993[m]'), 0.19285463910462827)",27720,"(('s_0767[c]', 's_1427[c]', 's_0993[m]'), 0.21452808771158138)"
r_0843,3,-8.136863603766217,2739,80,"(('s_0362[c]',), -1.9970353244786536)",3160,"(('s_1266[c]', 's_0767[c]'), -0.384224963678681)",82160,"(('s_0764[c]', 's_0075[c]', 's_0767[c]'), 0.9799468229385353)"
r_0889,2,0.6473086226858304,2740,72,"(('s_0767[c]',), 0.6726685903542344)",2556,"(('s_1442[c]', 's_0767[c]'), 0.693689735631593)",59640,"(('s_1042[m]', 's_1488[m]', 's_1003[c]'), 0.7409304198867621)"
r_0904,2,0.3219782143417794,2740,78,"(('s_0445[c]',), 0.4033588829334853)",3003,"(('s_0445[c]', 's_0837[c]'), 0.5002890224612371)",76076,"(('s_0445[c]', 's_1427[c]', 's_1324[e]'), 0.5401976340561285)"
r_0937,3,0.29996482097683513,2739,69,"(('s_0767[c]',), 0.517283338376718)",2346,"(('s_0767[c]', 's_1324[e]'), 0.5540095660711741)",52394,"(('s_0767[c]', 's_1460[m]', 's_0066[c]'), 0.5774892767619854)"
r_0939,2,-0.3941000204637377,2740,70,"(('s_1399[c]',), -0.3223658563171079)",2415,"(('s_0551[c]', 's_0577[c]'), 0.3072128028860969)",54740,"(('s_0837[c]', 's_0551[c]', 's_0577[c]'), 0.4275301812196163)"
r_0956,2,-2.3317264461431035,2740,59,"(('s_0362[c]',), -0.7544075943039249)",1711,"(('s_3547[c]', 's_1399[c]'), 0.006926702280934882)",32509,"(('s_3119[erm]', 's_1616[c]', 's_0419[c]'), 0.30829943143885485)"
r_0958,3,-1.393379753030358,2739,69,"(('s_0986[c]',), -0.9484787272367509)",2346,"(('s_0767[c]', 's_0986[c]'), -0.5761416729916201)",52394,"(('s_0522[c]', 's_0986[c]', 's_1324[e]'), -0.37275088382116944)"
r_0959,2,-1.9311345931410357,2740,63,"(('s_1360[c]',), -0.8595234420881599)",1953,"(('s_0581[c]', 's_0551[c]'), -0.16999148184446164)",39711,"(('s_0180[c]', 's_1427[c]', 's_0551[c]'), 0.2883291279512787)"
r_0967,2,-0.31913999705384627,2740,78,"(('s_1620[c]',), -0.19225080024985813)",3003,"(('s_0727[m]', 's_0188[c]'), -0.1164355041021049)",76076,"(('s_1460[m]', 's_0145[m]', 's_0188[c]'), -0.08778211297575955)"
r_0988,3,0.6618405350175866,2739,71,"(('s_0373[c]',), 0.7132328645942809)",2485,"(('s_1214[m]', 's_0993[m]'), 0.7954708608963479)",57155,"(('s_1210[m]', 's_0993[m]', 's_0557[c]'), 0.7977042026092211)"
r_1089,3,-0.37049820895536045,2739,77,"(('s_1266[c]',), -0.09757656885596981)",2926,"(('s_1266[c]', 's_1427[c]'), 0.008232661533358531)",73150,"(('s_0725[c]', 's_1266[c]', 's_0362[c]'), 0.2013226807014945)"
r_2115,3,-1.322315628749927,2739,60,"(('s_0727[m]',), 0.10866984011246897)",1770,"(('s_0767[c]', 's_0722[c]'), 0.5052486199980735)",34220,"(('s_1042[m]', 's_0764[c]', 's_0767[c]'), 0.5755960743446621)"
r_2182,4,-0.7226726236973281,2738,77,"(('s_1616[c]',), -0.3800493144781024)",2926,"(('s_0568[c]', 's_0529[c]'), -0.009431378515768207)",73150,"(('s_0725[c]', 's_1458[c]', 's_0767[c]'), 0.1650751194609216)"
r_2183,4,-0.7226726236973111,2738,77,"(('s_1616[c]',), -0.38004931447165424)",2926,"(('s_0568[c]', 's_0529[c]'), -0.00943137847303015)",73150,"(('s_0725[c]', 's_1458[c]', 's_0767[c]'), 0.16507511946050255)"
r_2334,2,0.5821175960353757,2740,81,"(('s_1324[e]',), 0.6525719719029002)",3240,"(('s_0551[c]', 's_0581[c]'), 0.7098454747906532)",85320,"(('s_0551[c]', 's_3119[erm]', 's_0581[c]'), 0.7329137954749165)"
r_1110_f,2,-0.29679112572954713,2740,78,"(('s_0722[c]',), -0.15155757309736434)",3003,"(('s_0955[c]', 's_0767[c]'), 0.22844437744599935)",76076,"(('s_0955[c]', 's_1210[m]', 's_0767[c]'), 0.5182842659945425)"
r_1237,2,-0.7556678155326773,2740,76,"(('s_0837[c]',), -0.4596382091310923)",2850,"(('s_0419[c]', 's_0767[c]'), -0.054325620776313935)",70300,"(('s_0362[c]', 's_0066[c]', 's_1399[c]'), 0.2725982088581241)"
r_4587_f,2,0.006918576475249449,2740,82,"(('s_0373[c]',), 0.09366055877437778)",3321,"(('s_1616[c]', 's_0529[c]'), 0.21226538584420748)",88560,"(('s_0362[c]', 's_1360[c]', 's_0529[c]'), 0.4188122054524472)"
r_4589_f,2,0.006918576475249583,2740,82,"(('s_0373[c]',), 0.09366055877437784)",3321,"(('s_1620[c]', 's_0529[c]'), 0.21226538584420718)",88560,"(('s_0362[c]', 's_1360[c]', 's_0529[c]'), 0.4188122054524458)"
r_4590_f,2,-1.6495405656763844,2740,63,"(('s_0767[c]',), -0.9465283015840755)",1953,"(('s_1032[c]', 's_0767[c]'), -0.8862582958918104)",39711,"(('s_0951[c]', 's_0767[c]', 's_1427[c]'), -0.8570124552961194)"
r_4591_f,2,-0.3904952031991745,2740,79,"(('s_1460[m]',), -0.18242506658287236)",3081,"(('s_0725[c]', 's_0722[c]'), -0.11167180013509692)",79079,"(('s_1005[m]', 's_1042[m]', 's_0727[m]'), 0.12507388452194418)"
r_4592_f,2,-1.598511060876929,2740,63,"(('s_0767[c]',), -0.9113184153708416)",1953,"(('s_1032[c]', 's_0767[c]'), -0.8494912272586997)",39711,"(('s_0951[c]', 's_0767[c]', 's_1427[c]'), -0.8245691303713922)"
r_0103_b,2,-0.4950248384552508,2740,60,"(('s_2954[erm]',), -0.9448820770783349)",1770,"(('s_1205[m]', 's_2954[erm]'), -0.895570757660316)",34220,"(('s_1205[m]', 's_2954[erm]', 's_1200[m]'), -0.8955707576601718)"
r_0815_b,3,-0.06856181143871487,2739,75,"(('s_1442[c]',), -0.04049255335180109)",2775,"(('s_0767[c]', 's_0955[c]'), 0.05640740322737518)",67525,"(('s_0362[c]', 's_1360[c]', 's_0767[c]'), 0.17247900484491424)"
r_0820_b,2,0.19423509081706752,2740,77,"(('s_1422[c]',), 0.2555842981977102)",2926,"(('s_0362[c]', 's_0529[c]'), 0.3323431556880842)",73150,"(('s_1620[c]', 's_0362[c]', 's_0529[c]'), 0.4253456029435565)"
r_1258_b,2,0.524371973122949,2740,79,"(('s_0837[c]',), 0.6083629865579406)",3081,"(('s_1198[c]', 's_1324[e]'), 0.7446925319055764)",79079,"(('s_0373[c]', 's_0629[c]', 's_0362[c]'), 0.7888442088724144)"
r_4226_b,2,-0.2043330294107863,2740,67,"(('s_1620[c]',), 0.012970853820418737)",2211,"(('s_1616[c]', 's_0767[c]'), 0.11824207888117858)",47905,"(('s_0373[c]', 's_1620[c]', 's_0767[c]'), 0.165929875650306)"
r_4330_b,3,-0.19050600168072868,2739,57,"(('s_0557[c]',), 0.6282178337689295)",1596,"(('s_0362[c]', 's_3119[erm]'), 0.7106025111511909)",29260,"(('s_0362[c]', 's_3119[erm]', 's_0557[c]'), 0.8129959082058719)"
r_0015,3,0.05899617958876622,2739,83,"(('s_1032[c]',), 0.4227087585920398)",3403,"(('s_0551[c]', 's_0581[c]'), 0.6507817092210539)",91881,"(('s_0951[c]', 's_0993[m]', 's_1210[m]'), 0.7982969002534694)"
r_0489,2,-1.1395841838190333,2740,77,"(('s_0188[c]',), -1.1454128475369993)",2926,"(('s_1198[c]', 's_1324[e]'), 0.22034824554439644)",73150,"(('s_3129[mm]', 's_1198[c]', 's_1324[e]'), 0.2790467429332367)"
r_0663_f,2,-61.903897650443284,2740,90,"(('s_0359[c]',), -5.9757376231286825)",4005,"(('s_0445[c]', 's_0068[m]'), 0.44719107615170983)",117480,"(('s_0373[c]', 's_0725[c]', 's_0233[m]'), 0.3386003430468503)"
r_2305_f,2,0.1725269526969072,2740,58,"(('s_1324[e]',), 0.4128592381161038)",1653,"(('s_1324[e]', 's_0993[m]'), 0.5163323013029688)",30856,"(('s_1442[c]', 's_1324[e]', 's_0993[m]'), 0.5111654777457367)"
r_2332,2,0.3752433398110987,2740,87,"(('s_0376[m]',), 0.4436869121526472)",3741,"(('s_0955[c]', 's_1056[c]'), 0.6279395756200004)",105995,"(('s_0725[c]', 's_1266[c]', 's_0529[c]'), 0.6710216497543943)"
r_2336,2,-0.014984709478098778,2740,88,"(('s_0796[e]',), -0.026635475290948653)",3828,"(('s_1003[c]', 's_0419[c]'), 0.6161025157661298)",109736,"(('s_0955[c]', 's_1487[c]', 's_0419[c]'), 0.6273157391971587)"
r_1126_b,2,-216.09398934900773,2740,97,"(('s_1324[e]',), -26.226828458726608)",4656,"(('s_1032[c]', 's_0837[c]'), 0.1948796540939331)",147440,"(('s_0557[c]', 's_1032[c]', 's_0837[c]'), 0.18181798067234672)"
r_1254_b,2,-6990.671220935049,2740,222,"(('s_1042[m]',), -4.456513233742431)",24531,"(('s_0421[m]', 's_1488[m]'), -4.456544786536707)",1798940,"(('s_0421[m]', 's_1488[m]', 's_0307[m]'), -4.4565447865366465)"
r_0029,2,-2.6313652550046305,2740,62,"(('s_0767[c]',), -1.476148115203619)",1891,"(('s_0725[c]', 's_0767[c]'), -0.4520678623871716)",37820,"(('s_0767[c]', 's_0955[c]', 's_0629[c]'), 0.15857003133560466)"
r_0663_b,2,-2.1790636661179046,2740,67,"(('s_0767[c]',), -0.22692418973866674)",2211,"(('s_0767[c]', 's_0837[c]'), 0.3946275790505294)",47905,"(('s_0767[c]', 's_0260[c]', 's_1324[e]'), 0.497908341216835)"
r_0699_b,2,-2.4759346506013165,2740,62,"(('s_0767[c]',), -0.8096813186644356)",1891,"(('s_1616[c]', 's_0767[c]'), 0.19806902757574432)",37820,"(('s_0767[c]', 's_0568[c]', 's_0529[c]'), 0.36932250641772546)"
r_0718,2,-6.551348187528609,2740,86,"(('s_1233[c]',), -2.1870028333183664)",3655,"(('s_0551[c]', 's_1233[c]'), -0.5930611438452591)",102340,"(('s_0955[c]', 's_0551[c]', 's_0441[c]'), 0.38343888394269043)"
r_1112_b,2,-10.752804321791459,2740,53,"(('s_1377[c]',), -0.3201502609145703)",1378,"(('s_1210[m]', 's_1324[e]'), 0.6435505246686122)",23426,"(('s_1182[m]', 's_1324[e]', 's_0993[m]'), 0.7992447951759435)"
